company_name,company_shortname,company_email,company_phone,location,location_lat,location_long,item_id,item_name,tags,image_count,quality_score,availability_count,availability_next_week,availability_next_30days,availability_next_60days,availability_next_90days,availability_next_180days,calendar_link,calendar_script,regular_link,image_url
Speakeasy Murder,speakeasymurder,hello@speakeasymurder.com,623-270-5115,United States/Florida/Orlando,,,659257,Speakeasy Murder Mystery Dinner Show in Orlando,Theater,4,87,54,3,13,34,54,105,https://fareharbor.com/embeds/calendar/speakeasymurder/items/659257/?asn=fhdn&asn-ref=miamistylerentals&ref=miamistylerentals&bookable-only=yes&full-items=yes&marketplace=yes&flow=no,"<script src=""https://fareharbor.com/embeds/script/calendar/speakeasymurder/items/659257/?asn=fhdn&asn-ref=miamistylerentals&ref=miamistylerentals&bookable-only=yes&full-items=yes&marketplace=yes&flow=no""></script>",https://fareharbor.com/embeds/book/speakeasymurder/items/659257/?asn=fhdn&asn-ref=miamistylerentals&ref=miamistylerentals&bookable-only=yes&full-items=yes&marketplace=yes&flow=no,https://cdn.filestackcontent.com/A8Lf6pVQo2iec00vhMbQ
Epic Paddle Adventures,epicpaddleadventures,epicpaddleadventures@gmail.com,(407) 300-8781,United States/Florida/Silver Springs,-82.055297,29.212358,329501,Manatees and Monkeys Clear Kayak or Paddleboard Adventure at Silver Springs,Attraction-Kayak-SUP-Transportation,17,76,270,21,90,180,270,540,https://fareharbor.com/embeds/calendar/epicpaddleadventures/items/329501/?asn=fhdn&asn-ref=miamistylerentals&ref=miamistylerentals&bookable-only=yes&full-items=yes&marketplace=yes&flow=no,"<script src=""https://fareharbor.com/embeds/script/calendar/epicpaddleadventures/items/329501/?asn=fhdn&asn-ref=miamistylerentals&ref=miamistylerentals&bookable-only=yes&full-items=yes&marketplace=yes&flow=no""></script>",https://fareharbor.com/embeds/book/epicpaddleadventures/items/329501/?asn=fhdn&asn-ref=miamistylerentals&ref=miamistylerentals&bookable-only=yes&full-items=yes&marketplace=yes&flow=no,https://cdn.filestackcontent.com/K4PcqRbqQSutSNNoph25
Epic Paddle Adventures,epicpaddleadventures,epicpaddleadventures@gmail.com,(407) 300-8781,United States/Florida/Silver Springs,-82.055297,29.212358,565620,Clear Kayak Gator Tour at Silver Springs,Water Activities,13,74,270,21,90,180,270,540,https://fareharbor.com/embeds/calendar/epicpaddleadventures/items/565620/?asn=fhdn&asn-ref=miamistylerentals&ref=miamistylerentals&bookable-only=yes&full-items=yes&marketplace=yes&flow=no,"<script src=""https://fareharbor.com/embeds/script/calendar/epicpaddleadventures/items/565620/?asn=fhdn&asn-ref=miamistylerentals&ref=miamistylerentals&bookable-only=yes&full-items=yes&marketplace=yes&flow=no""></script>",https://fareharbor.com/embeds/book/epicpaddleadventures/items/565620/?asn=fhdn&asn-ref=miamistylerentals&ref=miamistylerentals&bookable-only=yes&full-items=yes&marketplace=yes&flow=no,https://cdn.filestackcontent.com/pLTB9kPWSGqUPSnFEDoH
Abstract Orlando,abstractorlando,info@abstractorlando.com,6893488239,United States/Florida/Orlando,,,270765,Fluid Art Experience,Workshop,5,73,259,20,79,173,259,509,https://fareharbor.com/embeds/calendar/abstractorlando/items/270765/?asn=fhdn&asn-ref=miamistylerentals&ref=miamistylerentals&bookable-only=yes&full-items=yes&marketplace=yes&flow=no,"<script src=""https://fareharbor.com/embeds/script/calendar/abstractorlando/items/270765/?asn=fhdn&asn-ref=miamistylerentals&ref=miamistylerentals&bookable-only=yes&full-items=yes&marketplace=yes&flow=no""></script>",https://fareharbor.com/embeds/book/abstractorlando/items/270765/?asn=fhdn&asn-ref=miamistylerentals&ref=miamistylerentals&bookable-only=yes&full-items=yes&marketplace=yes&flow=no,
Epic Paddle Adventures,epicpaddleadventures,epicpaddleadventures@gmail.com,(407) 300-8781,United States/Florida/Orlando,-81.372967,28.565505,329466,LED Glow in the Dark Clear Kayak or Paddleboard in Urban Paradise​ Orlando,Boat Tour-Kayak-SUP-Transportation,13,73,176,13,58,119,176,356,https://fareharbor.com/embeds/calendar/epicpaddleadventures/items/329466/?asn=fhdn&asn-ref=miamistylerentals&ref=miamistylerentals&bookable-only=yes&full-items=yes&marketplace=yes&flow=no,"<script src=""https://fareharbor.com/embeds/script/calendar/epicpaddleadventures/items/329466/?asn=fhdn&asn-ref=miamistylerentals&ref=miamistylerentals&bookable-only=yes&full-items=yes&marketplace=yes&flow=no""></script>",https://fareharbor.com/embeds/book/epicpaddleadventures/items/329466/?asn=fhdn&asn-ref=miamistylerentals&ref=miamistylerentals&bookable-only=yes&full-items=yes&marketplace=yes&flow=no,https://cdn.filestackcontent.com/uANETw8VSo3F4TrF50ak
Epic Paddle Adventures,epicpaddleadventures,epicpaddleadventures@gmail.com,(407) 300-8781,United States/Florida/Merritt Island,-80.811031,28.621524,329467,Bioluminescence Clear Kayak or Paddle Board Tours,Dolphin-Kayak-Transportation,10,73,180,14,60,120,180,339,https://fareharbor.com/embeds/calendar/epicpaddleadventures/items/329467/?asn=fhdn&asn-ref=miamistylerentals&ref=miamistylerentals&bookable-only=yes&full-items=yes&marketplace=yes&flow=no,"<script src=""https://fareharbor.com/embeds/script/calendar/epicpaddleadventures/items/329467/?asn=fhdn&asn-ref=miamistylerentals&ref=miamistylerentals&bookable-only=yes&full-items=yes&marketplace=yes&flow=no""></script>",https://fareharbor.com/embeds/book/epicpaddleadventures/items/329467/?asn=fhdn&asn-ref=miamistylerentals&ref=miamistylerentals&bookable-only=yes&full-items=yes&marketplace=yes&flow=no,
Epic Paddle Adventures,epicpaddleadventures,epicpaddleadventures@gmail.com,(407) 300-8781,United States/Florida/Orlando,-81.372967,28.565505,329469,Paddle with Pups in Paradise - Paddleboard or Clear Kayak Orlando,City Tour-Kayak-SUP-Transportation,11,73,264,16,85,175,264,533,https://fareharbor.com/embeds/calendar/epicpaddleadventures/items/329469/?asn=fhdn&asn-ref=miamistylerentals&ref=miamistylerentals&bookable-only=yes&full-items=yes&marketplace=yes&flow=no,"<script src=""https://fareharbor.com/embeds/script/calendar/epicpaddleadventures/items/329469/?asn=fhdn&asn-ref=miamistylerentals&ref=miamistylerentals&bookable-only=yes&full-items=yes&marketplace=yes&flow=no""></script>",https://fareharbor.com/embeds/book/epicpaddleadventures/items/329469/?asn=fhdn&asn-ref=miamistylerentals&ref=miamistylerentals&bookable-only=yes&full-items=yes&marketplace=yes&flow=no,https://cdn.filestackcontent.com/96ZT4UWTPiA9wq2Qd5Vg
Epic Paddle Adventures,epicpaddleadventures,epicpaddleadventures@gmail.com,(407) 300-8781,United States/Florida/Orlando,-81.372967,28.565505,329487,Urban Clear Kayak or Paddleboard in Paradise Tour Orlando,Boat Tour-Kayak-SUP-Transportation,15,73,534,37,175,355,534,1073,https://fareharbor.com/embeds/calendar/epicpaddleadventures/items/329487/?asn=fhdn&asn-ref=miamistylerentals&ref=miamistylerentals&bookable-only=yes&full-items=yes&marketplace=yes&flow=no,"<script src=""https://fareharbor.com/embeds/script/calendar/epicpaddleadventures/items/329487/?asn=fhdn&asn-ref=miamistylerentals&ref=miamistylerentals&bookable-only=yes&full-items=yes&marketplace=yes&flow=no""></script>",https://fareharbor.com/embeds/book/epicpaddleadventures/items/329487/?asn=fhdn&asn-ref=miamistylerentals&ref=miamistylerentals&bookable-only=yes&full-items=yes&marketplace=yes&flow=no,https://cdn.filestackcontent.com/HRKJZYAvSVqezFb6p3CF
Epic Paddle Adventures,epicpaddleadventures,epicpaddleadventures@gmail.com,(407) 300-8781,United States/Florida/Merritt Island,-80.811031,28.621524,329496,Dolphin and Manatee Clear Kayak or Paddle board Adventure,Dolphin-Kayak-SUP-Transportation,16,73,268,19,88,178,268,538,https://fareharbor.com/embeds/calendar/epicpaddleadventures/items/329496/?asn=fhdn&asn-ref=miamistylerentals&ref=miamistylerentals&bookable-only=yes&full-items=yes&marketplace=yes&flow=no,"<script src=""https://fareharbor.com/embeds/script/calendar/epicpaddleadventures/items/329496/?asn=fhdn&asn-ref=miamistylerentals&ref=miamistylerentals&bookable-only=yes&full-items=yes&marketplace=yes&flow=no""></script>",https://fareharbor.com/embeds/book/epicpaddleadventures/items/329496/?asn=fhdn&asn-ref=miamistylerentals&ref=miamistylerentals&bookable-only=yes&full-items=yes&marketplace=yes&flow=no,https://cdn.filestackcontent.com/rBLzg8hQil59SNEOu85g
Epic Paddle Adventures,epicpaddleadventures,epicpaddleadventures@gmail.com,(407) 300-8781,United States/Florida/Orlando,-81.372967,28.565505,329516,2-Hour RENTAL Clear Kayaks & Paddleboards in Orlando,Kayak-SUP-Transportation,11,73,808,61,268,538,808,1620,https://fareharbor.com/embeds/calendar/epicpaddleadventures/items/329516/?asn=fhdn&asn-ref=miamistylerentals&ref=miamistylerentals&bookable-only=yes&full-items=yes&marketplace=yes&flow=no,"<script src=""https://fareharbor.com/embeds/script/calendar/epicpaddleadventures/items/329516/?asn=fhdn&asn-ref=miamistylerentals&ref=miamistylerentals&bookable-only=yes&full-items=yes&marketplace=yes&flow=no""></script>",https://fareharbor.com/embeds/book/epicpaddleadventures/items/329516/?asn=fhdn&asn-ref=miamistylerentals&ref=miamistylerentals&bookable-only=yes&full-items=yes&marketplace=yes&flow=no,https://cdn.filestackcontent.com/UDr45R1DQuyLow1dXjxw
Epic Paddle Adventures,epicpaddleadventures,epicpaddleadventures@gmail.com,(407) 300-8781,United States/Florida/Orlando,-81.372967,28.565505,332236,Sunset Clear Kayak or Paddleboard in Paradise Orlando,Kayak-SUP-Transportation,13,73,87,7,29,59,87,177,https://fareharbor.com/embeds/calendar/epicpaddleadventures/items/332236/?asn=fhdn&asn-ref=miamistylerentals&ref=miamistylerentals&bookable-only=yes&full-items=yes&marketplace=yes&flow=no,"<script src=""https://fareharbor.com/embeds/script/calendar/epicpaddleadventures/items/332236/?asn=fhdn&asn-ref=miamistylerentals&ref=miamistylerentals&bookable-only=yes&full-items=yes&marketplace=yes&flow=no""></script>",https://fareharbor.com/embeds/book/epicpaddleadventures/items/332236/?asn=fhdn&asn-ref=miamistylerentals&ref=miamistylerentals&bookable-only=yes&full-items=yes&marketplace=yes&flow=no,https://cdn.filestackcontent.com/Xmg8z77ASwa9Ibp01DX6
Epic Paddle Adventures,epicpaddleadventures,epicpaddleadventures@gmail.com,(407) 300-8781,United States/Florida/Orlando,-81.372967,28.565505,333279,Date Night Neon Glow Clear Kayak or Paddleboard & Champagne Orlando,Bike Tour-E-Bike-Kayak-Sightseeing Tour-SUP,10,73,176,13,58,119,176,356,https://fareharbor.com/embeds/calendar/epicpaddleadventures/items/333279/?asn=fhdn&asn-ref=miamistylerentals&ref=miamistylerentals&bookable-only=yes&full-items=yes&marketplace=yes&flow=no,"<script src=""https://fareharbor.com/embeds/script/calendar/epicpaddleadventures/items/333279/?asn=fhdn&asn-ref=miamistylerentals&ref=miamistylerentals&bookable-only=yes&full-items=yes&marketplace=yes&flow=no""></script>",https://fareharbor.com/embeds/book/epicpaddleadventures/items/333279/?asn=fhdn&asn-ref=miamistylerentals&ref=miamistylerentals&bookable-only=yes&full-items=yes&marketplace=yes&flow=no,https://cdn.filestackcontent.com/LRpu9FH3Tu2ZCUdGCgaK
Get Up and Go Kayaking - Winter Park,getupandgokayaking-winterpark,support@getupandgokayaking.com,407-584-3185,United States/Florida/Winter Park,,,112206,Winter Park Chain of Lakes Clear Kayak Tour,Guided Tour-Kayak-Water Activities,5,72,496,21,143,323,496,837,https://fareharbor.com/embeds/calendar/getupandgokayaking-winterpark/items/112206/?asn=fhdn&asn-ref=miamistylerentals&ref=miamistylerentals&bookable-only=yes&full-items=yes&marketplace=yes&flow=no,"<script src=""https://fareharbor.com/embeds/script/calendar/getupandgokayaking-winterpark/items/112206/?asn=fhdn&asn-ref=miamistylerentals&ref=miamistylerentals&bookable-only=yes&full-items=yes&marketplace=yes&flow=no""></script>",https://fareharbor.com/embeds/book/getupandgokayaking-winterpark/items/112206/?asn=fhdn&asn-ref=miamistylerentals&ref=miamistylerentals&bookable-only=yes&full-items=yes&marketplace=yes&flow=no,https://cdn.filestackcontent.com/JYvecwXEQxClBL6yCgX0
Otter Paddle Orlando,otterpaddleorlando,info@otterpaddleorlando.com,407-952-2481,United States/Florida/Silver Springs,-82.053232,29.216219,434702,Silver Springs Paddle Tour,SUP,14,72,148,6,46,98,148,304,https://fareharbor.com/embeds/calendar/otterpaddleorlando/items/434702/?asn=fhdn&asn-ref=miamistylerentals&ref=miamistylerentals&bookable-only=yes&full-items=yes&marketplace=yes&flow=no,"<script src=""https://fareharbor.com/embeds/script/calendar/otterpaddleorlando/items/434702/?asn=fhdn&asn-ref=miamistylerentals&ref=miamistylerentals&bookable-only=yes&full-items=yes&marketplace=yes&flow=no""></script>",https://fareharbor.com/embeds/book/otterpaddleorlando/items/434702/?asn=fhdn&asn-ref=miamistylerentals&ref=miamistylerentals&bookable-only=yes&full-items=yes&marketplace=yes&flow=no,
Otter Paddle Orlando,otterpaddleorlando,info@otterpaddleorlando.com,407-952-2481,United States/Florida/Dunnellon,-82.429445,29.086769,434709,Rainbow Springs Paddle Tour,SUP,11,72,148,6,46,98,148,304,https://fareharbor.com/embeds/calendar/otterpaddleorlando/items/434709/?asn=fhdn&asn-ref=miamistylerentals&ref=miamistylerentals&bookable-only=yes&full-items=yes&marketplace=yes&flow=no,"<script src=""https://fareharbor.com/embeds/script/calendar/otterpaddleorlando/items/434709/?asn=fhdn&asn-ref=miamistylerentals&ref=miamistylerentals&bookable-only=yes&full-items=yes&marketplace=yes&flow=no""></script>",https://fareharbor.com/embeds/book/otterpaddleorlando/items/434709/?asn=fhdn&asn-ref=miamistylerentals&ref=miamistylerentals&bookable-only=yes&full-items=yes&marketplace=yes&flow=no,
Otter Paddle Orlando,otterpaddleorlando,info@otterpaddleorlando.com,407-952-2481,United States/Florida/Dunnellon,-82.429445,29.086769,463827,Rainbow Springs Waterfall Hike Paddle Tour,Hiking-SUP,17,72,148,6,46,98,148,304,https://fareharbor.com/embeds/calendar/otterpaddleorlando/items/463827/?asn=fhdn&asn-ref=miamistylerentals&ref=miamistylerentals&bookable-only=yes&full-items=yes&marketplace=yes&flow=no,"<script src=""https://fareharbor.com/embeds/script/calendar/otterpaddleorlando/items/463827/?asn=fhdn&asn-ref=miamistylerentals&ref=miamistylerentals&bookable-only=yes&full-items=yes&marketplace=yes&flow=no""></script>",https://fareharbor.com/embeds/book/otterpaddleorlando/items/463827/?asn=fhdn&asn-ref=miamistylerentals&ref=miamistylerentals&bookable-only=yes&full-items=yes&marketplace=yes&flow=no,
Venture Outdoors,ventureoutdoorsllc,astrid@ventureoutdoorsflorida.com,1-407-267-9950,United States/Florida/Sorrento,-81.428091,28.819246,341524,Nature Escape Kayak Adventure on Blackwater Creek,Kayak,13,71,90,7,30,60,90,180,https://fareharbor.com/embeds/calendar/ventureoutdoorsllc/items/341524/?asn=fhdn&asn-ref=miamistylerentals&ref=miamistylerentals&bookable-only=yes&full-items=yes&marketplace=yes&flow=no,"<script src=""https://fareharbor.com/embeds/script/calendar/ventureoutdoorsllc/items/341524/?asn=fhdn&asn-ref=miamistylerentals&ref=miamistylerentals&bookable-only=yes&full-items=yes&marketplace=yes&flow=no""></script>",https://fareharbor.com/embeds/book/ventureoutdoorsllc/items/341524/?asn=fhdn&asn-ref=miamistylerentals&ref=miamistylerentals&bookable-only=yes&full-items=yes&marketplace=yes&flow=no,https://cdn.filestackcontent.com/fgZHkRvCQ1ey8X1CfnWF
Venture Outdoors,ventureoutdoorsllc,astrid@ventureoutdoorsflorida.com,1-407-267-9950,United States/Florida/PT CANAVERAL,-80.643693,28.40548,386486,Bioluminescence Kayak Adventure,Dolphin-Kayak,6,71,180,14,60,120,180,272,https://fareharbor.com/embeds/calendar/ventureoutdoorsllc/items/386486/?asn=fhdn&asn-ref=miamistylerentals&ref=miamistylerentals&bookable-only=yes&full-items=yes&marketplace=yes&flow=no,"<script src=""https://fareharbor.com/embeds/script/calendar/ventureoutdoorsllc/items/386486/?asn=fhdn&asn-ref=miamistylerentals&ref=miamistylerentals&bookable-only=yes&full-items=yes&marketplace=yes&flow=no""></script>",https://fareharbor.com/embeds/book/ventureoutdoorsllc/items/386486/?asn=fhdn&asn-ref=miamistylerentals&ref=miamistylerentals&bookable-only=yes&full-items=yes&marketplace=yes&flow=no,https://cdn.filestackcontent.com/fREKxq7MSV6l3BQailEA
Otter Paddle Orlando,otterpaddleorlando,info@otterpaddleorlando.com,407-952-2481,United States/Florida/Winter Park,-81.345537,28.610643,434706,Winter Park Paddle Tour,SUP,13,70,222,9,69,147,222,456,https://fareharbor.com/embeds/calendar/otterpaddleorlando/items/434706/?asn=fhdn&asn-ref=miamistylerentals&ref=miamistylerentals&bookable-only=yes&full-items=yes&marketplace=yes&flow=no,"<script src=""https://fareharbor.com/embeds/script/calendar/otterpaddleorlando/items/434706/?asn=fhdn&asn-ref=miamistylerentals&ref=miamistylerentals&bookable-only=yes&full-items=yes&marketplace=yes&flow=no""></script>",https://fareharbor.com/embeds/book/otterpaddleorlando/items/434706/?asn=fhdn&asn-ref=miamistylerentals&ref=miamistylerentals&bookable-only=yes&full-items=yes&marketplace=yes&flow=no,
Wandering Palm,wanderingpalmadventures,tracy@wanderingpalmadventures.com,1-407-476-1694,United States/Florida/Orlando,-81.373073,28.561902,329843,Food Tour of Orlando's Ivanhoe Village,Food Tour-Wine,12,67,23,2,8,15,23,47,https://fareharbor.com/embeds/calendar/wanderingpalmadventures/items/329843/?asn=fhdn&asn-ref=miamistylerentals&ref=miamistylerentals&bookable-only=yes&full-items=yes&marketplace=yes&flow=no,"<script src=""https://fareharbor.com/embeds/script/calendar/wanderingpalmadventures/items/329843/?asn=fhdn&asn-ref=miamistylerentals&ref=miamistylerentals&bookable-only=yes&full-items=yes&marketplace=yes&flow=no""></script>",https://fareharbor.com/embeds/book/wanderingpalmadventures/items/329843/?asn=fhdn&asn-ref=miamistylerentals&ref=miamistylerentals&bookable-only=yes&full-items=yes&marketplace=yes&flow=no,
Otter Paddle Orlando,otterpaddleorlando,info@otterpaddleorlando.com,407-952-2481,United States/Florida/Merritt Island,-80.677417,28.361161,463278,Bioluminescence Paddle Tour,SUP,5,67,74,3,23,49,74,141,https://fareharbor.com/embeds/calendar/otterpaddleorlando/items/463278/?asn=fhdn&asn-ref=miamistylerentals&ref=miamistylerentals&bookable-only=yes&full-items=yes&marketplace=yes&flow=no,"<script src=""https://fareharbor.com/embeds/script/calendar/otterpaddleorlando/items/463278/?asn=fhdn&asn-ref=miamistylerentals&ref=miamistylerentals&bookable-only=yes&full-items=yes&marketplace=yes&flow=no""></script>",https://fareharbor.com/embeds/book/otterpaddleorlando/items/463278/?asn=fhdn&asn-ref=miamistylerentals&ref=miamistylerentals&bookable-only=yes&full-items=yes&marketplace=yes&flow=no,
Chocolate Kingdom,chocolatekingdom,info@chocolatekingdom.com,407-705-3475,United States/Florida/Orlando,,,631786,Factory Adventure Tour,Factory Tour,5,67,448,35,149,299,448,898,https://fareharbor.com/embeds/calendar/chocolatekingdom/items/631786/?asn=fhdn&asn-ref=miamistylerentals&ref=miamistylerentals&bookable-only=yes&full-items=yes&marketplace=yes&flow=no,"<script src=""https://fareharbor.com/embeds/script/calendar/chocolatekingdom/items/631786/?asn=fhdn&asn-ref=miamistylerentals&ref=miamistylerentals&bookable-only=yes&full-items=yes&marketplace=yes&flow=no""></script>",https://fareharbor.com/embeds/book/chocolatekingdom/items/631786/?asn=fhdn&asn-ref=miamistylerentals&ref=miamistylerentals&bookable-only=yes&full-items=yes&marketplace=yes&flow=no,https://cdn.filestackcontent.com/iojkcEmuR7W1Y68XXjl7
All Guest Services,allguestservices,orders@allguest.com,1.800.393.1775,United States/Florida/Orlando,,,65110,Merlin 7 Florida Attraction,,7,65,73,7,30,60,73,74,https://fareharbor.com/embeds/calendar/allguestservices/items/65110/?asn=fhdn&asn-ref=miamistylerentals&ref=miamistylerentals&bookable-only=yes&full-items=yes&marketplace=yes&flow=no,"<script src=""https://fareharbor.com/embeds/script/calendar/allguestservices/items/65110/?asn=fhdn&asn-ref=miamistylerentals&ref=miamistylerentals&bookable-only=yes&full-items=yes&marketplace=yes&flow=no""></script>",https://fareharbor.com/embeds/book/allguestservices/items/65110/?asn=fhdn&asn-ref=miamistylerentals&ref=miamistylerentals&bookable-only=yes&full-items=yes&marketplace=yes&flow=no,https://cdn.filestackcontent.com/LNu0m3ZfQguOkQL4iqqD
Dollar Off Drinks,dollaroffdrinks,help@dollaroffdrinks.com,407-550-3631,United States/Florida/Orlando,,,95367,Dollar Off Drinks Card,Service,6,65,90,7,30,60,90,180,https://fareharbor.com/embeds/calendar/dollaroffdrinks/items/95367/?asn=fhdn&asn-ref=miamistylerentals&ref=miamistylerentals&bookable-only=yes&full-items=yes&marketplace=yes&flow=no,"<script src=""https://fareharbor.com/embeds/script/calendar/dollaroffdrinks/items/95367/?asn=fhdn&asn-ref=miamistylerentals&ref=miamistylerentals&bookable-only=yes&full-items=yes&marketplace=yes&flow=no""></script>",https://fareharbor.com/embeds/book/dollaroffdrinks/items/95367/?asn=fhdn&asn-ref=miamistylerentals&ref=miamistylerentals&bookable-only=yes&full-items=yes&marketplace=yes&flow=no,https://cdn.filestackcontent.com/1viVY2aKTUGKOOoFfmBF
Real Florida Adventures,realfloridaadventures,reservations@realfloridaadventures.com,407-573-2535,United States/Florida/Orlando,-81.46875,28.443623,254237,The Real Florida Manatee Adventure,Boat Tour,7,65,0,0,0,0,0,0,https://fareharbor.com/embeds/calendar/realfloridaadventures/items/254237/?asn=fhdn&asn-ref=miamistylerentals&ref=miamistylerentals&bookable-only=yes&full-items=yes&marketplace=yes&flow=no,"<script src=""https://fareharbor.com/embeds/script/calendar/realfloridaadventures/items/254237/?asn=fhdn&asn-ref=miamistylerentals&ref=miamistylerentals&bookable-only=yes&full-items=yes&marketplace=yes&flow=no""></script>",https://fareharbor.com/embeds/book/realfloridaadventures/items/254237/?asn=fhdn&asn-ref=miamistylerentals&ref=miamistylerentals&bookable-only=yes&full-items=yes&marketplace=yes&flow=no,https://cdn.filestackcontent.com/VG9doa7cRaaeJiPIegvw
Real Florida Adventures,realfloridaadventures,reservations@realfloridaadventures.com,407-573-2535,United States/Florida/Orlando,-81.46875,28.443623,254239,Kennedy Space Center Adventure,Boat Tour,5,65,0,0,0,0,0,0,https://fareharbor.com/embeds/calendar/realfloridaadventures/items/254239/?asn=fhdn&asn-ref=miamistylerentals&ref=miamistylerentals&bookable-only=yes&full-items=yes&marketplace=yes&flow=no,"<script src=""https://fareharbor.com/embeds/script/calendar/realfloridaadventures/items/254239/?asn=fhdn&asn-ref=miamistylerentals&ref=miamistylerentals&bookable-only=yes&full-items=yes&marketplace=yes&flow=no""></script>",https://fareharbor.com/embeds/book/realfloridaadventures/items/254239/?asn=fhdn&asn-ref=miamistylerentals&ref=miamistylerentals&bookable-only=yes&full-items=yes&marketplace=yes&flow=no,https://cdn.filestackcontent.com/oZJphVuBQ562Pq7SMi7s
Real Florida Adventures,realfloridaadventures,reservations@realfloridaadventures.com,407-573-2535,United States/Florida/Orlando,-81.46875,28.443623,254240,Kennedy Space Center Ultimate Adventure,Boat Tour,7,65,0,0,0,0,0,0,https://fareharbor.com/embeds/calendar/realfloridaadventures/items/254240/?asn=fhdn&asn-ref=miamistylerentals&ref=miamistylerentals&bookable-only=yes&full-items=yes&marketplace=yes&flow=no,"<script src=""https://fareharbor.com/embeds/script/calendar/realfloridaadventures/items/254240/?asn=fhdn&asn-ref=miamistylerentals&ref=miamistylerentals&bookable-only=yes&full-items=yes&marketplace=yes&flow=no""></script>",https://fareharbor.com/embeds/book/realfloridaadventures/items/254240/?asn=fhdn&asn-ref=miamistylerentals&ref=miamistylerentals&bookable-only=yes&full-items=yes&marketplace=yes&flow=no,https://cdn.filestackcontent.com/1kKai6OnSIuK5ZtClKQW
Real Florida Adventures,realfloridaadventures,reservations@realfloridaadventures.com,407-573-2535,United States/Florida/Orlando,-81.46875,28.443623,254242,Kennedy Space Center Adventure and CHAT with an Astronaut,Boat Tour,7,65,0,0,0,0,0,0,https://fareharbor.com/embeds/calendar/realfloridaadventures/items/254242/?asn=fhdn&asn-ref=miamistylerentals&ref=miamistylerentals&bookable-only=yes&full-items=yes&marketplace=yes&flow=no,"<script src=""https://fareharbor.com/embeds/script/calendar/realfloridaadventures/items/254242/?asn=fhdn&asn-ref=miamistylerentals&ref=miamistylerentals&bookable-only=yes&full-items=yes&marketplace=yes&flow=no""></script>",https://fareharbor.com/embeds/book/realfloridaadventures/items/254242/?asn=fhdn&asn-ref=miamistylerentals&ref=miamistylerentals&bookable-only=yes&full-items=yes&marketplace=yes&flow=no,https://cdn.filestackcontent.com/p6wwc6l5QBGawYgt2dtq
Real Florida Adventures,realfloridaadventures,reservations@realfloridaadventures.com,407-573-2535,United States/Florida/Orlando,-81.46875,28.443623,254243,Kennedy Space Center with Airboat Adventure,Airboat,7,65,0,0,0,0,0,0,https://fareharbor.com/embeds/calendar/realfloridaadventures/items/254243/?asn=fhdn&asn-ref=miamistylerentals&ref=miamistylerentals&bookable-only=yes&full-items=yes&marketplace=yes&flow=no,"<script src=""https://fareharbor.com/embeds/script/calendar/realfloridaadventures/items/254243/?asn=fhdn&asn-ref=miamistylerentals&ref=miamistylerentals&bookable-only=yes&full-items=yes&marketplace=yes&flow=no""></script>",https://fareharbor.com/embeds/book/realfloridaadventures/items/254243/?asn=fhdn&asn-ref=miamistylerentals&ref=miamistylerentals&bookable-only=yes&full-items=yes&marketplace=yes&flow=no,https://cdn.filestackcontent.com/79o71uigTC25Eevxv1lt
Real Florida Adventures,realfloridaadventures,reservations@realfloridaadventures.com,407-573-2535,United States/Florida/Orlando,-81.46875,28.443623,254244,Clearwater Beach Adventure With Lunch,Boat Tour,7,65,0,0,0,0,0,0,https://fareharbor.com/embeds/calendar/realfloridaadventures/items/254244/?asn=fhdn&asn-ref=miamistylerentals&ref=miamistylerentals&bookable-only=yes&full-items=yes&marketplace=yes&flow=no,"<script src=""https://fareharbor.com/embeds/script/calendar/realfloridaadventures/items/254244/?asn=fhdn&asn-ref=miamistylerentals&ref=miamistylerentals&bookable-only=yes&full-items=yes&marketplace=yes&flow=no""></script>",https://fareharbor.com/embeds/book/realfloridaadventures/items/254244/?asn=fhdn&asn-ref=miamistylerentals&ref=miamistylerentals&bookable-only=yes&full-items=yes&marketplace=yes&flow=no,https://cdn.filestackcontent.com/7PlDeIQ4SNyhnRuVfD0A
Real Florida Adventures,realfloridaadventures,reservations@realfloridaadventures.com,407-573-2535,United States/Florida/Orlando,-81.46875,28.443623,254248,Clearwater Beach Dolphin Speedboat Adventure with Lunch,Boat Tour-Dolphin-Marina-Transportation,7,65,0,0,0,0,0,0,https://fareharbor.com/embeds/calendar/realfloridaadventures/items/254248/?asn=fhdn&asn-ref=miamistylerentals&ref=miamistylerentals&bookable-only=yes&full-items=yes&marketplace=yes&flow=no,"<script src=""https://fareharbor.com/embeds/script/calendar/realfloridaadventures/items/254248/?asn=fhdn&asn-ref=miamistylerentals&ref=miamistylerentals&bookable-only=yes&full-items=yes&marketplace=yes&flow=no""></script>",https://fareharbor.com/embeds/book/realfloridaadventures/items/254248/?asn=fhdn&asn-ref=miamistylerentals&ref=miamistylerentals&bookable-only=yes&full-items=yes&marketplace=yes&flow=no,https://cdn.filestackcontent.com/jKk83IhySOaY9k7zVDZq
Real Florida Adventures,realfloridaadventures,reservations@realfloridaadventures.com,407-573-2535,United States/Florida/Orlando,-81.46875,28.443623,254253,Clearwater Beach Marine Aquarium Adventure with Lunch,Aquarium-Attraction-Dolphin-Transportation,7,65,0,0,0,0,0,0,https://fareharbor.com/embeds/calendar/realfloridaadventures/items/254253/?asn=fhdn&asn-ref=miamistylerentals&ref=miamistylerentals&bookable-only=yes&full-items=yes&marketplace=yes&flow=no,"<script src=""https://fareharbor.com/embeds/script/calendar/realfloridaadventures/items/254253/?asn=fhdn&asn-ref=miamistylerentals&ref=miamistylerentals&bookable-only=yes&full-items=yes&marketplace=yes&flow=no""></script>",https://fareharbor.com/embeds/book/realfloridaadventures/items/254253/?asn=fhdn&asn-ref=miamistylerentals&ref=miamistylerentals&bookable-only=yes&full-items=yes&marketplace=yes&flow=no,https://cdn.filestackcontent.com/EvTgDwSmTtyMEmy9TfKw
Real Florida Adventures,realfloridaadventures,reservations@realfloridaadventures.com,407-573-2535,United States/Florida/Orlando,-81.46875,28.443623,254254,Clearwater Beach Transport Only,Boat Tour,6,65,0,0,0,0,0,0,https://fareharbor.com/embeds/calendar/realfloridaadventures/items/254254/?asn=fhdn&asn-ref=miamistylerentals&ref=miamistylerentals&bookable-only=yes&full-items=yes&marketplace=yes&flow=no,"<script src=""https://fareharbor.com/embeds/script/calendar/realfloridaadventures/items/254254/?asn=fhdn&asn-ref=miamistylerentals&ref=miamistylerentals&bookable-only=yes&full-items=yes&marketplace=yes&flow=no""></script>",https://fareharbor.com/embeds/book/realfloridaadventures/items/254254/?asn=fhdn&asn-ref=miamistylerentals&ref=miamistylerentals&bookable-only=yes&full-items=yes&marketplace=yes&flow=no,https://cdn.filestackcontent.com/mcXDanBrTWayJjbqUCVp
Real Florida Adventures,realfloridaadventures,reservations@realfloridaadventures.com,407-573-2535,United States/Florida/Orlando,-81.46875,28.443623,254261,Clearwater Beach Deep Sea Fishing Adventure with Lunch,Attraction-Fishing-Marina-Transportation,5,65,0,0,0,0,0,0,https://fareharbor.com/embeds/calendar/realfloridaadventures/items/254261/?asn=fhdn&asn-ref=miamistylerentals&ref=miamistylerentals&bookable-only=yes&full-items=yes&marketplace=yes&flow=no,"<script src=""https://fareharbor.com/embeds/script/calendar/realfloridaadventures/items/254261/?asn=fhdn&asn-ref=miamistylerentals&ref=miamistylerentals&bookable-only=yes&full-items=yes&marketplace=yes&flow=no""></script>",https://fareharbor.com/embeds/book/realfloridaadventures/items/254261/?asn=fhdn&asn-ref=miamistylerentals&ref=miamistylerentals&bookable-only=yes&full-items=yes&marketplace=yes&flow=no,https://cdn.filestackcontent.com/md60RjsWRNu2m3DhH9WC
Real Florida Adventures,realfloridaadventures,reservations@realfloridaadventures.com,407-573-2535,United States/Florida/Orlando,-81.46875,28.443623,254262,Clearwater Beach Pirate Cruise Adventure with Lunch,Attraction-Boat Tour-Dolphin-Food Tour-Marina-Sailing-Transportation-Walking Tour-Wine,6,65,0,0,0,0,0,0,https://fareharbor.com/embeds/calendar/realfloridaadventures/items/254262/?asn=fhdn&asn-ref=miamistylerentals&ref=miamistylerentals&bookable-only=yes&full-items=yes&marketplace=yes&flow=no,"<script src=""https://fareharbor.com/embeds/script/calendar/realfloridaadventures/items/254262/?asn=fhdn&asn-ref=miamistylerentals&ref=miamistylerentals&bookable-only=yes&full-items=yes&marketplace=yes&flow=no""></script>",https://fareharbor.com/embeds/book/realfloridaadventures/items/254262/?asn=fhdn&asn-ref=miamistylerentals&ref=miamistylerentals&bookable-only=yes&full-items=yes&marketplace=yes&flow=no,https://cdn.filestackcontent.com/syqV06sQzCL1csxIsOgw
Real Florida Adventures,realfloridaadventures,reservations@realfloridaadventures.com,407-573-2535,United States/Florida/Orlando,-81.46875,28.443623,271301,PRIVATE Kennedy Space Center Adventure,Boat Tour,5,65,0,0,0,0,0,0,https://fareharbor.com/embeds/calendar/realfloridaadventures/items/271301/?asn=fhdn&asn-ref=miamistylerentals&ref=miamistylerentals&bookable-only=yes&full-items=yes&marketplace=yes&flow=no,"<script src=""https://fareharbor.com/embeds/script/calendar/realfloridaadventures/items/271301/?asn=fhdn&asn-ref=miamistylerentals&ref=miamistylerentals&bookable-only=yes&full-items=yes&marketplace=yes&flow=no""></script>",https://fareharbor.com/embeds/book/realfloridaadventures/items/271301/?asn=fhdn&asn-ref=miamistylerentals&ref=miamistylerentals&bookable-only=yes&full-items=yes&marketplace=yes&flow=no,https://cdn.filestackcontent.com/yl9kDLPRRRim34W3jHrs
Real Florida Adventures,realfloridaadventures,reservations@realfloridaadventures.com,407-573-2535,United States/Florida/Merritt Island,-80.681541,28.521897,277901,Kennedy Space Center Admission Ticket,Boat Tour,5,65,0,0,0,0,0,0,https://fareharbor.com/embeds/calendar/realfloridaadventures/items/277901/?asn=fhdn&asn-ref=miamistylerentals&ref=miamistylerentals&bookable-only=yes&full-items=yes&marketplace=yes&flow=no,"<script src=""https://fareharbor.com/embeds/script/calendar/realfloridaadventures/items/277901/?asn=fhdn&asn-ref=miamistylerentals&ref=miamistylerentals&bookable-only=yes&full-items=yes&marketplace=yes&flow=no""></script>",https://fareharbor.com/embeds/book/realfloridaadventures/items/277901/?asn=fhdn&asn-ref=miamistylerentals&ref=miamistylerentals&bookable-only=yes&full-items=yes&marketplace=yes&flow=no,https://cdn.filestackcontent.com/PkEm9wSqQFeGABTjrsDg
Real Florida Adventures,realfloridaadventures,reservations@realfloridaadventures.com,407-573-2535,United States/Florida/Orlando,-81.46875,28.443623,285080,PRIVATE Clearwater Beach Adventure with Lunch,Boat Tour,5,65,0,0,0,0,0,0,https://fareharbor.com/embeds/calendar/realfloridaadventures/items/285080/?asn=fhdn&asn-ref=miamistylerentals&ref=miamistylerentals&bookable-only=yes&full-items=yes&marketplace=yes&flow=no,"<script src=""https://fareharbor.com/embeds/script/calendar/realfloridaadventures/items/285080/?asn=fhdn&asn-ref=miamistylerentals&ref=miamistylerentals&bookable-only=yes&full-items=yes&marketplace=yes&flow=no""></script>",https://fareharbor.com/embeds/book/realfloridaadventures/items/285080/?asn=fhdn&asn-ref=miamistylerentals&ref=miamistylerentals&bookable-only=yes&full-items=yes&marketplace=yes&flow=no,https://cdn.filestackcontent.com/nt59ZIXvSp6gvRrhYFpP
Real Florida Adventures,realfloridaadventures,reservations@realfloridaadventures.com,407-573-2535,United States/Florida/Orlando,-81.46875,28.443623,285090,PRIVATE Real Florida Manatee Adventure,Boat Tour,6,65,0,0,0,0,0,0,https://fareharbor.com/embeds/calendar/realfloridaadventures/items/285090/?asn=fhdn&asn-ref=miamistylerentals&ref=miamistylerentals&bookable-only=yes&full-items=yes&marketplace=yes&flow=no,"<script src=""https://fareharbor.com/embeds/script/calendar/realfloridaadventures/items/285090/?asn=fhdn&asn-ref=miamistylerentals&ref=miamistylerentals&bookable-only=yes&full-items=yes&marketplace=yes&flow=no""></script>",https://fareharbor.com/embeds/book/realfloridaadventures/items/285090/?asn=fhdn&asn-ref=miamistylerentals&ref=miamistylerentals&bookable-only=yes&full-items=yes&marketplace=yes&flow=no,https://cdn.filestackcontent.com/X9PBHTvTTEK5tm4vQQQi
Real Florida Adventures,realfloridaadventures,reservations@realfloridaadventures.com,407-573-2535,United States/Florida/Orlando,-81.378927,28.538383,290231,Shingle Creek Guided Kayak Adventure,Kayak,6,65,0,0,0,0,0,0,https://fareharbor.com/embeds/calendar/realfloridaadventures/items/290231/?asn=fhdn&asn-ref=miamistylerentals&ref=miamistylerentals&bookable-only=yes&full-items=yes&marketplace=yes&flow=no,"<script src=""https://fareharbor.com/embeds/script/calendar/realfloridaadventures/items/290231/?asn=fhdn&asn-ref=miamistylerentals&ref=miamistylerentals&bookable-only=yes&full-items=yes&marketplace=yes&flow=no""></script>",https://fareharbor.com/embeds/book/realfloridaadventures/items/290231/?asn=fhdn&asn-ref=miamistylerentals&ref=miamistylerentals&bookable-only=yes&full-items=yes&marketplace=yes&flow=no,https://cdn.filestackcontent.com/VyHBvvxkQ2CpgWUg5BB0
Real Florida Adventures,realfloridaadventures,reservations@realfloridaadventures.com,407-573-2535,United States/Florida/Jacksonville,-81.659153,30.329757,308806,Jacksonville Jaguars NFL Adventure From Orlando,Boat Tour,6,65,0,0,0,0,0,0,https://fareharbor.com/embeds/calendar/realfloridaadventures/items/308806/?asn=fhdn&asn-ref=miamistylerentals&ref=miamistylerentals&bookable-only=yes&full-items=yes&marketplace=yes&flow=no,"<script src=""https://fareharbor.com/embeds/script/calendar/realfloridaadventures/items/308806/?asn=fhdn&asn-ref=miamistylerentals&ref=miamistylerentals&bookable-only=yes&full-items=yes&marketplace=yes&flow=no""></script>",https://fareharbor.com/embeds/book/realfloridaadventures/items/308806/?asn=fhdn&asn-ref=miamistylerentals&ref=miamistylerentals&bookable-only=yes&full-items=yes&marketplace=yes&flow=no,https://cdn.filestackcontent.com/isawm6KhTRGLNnvH6N8a
Real Florida Adventures,realfloridaadventures,reservations@realfloridaadventures.com,407-573-2535,United States/Florida/Orlando,-81.431331,28.498678,329221,Boggy Creek Airboat Ride Adventures & Transport,Airboat-Transportation-Wildlife,6,65,0,0,0,0,0,0,https://fareharbor.com/embeds/calendar/realfloridaadventures/items/329221/?asn=fhdn&asn-ref=miamistylerentals&ref=miamistylerentals&bookable-only=yes&full-items=yes&marketplace=yes&flow=no,"<script src=""https://fareharbor.com/embeds/script/calendar/realfloridaadventures/items/329221/?asn=fhdn&asn-ref=miamistylerentals&ref=miamistylerentals&bookable-only=yes&full-items=yes&marketplace=yes&flow=no""></script>",https://fareharbor.com/embeds/book/realfloridaadventures/items/329221/?asn=fhdn&asn-ref=miamistylerentals&ref=miamistylerentals&bookable-only=yes&full-items=yes&marketplace=yes&flow=no,https://cdn.filestackcontent.com/W8IwAyfRCi5ulp1HiMuW
Real Florida Adventures,realfloridaadventures,reservations@realfloridaadventures.com,407-573-2535,United States/Florida/Orlando,-81.378927,28.538383,334342,Orlando Magic 21-22 WITH TRANSPORT,Events-Food Tour-Transportation,7,65,0,0,0,0,0,0,https://fareharbor.com/embeds/calendar/realfloridaadventures/items/334342/?asn=fhdn&asn-ref=miamistylerentals&ref=miamistylerentals&bookable-only=yes&full-items=yes&marketplace=yes&flow=no,"<script src=""https://fareharbor.com/embeds/script/calendar/realfloridaadventures/items/334342/?asn=fhdn&asn-ref=miamistylerentals&ref=miamistylerentals&bookable-only=yes&full-items=yes&marketplace=yes&flow=no""></script>",https://fareharbor.com/embeds/book/realfloridaadventures/items/334342/?asn=fhdn&asn-ref=miamistylerentals&ref=miamistylerentals&bookable-only=yes&full-items=yes&marketplace=yes&flow=no,https://cdn.filestackcontent.com/RMFUcmYiTCqKupLHBuFM
Real Florida Adventures,realfloridaadventures,reservations@realfloridaadventures.com,407-573-2535,United States/Florida/Orlando,-81.378927,28.538383,334398,Orlando Magic 21-22 TICKET ONLY,Attraction-Events-Transportation,7,65,0,0,0,0,0,0,https://fareharbor.com/embeds/calendar/realfloridaadventures/items/334398/?asn=fhdn&asn-ref=miamistylerentals&ref=miamistylerentals&bookable-only=yes&full-items=yes&marketplace=yes&flow=no,"<script src=""https://fareharbor.com/embeds/script/calendar/realfloridaadventures/items/334398/?asn=fhdn&asn-ref=miamistylerentals&ref=miamistylerentals&bookable-only=yes&full-items=yes&marketplace=yes&flow=no""></script>",https://fareharbor.com/embeds/book/realfloridaadventures/items/334398/?asn=fhdn&asn-ref=miamistylerentals&ref=miamistylerentals&bookable-only=yes&full-items=yes&marketplace=yes&flow=no,https://cdn.filestackcontent.com/b9G0HttrT3i11rI6zPpw
Real Florida Adventures,realfloridaadventures,reservations@realfloridaadventures.com,407-573-2535,United States/Florida/Orlando,-81.378927,28.538383,384962,Florida Cup Arsenal vs Chelsea,Transportation,5,65,0,0,0,0,0,0,https://fareharbor.com/embeds/calendar/realfloridaadventures/items/384962/?asn=fhdn&asn-ref=miamistylerentals&ref=miamistylerentals&bookable-only=yes&full-items=yes&marketplace=yes&flow=no,"<script src=""https://fareharbor.com/embeds/script/calendar/realfloridaadventures/items/384962/?asn=fhdn&asn-ref=miamistylerentals&ref=miamistylerentals&bookable-only=yes&full-items=yes&marketplace=yes&flow=no""></script>",https://fareharbor.com/embeds/book/realfloridaadventures/items/384962/?asn=fhdn&asn-ref=miamistylerentals&ref=miamistylerentals&bookable-only=yes&full-items=yes&marketplace=yes&flow=no,https://cdn.filestackcontent.com/iP2a4DxGTrmIchLzJvmD
Real Florida Adventures,realfloridaadventures,reservations@realfloridaadventures.com,407-573-2535,United States/Florida/Orlando,-81.378927,28.538383,385317,Florida Cup Orlando City Soccer vs Arsenal,Transportation,5,65,0,0,0,0,0,0,https://fareharbor.com/embeds/calendar/realfloridaadventures/items/385317/?asn=fhdn&asn-ref=miamistylerentals&ref=miamistylerentals&bookable-only=yes&full-items=yes&marketplace=yes&flow=no,"<script src=""https://fareharbor.com/embeds/script/calendar/realfloridaadventures/items/385317/?asn=fhdn&asn-ref=miamistylerentals&ref=miamistylerentals&bookable-only=yes&full-items=yes&marketplace=yes&flow=no""></script>",https://fareharbor.com/embeds/book/realfloridaadventures/items/385317/?asn=fhdn&asn-ref=miamistylerentals&ref=miamistylerentals&bookable-only=yes&full-items=yes&marketplace=yes&flow=no,https://cdn.filestackcontent.com/JPCdVrQjRre8Wmm73Y5Q
Real Florida Adventures,realfloridaadventures,reservations@realfloridaadventures.com,407-573-2535,United States/Florida/Orlando,-81.46875,28.443623,392598,The Real Florida Manatee Snorkel & Lunch,Boat Rental-Boat Tour-Rentals-Snorkel-Transportation,6,65,0,0,0,0,0,0,https://fareharbor.com/embeds/calendar/realfloridaadventures/items/392598/?asn=fhdn&asn-ref=miamistylerentals&ref=miamistylerentals&bookable-only=yes&full-items=yes&marketplace=yes&flow=no,"<script src=""https://fareharbor.com/embeds/script/calendar/realfloridaadventures/items/392598/?asn=fhdn&asn-ref=miamistylerentals&ref=miamistylerentals&bookable-only=yes&full-items=yes&marketplace=yes&flow=no""></script>",https://fareharbor.com/embeds/book/realfloridaadventures/items/392598/?asn=fhdn&asn-ref=miamistylerentals&ref=miamistylerentals&bookable-only=yes&full-items=yes&marketplace=yes&flow=no,https://cdn.filestackcontent.com/JVLn95EzSUK88TPbxQ9H
Real Florida Adventures,realfloridaadventures,reservations@realfloridaadventures.com,407-573-2535,United States/Florida/Orlando,-81.46875,28.443623,491805,Kennedy Space Center Direct Express,Bus Tour-Guided Tour,5,65,0,0,0,0,0,0,https://fareharbor.com/embeds/calendar/realfloridaadventures/items/491805/?asn=fhdn&asn-ref=miamistylerentals&ref=miamistylerentals&bookable-only=yes&full-items=yes&marketplace=yes&flow=no,"<script src=""https://fareharbor.com/embeds/script/calendar/realfloridaadventures/items/491805/?asn=fhdn&asn-ref=miamistylerentals&ref=miamistylerentals&bookable-only=yes&full-items=yes&marketplace=yes&flow=no""></script>",https://fareharbor.com/embeds/book/realfloridaadventures/items/491805/?asn=fhdn&asn-ref=miamistylerentals&ref=miamistylerentals&bookable-only=yes&full-items=yes&marketplace=yes&flow=no,https://cdn.filestackcontent.com/XtEGucCaQElaGbmkx6re
Get Up and Go Kayaking - Winter Park,getupandgokayaking-winterpark,support@getupandgokayaking.com,407-584-3185,United States/Florida/Winter Park,,,505664,Private Winter Park Clear Kayak Tour,Guided Tour-Kayak-Private-Water Activities,3,65,430,26,130,280,430,841,https://fareharbor.com/embeds/calendar/getupandgokayaking-winterpark/items/505664/?asn=fhdn&asn-ref=miamistylerentals&ref=miamistylerentals&bookable-only=yes&full-items=yes&marketplace=yes&flow=no,"<script src=""https://fareharbor.com/embeds/script/calendar/getupandgokayaking-winterpark/items/505664/?asn=fhdn&asn-ref=miamistylerentals&ref=miamistylerentals&bookable-only=yes&full-items=yes&marketplace=yes&flow=no""></script>",https://fareharbor.com/embeds/book/getupandgokayaking-winterpark/items/505664/?asn=fhdn&asn-ref=miamistylerentals&ref=miamistylerentals&bookable-only=yes&full-items=yes&marketplace=yes&flow=no,https://cdn.filestackcontent.com/9GJHxPCcQCSglwqs5qli
Nation Van Rentals - Orlando,orlandovanrentals,info@nationvanrentals.com,4079266984,United States/Florida/Orlando,,,573563,"Shuttle Service (up to 14 passengers), Includes Driver",Shuttle,5,65,3420,266,1140,2280,3420,6838,https://fareharbor.com/embeds/calendar/orlandovanrentals/items/573563/?asn=fhdn&asn-ref=miamistylerentals&ref=miamistylerentals&bookable-only=yes&full-items=yes&marketplace=yes&flow=no,"<script src=""https://fareharbor.com/embeds/script/calendar/orlandovanrentals/items/573563/?asn=fhdn&asn-ref=miamistylerentals&ref=miamistylerentals&bookable-only=yes&full-items=yes&marketplace=yes&flow=no""></script>",https://fareharbor.com/embeds/book/orlandovanrentals/items/573563/?asn=fhdn&asn-ref=miamistylerentals&ref=miamistylerentals&bookable-only=yes&full-items=yes&marketplace=yes&flow=no,https://cdn.filestackcontent.com/HrBDNkLTTPKX93wP5I89
Trident Charters,tridentcharters,reservations@tridentcharters.com,(340) 998-2500,U.S. Virgin Islands/St. Thomas,,,587818,Stardust - BVI Full Day Private Charter,Boat Tour,5,65,90,7,30,60,90,180,https://fareharbor.com/embeds/calendar/tridentcharters/items/587818/?asn=fhdn&asn-ref=miamistylerentals&ref=miamistylerentals&bookable-only=yes&full-items=yes&marketplace=yes&flow=no,"<script src=""https://fareharbor.com/embeds/script/calendar/tridentcharters/items/587818/?asn=fhdn&asn-ref=miamistylerentals&ref=miamistylerentals&bookable-only=yes&full-items=yes&marketplace=yes&flow=no""></script>",https://fareharbor.com/embeds/book/tridentcharters/items/587818/?asn=fhdn&asn-ref=miamistylerentals&ref=miamistylerentals&bookable-only=yes&full-items=yes&marketplace=yes&flow=no,https://cdn.filestackcontent.com/N7eLK0Y5RWiBZ5jXxRx4
New Age Productions - HOM,newageproductions-hom,orders@hunkomania.com,800-681-0277,United States/Florida/Orlando,-81.37762,28.541463,353576,Hunk-O-Mania Male Revue Show - Orlando,Events,5,63,26,2,8,17,26,51,https://fareharbor.com/embeds/calendar/newageproductions-hom/items/353576/?asn=fhdn&asn-ref=miamistylerentals&ref=miamistylerentals&bookable-only=yes&full-items=yes&marketplace=yes&flow=no,"<script src=""https://fareharbor.com/embeds/script/calendar/newageproductions-hom/items/353576/?asn=fhdn&asn-ref=miamistylerentals&ref=miamistylerentals&bookable-only=yes&full-items=yes&marketplace=yes&flow=no""></script>",https://fareharbor.com/embeds/book/newageproductions-hom/items/353576/?asn=fhdn&asn-ref=miamistylerentals&ref=miamistylerentals&bookable-only=yes&full-items=yes&marketplace=yes&flow=no,https://cdn.filestackcontent.com/odRiicBiRvy04JilkzBy
Venture Outdoors,ventureoutdoorsllc,astrid@ventureoutdoorsflorida.com,1-407-267-9950,United States/Florida/Orange City,-81.3423816,28.9425693,341545,Manatee Discovery Tour,Kayak,3,62,272,23,92,182,272,542,https://fareharbor.com/embeds/calendar/ventureoutdoorsllc/items/341545/?asn=fhdn&asn-ref=miamistylerentals&ref=miamistylerentals&bookable-only=yes&full-items=yes&marketplace=yes&flow=no,"<script src=""https://fareharbor.com/embeds/script/calendar/ventureoutdoorsllc/items/341545/?asn=fhdn&asn-ref=miamistylerentals&ref=miamistylerentals&bookable-only=yes&full-items=yes&marketplace=yes&flow=no""></script>",https://fareharbor.com/embeds/book/ventureoutdoorsllc/items/341545/?asn=fhdn&asn-ref=miamistylerentals&ref=miamistylerentals&bookable-only=yes&full-items=yes&marketplace=yes&flow=no,https://cdn.filestackcontent.com/IOTwTte6RHmZLi8qd2aV
Otter Paddle Orlando,otterpaddleorlando,info@otterpaddleorlando.com,407-952-2481,United States/Florida/Silver Springs,-82.053232,29.216219,623370,Silver Springs Shuttle Run Paddle Tour,,16,62,86,3,26,56,86,176,https://fareharbor.com/embeds/calendar/otterpaddleorlando/items/623370/?asn=fhdn&asn-ref=miamistylerentals&ref=miamistylerentals&bookable-only=yes&full-items=yes&marketplace=yes&flow=no,"<script src=""https://fareharbor.com/embeds/script/calendar/otterpaddleorlando/items/623370/?asn=fhdn&asn-ref=miamistylerentals&ref=miamistylerentals&bookable-only=yes&full-items=yes&marketplace=yes&flow=no""></script>",https://fareharbor.com/embeds/book/otterpaddleorlando/items/623370/?asn=fhdn&asn-ref=miamistylerentals&ref=miamistylerentals&bookable-only=yes&full-items=yes&marketplace=yes&flow=no,
All Guest Services,allguestservices,orders@allguest.com,1.800.393.1775,United States/Florida/Orlando,,,65096,Legoland - Florida Single Day Tickets,,4,61,73,7,30,60,73,74,https://fareharbor.com/embeds/calendar/allguestservices/items/65096/?asn=fhdn&asn-ref=miamistylerentals&ref=miamistylerentals&bookable-only=yes&full-items=yes&marketplace=yes&flow=no,"<script src=""https://fareharbor.com/embeds/script/calendar/allguestservices/items/65096/?asn=fhdn&asn-ref=miamistylerentals&ref=miamistylerentals&bookable-only=yes&full-items=yes&marketplace=yes&flow=no""></script>",https://fareharbor.com/embeds/book/allguestservices/items/65096/?asn=fhdn&asn-ref=miamistylerentals&ref=miamistylerentals&bookable-only=yes&full-items=yes&marketplace=yes&flow=no,https://cdn.filestackcontent.com/fHntilkyTe6XFCh4Zg7M
Real Florida Adventures,realfloridaadventures,reservations@realfloridaadventures.com,407-573-2535,United States/Florida/Orlando,-81.46875,28.443623,273816,Kennedy Space Center Transportation ONLY,Boat Tour,4,61,0,0,0,0,0,0,https://fareharbor.com/embeds/calendar/realfloridaadventures/items/273816/?asn=fhdn&asn-ref=miamistylerentals&ref=miamistylerentals&bookable-only=yes&full-items=yes&marketplace=yes&flow=no,"<script src=""https://fareharbor.com/embeds/script/calendar/realfloridaadventures/items/273816/?asn=fhdn&asn-ref=miamistylerentals&ref=miamistylerentals&bookable-only=yes&full-items=yes&marketplace=yes&flow=no""></script>",https://fareharbor.com/embeds/book/realfloridaadventures/items/273816/?asn=fhdn&asn-ref=miamistylerentals&ref=miamistylerentals&bookable-only=yes&full-items=yes&marketplace=yes&flow=no,https://cdn.filestackcontent.com/AiEmnXRaQqo7rTMjXosg
Real Florida Adventures,realfloridaadventures,reservations@realfloridaadventures.com,407-573-2535,United States/Florida/Daytona Beach,-81.01968,29.207103,323973,Coke Zero Sugar 400 NASCAR Race,Transportation,4,61,0,0,0,0,0,0,https://fareharbor.com/embeds/calendar/realfloridaadventures/items/323973/?asn=fhdn&asn-ref=miamistylerentals&ref=miamistylerentals&bookable-only=yes&full-items=yes&marketplace=yes&flow=no,"<script src=""https://fareharbor.com/embeds/script/calendar/realfloridaadventures/items/323973/?asn=fhdn&asn-ref=miamistylerentals&ref=miamistylerentals&bookable-only=yes&full-items=yes&marketplace=yes&flow=no""></script>",https://fareharbor.com/embeds/book/realfloridaadventures/items/323973/?asn=fhdn&asn-ref=miamistylerentals&ref=miamistylerentals&bookable-only=yes&full-items=yes&marketplace=yes&flow=no,https://cdn.filestackcontent.com/yGbVOMHJQTSVOvUwY2MM
Otter Paddle Orlando,otterpaddleorlando,info@otterpaddleorlando.com,407-952-2481,United States/Florida/Belle Isle,-81.339657,28.46198,434771,Paddle Board Rentals,SUP,4,61,74,3,23,49,74,152,https://fareharbor.com/embeds/calendar/otterpaddleorlando/items/434771/?asn=fhdn&asn-ref=miamistylerentals&ref=miamistylerentals&bookable-only=yes&full-items=yes&marketplace=yes&flow=no,"<script src=""https://fareharbor.com/embeds/script/calendar/otterpaddleorlando/items/434771/?asn=fhdn&asn-ref=miamistylerentals&ref=miamistylerentals&bookable-only=yes&full-items=yes&marketplace=yes&flow=no""></script>",https://fareharbor.com/embeds/book/otterpaddleorlando/items/434771/?asn=fhdn&asn-ref=miamistylerentals&ref=miamistylerentals&bookable-only=yes&full-items=yes&marketplace=yes&flow=no,
MCO2Disney,mco2disney,info@mco2disney.com,+18059391971,United States/Florida/Orlando,,,678786,Orlando Airport MCO to Disney Resorts (ONE-WAY PICKUP),Transfer-Private-Transportation,11,61,3690,287,1230,2460,3690,7378,https://fareharbor.com/embeds/calendar/mco2disney/items/678786/?asn=fhdn&asn-ref=miamistylerentals&ref=miamistylerentals&bookable-only=yes&full-items=yes&marketplace=yes&flow=no,"<script src=""https://fareharbor.com/embeds/script/calendar/mco2disney/items/678786/?asn=fhdn&asn-ref=miamistylerentals&ref=miamistylerentals&bookable-only=yes&full-items=yes&marketplace=yes&flow=no""></script>",https://fareharbor.com/embeds/book/mco2disney/items/678786/?asn=fhdn&asn-ref=miamistylerentals&ref=miamistylerentals&bookable-only=yes&full-items=yes&marketplace=yes&flow=no,
MCO2Disney,mco2disney,info@mco2disney.com,+18059391971,United States/Florida/Orlando,,,681621,Disney Resorts to Orlando Airport MCO (Roundtrip Return),Transfer-Private-Transportation,5,61,3960,308,1320,2640,3960,7918,https://fareharbor.com/embeds/calendar/mco2disney/items/681621/?asn=fhdn&asn-ref=miamistylerentals&ref=miamistylerentals&bookable-only=yes&full-items=yes&marketplace=yes&flow=no,"<script src=""https://fareharbor.com/embeds/script/calendar/mco2disney/items/681621/?asn=fhdn&asn-ref=miamistylerentals&ref=miamistylerentals&bookable-only=yes&full-items=yes&marketplace=yes&flow=no""></script>",https://fareharbor.com/embeds/book/mco2disney/items/681621/?asn=fhdn&asn-ref=miamistylerentals&ref=miamistylerentals&bookable-only=yes&full-items=yes&marketplace=yes&flow=no,https://cdn.filestackcontent.com/wBQwmkO2RbSikDJeHS1b
International Heli-Tours,orlandohelitours,info@orlandohelitours.com,407-239-8687,United States/Florida/Orlando,-81.485338,28.384652,118216,Grand Park Adventure Tour • Orlando,Air Activities,2,60,270,21,90,180,270,539,https://fareharbor.com/embeds/calendar/orlandohelitours/items/118216/?asn=fhdn&asn-ref=miamistylerentals&ref=miamistylerentals&bookable-only=yes&full-items=yes&marketplace=yes&flow=no,"<script src=""https://fareharbor.com/embeds/script/calendar/orlandohelitours/items/118216/?asn=fhdn&asn-ref=miamistylerentals&ref=miamistylerentals&bookable-only=yes&full-items=yes&marketplace=yes&flow=no""></script>",https://fareharbor.com/embeds/book/orlandohelitours/items/118216/?asn=fhdn&asn-ref=miamistylerentals&ref=miamistylerentals&bookable-only=yes&full-items=yes&marketplace=yes&flow=no,https://cdn.filestackcontent.com/sxnJu7SVR5intuNANciw
Wandering Palm,wanderingpalmadventures,tracy@wanderingpalmadventures.com,1-407-476-1694,United States/Florida/Orlando,-81.3515,28.545327,261047,Orlando's Milk District Eats Food Tour,Food Tour,13,60,25,1,8,17,25,51,https://fareharbor.com/embeds/calendar/wanderingpalmadventures/items/261047/?asn=fhdn&asn-ref=miamistylerentals&ref=miamistylerentals&bookable-only=yes&full-items=yes&marketplace=yes&flow=no,"<script src=""https://fareharbor.com/embeds/script/calendar/wanderingpalmadventures/items/261047/?asn=fhdn&asn-ref=miamistylerentals&ref=miamistylerentals&bookable-only=yes&full-items=yes&marketplace=yes&flow=no""></script>",https://fareharbor.com/embeds/book/wanderingpalmadventures/items/261047/?asn=fhdn&asn-ref=miamistylerentals&ref=miamistylerentals&bookable-only=yes&full-items=yes&marketplace=yes&flow=no,
A Harrowing Escape,aharrowingescape,support@aharrowingescape.com,407-270-5444,United States/Florida/Orlando,,,344958,The Woods (Private Experience),Escape Room,1,60,860,67,284,572,860,1719,https://fareharbor.com/embeds/calendar/aharrowingescape/items/344958/?asn=fhdn&asn-ref=miamistylerentals&ref=miamistylerentals&bookable-only=yes&full-items=yes&marketplace=yes&flow=no,"<script src=""https://fareharbor.com/embeds/script/calendar/aharrowingescape/items/344958/?asn=fhdn&asn-ref=miamistylerentals&ref=miamistylerentals&bookable-only=yes&full-items=yes&marketplace=yes&flow=no""></script>",https://fareharbor.com/embeds/book/aharrowingescape/items/344958/?asn=fhdn&asn-ref=miamistylerentals&ref=miamistylerentals&bookable-only=yes&full-items=yes&marketplace=yes&flow=no,
International Heli-Tours,orlandohelitours,info@orlandohelitours.com,407-239-8687,United States/Florida/Orlando,-81.485338,28.384652,118187,Disney Spectacular Tour • Orlando,Air Activities,2,59,270,21,90,180,270,539,https://fareharbor.com/embeds/calendar/orlandohelitours/items/118187/?asn=fhdn&asn-ref=miamistylerentals&ref=miamistylerentals&bookable-only=yes&full-items=yes&marketplace=yes&flow=no,"<script src=""https://fareharbor.com/embeds/script/calendar/orlandohelitours/items/118187/?asn=fhdn&asn-ref=miamistylerentals&ref=miamistylerentals&bookable-only=yes&full-items=yes&marketplace=yes&flow=no""></script>",https://fareharbor.com/embeds/book/orlandohelitours/items/118187/?asn=fhdn&asn-ref=miamistylerentals&ref=miamistylerentals&bookable-only=yes&full-items=yes&marketplace=yes&flow=no,https://cdn.filestackcontent.com/V0DVNVkLTzOU01m7c5Xm
International Heli-Tours,orlandohelitours,info@orlandohelitours.com,407-239-8687,United States/Florida/Orlando,-81.485338,28.384652,118192,SeaWorld & Universal Combo Tour • Orlando,Air Activities,2,59,270,21,90,180,270,537,https://fareharbor.com/embeds/calendar/orlandohelitours/items/118192/?asn=fhdn&asn-ref=miamistylerentals&ref=miamistylerentals&bookable-only=yes&full-items=yes&marketplace=yes&flow=no,"<script src=""https://fareharbor.com/embeds/script/calendar/orlandohelitours/items/118192/?asn=fhdn&asn-ref=miamistylerentals&ref=miamistylerentals&bookable-only=yes&full-items=yes&marketplace=yes&flow=no""></script>",https://fareharbor.com/embeds/book/orlandohelitours/items/118192/?asn=fhdn&asn-ref=miamistylerentals&ref=miamistylerentals&bookable-only=yes&full-items=yes&marketplace=yes&flow=no,https://cdn.filestackcontent.com/VaQ3XbfNQyuwMvdIyZ0v
International Heli-Tours,orlandohelitours,info@orlandohelitours.com,407-239-8687,United States/Florida/Orlando,-81.485338,28.384652,118215,Disney & SeaWorld Combo Tour • Orlando,Air Activities,2,59,270,21,90,180,270,540,https://fareharbor.com/embeds/calendar/orlandohelitours/items/118215/?asn=fhdn&asn-ref=miamistylerentals&ref=miamistylerentals&bookable-only=yes&full-items=yes&marketplace=yes&flow=no,"<script src=""https://fareharbor.com/embeds/script/calendar/orlandohelitours/items/118215/?asn=fhdn&asn-ref=miamistylerentals&ref=miamistylerentals&bookable-only=yes&full-items=yes&marketplace=yes&flow=no""></script>",https://fareharbor.com/embeds/book/orlandohelitours/items/118215/?asn=fhdn&asn-ref=miamistylerentals&ref=miamistylerentals&bookable-only=yes&full-items=yes&marketplace=yes&flow=no,https://cdn.filestackcontent.com/dFgLAeyQbuQWENFVCTug
Pirates Dinner Adventure - Orlando,piratesdinneradventure-orlando,customerservicefl@pirates-town.com,407-206-5102,United States/Florida/Orlando,,,199076,General Admission Tickets,Theater,3,59,115,9,37,76,115,229,https://fareharbor.com/embeds/calendar/piratesdinneradventure-orlando/items/199076/?asn=fhdn&asn-ref=miamistylerentals&ref=miamistylerentals&bookable-only=yes&full-items=yes&marketplace=yes&flow=no,"<script src=""https://fareharbor.com/embeds/script/calendar/piratesdinneradventure-orlando/items/199076/?asn=fhdn&asn-ref=miamistylerentals&ref=miamistylerentals&bookable-only=yes&full-items=yes&marketplace=yes&flow=no""></script>",https://fareharbor.com/embeds/book/piratesdinneradventure-orlando/items/199076/?asn=fhdn&asn-ref=miamistylerentals&ref=miamistylerentals&bookable-only=yes&full-items=yes&marketplace=yes&flow=no,https://cdn.filestackcontent.com/29RjItXmToa97JOSJ1fA
Pirates Dinner Adventure - Orlando,piratesdinneradventure-orlando,customerservicefl@pirates-town.com,407-206-5102,United States/Florida/Orlando,,,199406,VIP Tickets,Theater,3,59,103,8,34,69,103,204,https://fareharbor.com/embeds/calendar/piratesdinneradventure-orlando/items/199406/?asn=fhdn&asn-ref=miamistylerentals&ref=miamistylerentals&bookable-only=yes&full-items=yes&marketplace=yes&flow=no,"<script src=""https://fareharbor.com/embeds/script/calendar/piratesdinneradventure-orlando/items/199406/?asn=fhdn&asn-ref=miamistylerentals&ref=miamistylerentals&bookable-only=yes&full-items=yes&marketplace=yes&flow=no""></script>",https://fareharbor.com/embeds/book/piratesdinneradventure-orlando/items/199406/?asn=fhdn&asn-ref=miamistylerentals&ref=miamistylerentals&bookable-only=yes&full-items=yes&marketplace=yes&flow=no,https://cdn.filestackcontent.com/EV5cebISS2QH3JjZ2GoA
Pirates Dinner Adventure - Orlando,piratesdinneradventure-orlando,customerservicefl@pirates-town.com,407-206-5102,United States/Florida/Orlando,,,199409,Treasure Tickets,Theater,3,59,115,9,37,76,115,229,https://fareharbor.com/embeds/calendar/piratesdinneradventure-orlando/items/199409/?asn=fhdn&asn-ref=miamistylerentals&ref=miamistylerentals&bookable-only=yes&full-items=yes&marketplace=yes&flow=no,"<script src=""https://fareharbor.com/embeds/script/calendar/piratesdinneradventure-orlando/items/199409/?asn=fhdn&asn-ref=miamistylerentals&ref=miamistylerentals&bookable-only=yes&full-items=yes&marketplace=yes&flow=no""></script>",https://fareharbor.com/embeds/book/piratesdinneradventure-orlando/items/199409/?asn=fhdn&asn-ref=miamistylerentals&ref=miamistylerentals&bookable-only=yes&full-items=yes&marketplace=yes&flow=no,https://cdn.filestackcontent.com/qzp39obmTHSMoR5glRZL
A Harrowing Escape,aharrowingescape,support@aharrowingescape.com,407-270-5444,United States/Florida/Orlando,,,344945,A Frigid Flight (Private Experience),Escape Room,1,59,860,67,284,572,860,1719,https://fareharbor.com/embeds/calendar/aharrowingescape/items/344945/?asn=fhdn&asn-ref=miamistylerentals&ref=miamistylerentals&bookable-only=yes&full-items=yes&marketplace=yes&flow=no,"<script src=""https://fareharbor.com/embeds/script/calendar/aharrowingescape/items/344945/?asn=fhdn&asn-ref=miamistylerentals&ref=miamistylerentals&bookable-only=yes&full-items=yes&marketplace=yes&flow=no""></script>",https://fareharbor.com/embeds/book/aharrowingescape/items/344945/?asn=fhdn&asn-ref=miamistylerentals&ref=miamistylerentals&bookable-only=yes&full-items=yes&marketplace=yes&flow=no,
Abstract Orlando,abstractorlando,info@abstractorlando.com,6893488239,United States/Florida/Orlando,,,405381,Kids Art Experience,Private,1,59,260,20,80,174,260,510,https://fareharbor.com/embeds/calendar/abstractorlando/items/405381/?asn=fhdn&asn-ref=miamistylerentals&ref=miamistylerentals&bookable-only=yes&full-items=yes&marketplace=yes&flow=no,"<script src=""https://fareharbor.com/embeds/script/calendar/abstractorlando/items/405381/?asn=fhdn&asn-ref=miamistylerentals&ref=miamistylerentals&bookable-only=yes&full-items=yes&marketplace=yes&flow=no""></script>",https://fareharbor.com/embeds/book/abstractorlando/items/405381/?asn=fhdn&asn-ref=miamistylerentals&ref=miamistylerentals&bookable-only=yes&full-items=yes&marketplace=yes&flow=no,
Stroke of Art,stroke-of-art,info@stroke-of-art.com,14079007501,United States/Florida/Orlando,-81.469162,28.440177,625240,Potter Wheel Orlando,Paint and Sip,3,59,153,12,54,102,153,306,https://fareharbor.com/embeds/calendar/stroke-of-art/items/625240/?asn=fhdn&asn-ref=miamistylerentals&ref=miamistylerentals&bookable-only=yes&full-items=yes&marketplace=yes&flow=no,"<script src=""https://fareharbor.com/embeds/script/calendar/stroke-of-art/items/625240/?asn=fhdn&asn-ref=miamistylerentals&ref=miamistylerentals&bookable-only=yes&full-items=yes&marketplace=yes&flow=no""></script>",https://fareharbor.com/embeds/book/stroke-of-art/items/625240/?asn=fhdn&asn-ref=miamistylerentals&ref=miamistylerentals&bookable-only=yes&full-items=yes&marketplace=yes&flow=no,https://cdn.filestackcontent.com/1zcALhuWTqKVqMJXo88p
Fabulous Buses,fabulousbuses,info@fabulousbuses.com,(407)885-1252,United States/Florida/Orlando,-81.603105,28.352421,288560,Holiday Inn Disney Springs: Animal Kingdom,Shuttle,3,57,900,70,300,600,900,1799,https://fareharbor.com/embeds/calendar/fabulousbuses/items/288560/?asn=fhdn&asn-ref=miamistylerentals&ref=miamistylerentals&bookable-only=yes&full-items=yes&marketplace=yes&flow=no,"<script src=""https://fareharbor.com/embeds/script/calendar/fabulousbuses/items/288560/?asn=fhdn&asn-ref=miamistylerentals&ref=miamistylerentals&bookable-only=yes&full-items=yes&marketplace=yes&flow=no""></script>",https://fareharbor.com/embeds/book/fabulousbuses/items/288560/?asn=fhdn&asn-ref=miamistylerentals&ref=miamistylerentals&bookable-only=yes&full-items=yes&marketplace=yes&flow=no,https://cdn.filestackcontent.com/v1wEZA5DREW53Z3hMxwF
Diva Royale Show,divaroyale,sales@dragqueenshow.com,(917) 633-4943,United States/Florida/Orlando,-81.379892,28.540632,349445,Diva Royale - Drag Queen Show Orlando,Rentals,3,57,52,4,16,34,52,101,https://fareharbor.com/embeds/calendar/divaroyale/items/349445/?asn=fhdn&asn-ref=miamistylerentals&ref=miamistylerentals&bookable-only=yes&full-items=yes&marketplace=yes&flow=no,"<script src=""https://fareharbor.com/embeds/script/calendar/divaroyale/items/349445/?asn=fhdn&asn-ref=miamistylerentals&ref=miamistylerentals&bookable-only=yes&full-items=yes&marketplace=yes&flow=no""></script>",https://fareharbor.com/embeds/book/divaroyale/items/349445/?asn=fhdn&asn-ref=miamistylerentals&ref=miamistylerentals&bookable-only=yes&full-items=yes&marketplace=yes&flow=no,https://cdn.filestackcontent.com/CUUiazJvSFarYBseCMN0
Nation Van Rentals - Orlando,orlandovanrentals,info@nationvanrentals.com,4079266984,United States/Florida/Orlando,-81.313589,28.466876,573556,15 Passenger Van Rental (Orlando Int'l Airport),Shuttle,3,57,1350,105,450,900,1350,2699,https://fareharbor.com/embeds/calendar/orlandovanrentals/items/573556/?asn=fhdn&asn-ref=miamistylerentals&ref=miamistylerentals&bookable-only=yes&full-items=yes&marketplace=yes&flow=no,"<script src=""https://fareharbor.com/embeds/script/calendar/orlandovanrentals/items/573556/?asn=fhdn&asn-ref=miamistylerentals&ref=miamistylerentals&bookable-only=yes&full-items=yes&marketplace=yes&flow=no""></script>",https://fareharbor.com/embeds/book/orlandovanrentals/items/573556/?asn=fhdn&asn-ref=miamistylerentals&ref=miamistylerentals&bookable-only=yes&full-items=yes&marketplace=yes&flow=no,https://cdn.filestackcontent.com/4dbjng8ZRkqoY7USTUQq
Trident Charters,tridentcharters,reservations@tridentcharters.com,(340) 998-2500,U.S. Virgin Islands/St. Thomas,,,587819,Stardust - USVI Private Charter,Boat Tour,3,57,270,21,90,180,270,540,https://fareharbor.com/embeds/calendar/tridentcharters/items/587819/?asn=fhdn&asn-ref=miamistylerentals&ref=miamistylerentals&bookable-only=yes&full-items=yes&marketplace=yes&flow=no,"<script src=""https://fareharbor.com/embeds/script/calendar/tridentcharters/items/587819/?asn=fhdn&asn-ref=miamistylerentals&ref=miamistylerentals&bookable-only=yes&full-items=yes&marketplace=yes&flow=no""></script>",https://fareharbor.com/embeds/book/tridentcharters/items/587819/?asn=fhdn&asn-ref=miamistylerentals&ref=miamistylerentals&bookable-only=yes&full-items=yes&marketplace=yes&flow=no,https://cdn.filestackcontent.com/E31OXnkQjGx2uFJzwKcB
Otter Paddle Orlando,otterpaddleorlando,info@otterpaddleorlando.com,407-952-2481,United States/Florida/Merritt Island,-80.677417,28.361161,631084,Dolphin & Manatee Paddle Tour,,10,57,74,3,23,49,74,152,https://fareharbor.com/embeds/calendar/otterpaddleorlando/items/631084/?asn=fhdn&asn-ref=miamistylerentals&ref=miamistylerentals&bookable-only=yes&full-items=yes&marketplace=yes&flow=no,"<script src=""https://fareharbor.com/embeds/script/calendar/otterpaddleorlando/items/631084/?asn=fhdn&asn-ref=miamistylerentals&ref=miamistylerentals&bookable-only=yes&full-items=yes&marketplace=yes&flow=no""></script>",https://fareharbor.com/embeds/book/otterpaddleorlando/items/631084/?asn=fhdn&asn-ref=miamistylerentals&ref=miamistylerentals&bookable-only=yes&full-items=yes&marketplace=yes&flow=no,
Advance Mobility,advancemobilityusa,info@advancemobilityusa.com,954-238-2623,United States/Florida/Orlando,,,715426,Drive Scout 3,Rentals,1,57,308,24,104,208,308,620,https://fareharbor.com/embeds/calendar/advancemobilityusa/items/715426/?asn=fhdn&asn-ref=miamistylerentals&ref=miamistylerentals&bookable-only=yes&full-items=yes&marketplace=yes&flow=no,"<script src=""https://fareharbor.com/embeds/script/calendar/advancemobilityusa/items/715426/?asn=fhdn&asn-ref=miamistylerentals&ref=miamistylerentals&bookable-only=yes&full-items=yes&marketplace=yes&flow=no""></script>",https://fareharbor.com/embeds/book/advancemobilityusa/items/715426/?asn=fhdn&asn-ref=miamistylerentals&ref=miamistylerentals&bookable-only=yes&full-items=yes&marketplace=yes&flow=no,
Advance Mobility,advancemobilityusa,info@advancemobilityusa.com,954-238-2623,United States/Florida/Orlando,,,715431,Drive Scout 4,Rentals,1,57,308,24,104,208,308,620,https://fareharbor.com/embeds/calendar/advancemobilityusa/items/715431/?asn=fhdn&asn-ref=miamistylerentals&ref=miamistylerentals&bookable-only=yes&full-items=yes&marketplace=yes&flow=no,"<script src=""https://fareharbor.com/embeds/script/calendar/advancemobilityusa/items/715431/?asn=fhdn&asn-ref=miamistylerentals&ref=miamistylerentals&bookable-only=yes&full-items=yes&marketplace=yes&flow=no""></script>",https://fareharbor.com/embeds/book/advancemobilityusa/items/715431/?asn=fhdn&asn-ref=miamistylerentals&ref=miamistylerentals&bookable-only=yes&full-items=yes&marketplace=yes&flow=no,
Venture Outdoors,ventureoutdoorsllc,astrid@ventureoutdoorsflorida.com,1-407-267-9950,United States/Florida/Apopka,-81.504365,28.768214,342392,Eco Kayak Adventure on the Emerald Cut,Kayak,1,56,180,14,60,120,180,360,https://fareharbor.com/embeds/calendar/ventureoutdoorsllc/items/342392/?asn=fhdn&asn-ref=miamistylerentals&ref=miamistylerentals&bookable-only=yes&full-items=yes&marketplace=yes&flow=no,"<script src=""https://fareharbor.com/embeds/script/calendar/ventureoutdoorsllc/items/342392/?asn=fhdn&asn-ref=miamistylerentals&ref=miamistylerentals&bookable-only=yes&full-items=yes&marketplace=yes&flow=no""></script>",https://fareharbor.com/embeds/book/ventureoutdoorsllc/items/342392/?asn=fhdn&asn-ref=miamistylerentals&ref=miamistylerentals&bookable-only=yes&full-items=yes&marketplace=yes&flow=no,https://cdn.filestackcontent.com/zdHy971RnWOH7pIEH5gd
Raised By Water Airboat,raisedbywaterairboatadventures,info@raisedbywaterairboatadventures.com,(407) 906-3270,United States/Florida/Sanford,,,708946,1 Hour Airboat Adventure,Airboat,1,56,720,56,240,480,720,1440,https://fareharbor.com/embeds/calendar/raisedbywaterairboatadventures/items/708946/?asn=fhdn&asn-ref=miamistylerentals&ref=miamistylerentals&bookable-only=yes&full-items=yes&marketplace=yes&flow=no,"<script src=""https://fareharbor.com/embeds/script/calendar/raisedbywaterairboatadventures/items/708946/?asn=fhdn&asn-ref=miamistylerentals&ref=miamistylerentals&bookable-only=yes&full-items=yes&marketplace=yes&flow=no""></script>",https://fareharbor.com/embeds/book/raisedbywaterairboatadventures/items/708946/?asn=fhdn&asn-ref=miamistylerentals&ref=miamistylerentals&bookable-only=yes&full-items=yes&marketplace=yes&flow=no,https://cdn.filestackcontent.com/lGiR6Z6QyGEnKJpUnkAW
Raised By Water Airboat,raisedbywaterairboatadventures,info@raisedbywaterairboatadventures.com,(407) 906-3270,United States/Florida/Sanford,,,708955,2 Hour Airboat Adventure,Airboat,1,56,720,56,240,480,720,1440,https://fareharbor.com/embeds/calendar/raisedbywaterairboatadventures/items/708955/?asn=fhdn&asn-ref=miamistylerentals&ref=miamistylerentals&bookable-only=yes&full-items=yes&marketplace=yes&flow=no,"<script src=""https://fareharbor.com/embeds/script/calendar/raisedbywaterairboatadventures/items/708955/?asn=fhdn&asn-ref=miamistylerentals&ref=miamistylerentals&bookable-only=yes&full-items=yes&marketplace=yes&flow=no""></script>",https://fareharbor.com/embeds/book/raisedbywaterairboatadventures/items/708955/?asn=fhdn&asn-ref=miamistylerentals&ref=miamistylerentals&bookable-only=yes&full-items=yes&marketplace=yes&flow=no,https://cdn.filestackcontent.com/CMvbw0cZQgCsLvqKZUOe
Raised By Water Airboat,raisedbywaterairboatadventures,info@raisedbywaterairboatadventures.com,(407) 906-3270,United States/Florida/Sanford,,,708958,4 Hour Airboat Adventure,Airboat,1,56,360,28,120,240,360,720,https://fareharbor.com/embeds/calendar/raisedbywaterairboatadventures/items/708958/?asn=fhdn&asn-ref=miamistylerentals&ref=miamistylerentals&bookable-only=yes&full-items=yes&marketplace=yes&flow=no,"<script src=""https://fareharbor.com/embeds/script/calendar/raisedbywaterairboatadventures/items/708958/?asn=fhdn&asn-ref=miamistylerentals&ref=miamistylerentals&bookable-only=yes&full-items=yes&marketplace=yes&flow=no""></script>",https://fareharbor.com/embeds/book/raisedbywaterairboatadventures/items/708958/?asn=fhdn&asn-ref=miamistylerentals&ref=miamistylerentals&bookable-only=yes&full-items=yes&marketplace=yes&flow=no,https://cdn.filestackcontent.com/yZM5ZIBTa2BiUS0IOCCE
Raised By Water Airboat,raisedbywaterairboatadventures,info@raisedbywaterairboatadventures.com,(407) 906-3270,United States/Florida/Sanford,,,708964,Sunrise Adventure,Airboat,1,56,90,7,30,60,90,179,https://fareharbor.com/embeds/calendar/raisedbywaterairboatadventures/items/708964/?asn=fhdn&asn-ref=miamistylerentals&ref=miamistylerentals&bookable-only=yes&full-items=yes&marketplace=yes&flow=no,"<script src=""https://fareharbor.com/embeds/script/calendar/raisedbywaterairboatadventures/items/708964/?asn=fhdn&asn-ref=miamistylerentals&ref=miamistylerentals&bookable-only=yes&full-items=yes&marketplace=yes&flow=no""></script>",https://fareharbor.com/embeds/book/raisedbywaterairboatadventures/items/708964/?asn=fhdn&asn-ref=miamistylerentals&ref=miamistylerentals&bookable-only=yes&full-items=yes&marketplace=yes&flow=no,https://cdn.filestackcontent.com/SAW0DoVSlKWkjrmkvWZw
Raised By Water Airboat,raisedbywaterairboatadventures,info@raisedbywaterairboatadventures.com,(407) 906-3270,United States/Florida/Sanford,,,708966,Nighttime Adventure,Airboat,1,56,180,14,60,120,180,360,https://fareharbor.com/embeds/calendar/raisedbywaterairboatadventures/items/708966/?asn=fhdn&asn-ref=miamistylerentals&ref=miamistylerentals&bookable-only=yes&full-items=yes&marketplace=yes&flow=no,"<script src=""https://fareharbor.com/embeds/script/calendar/raisedbywaterairboatadventures/items/708966/?asn=fhdn&asn-ref=miamistylerentals&ref=miamistylerentals&bookable-only=yes&full-items=yes&marketplace=yes&flow=no""></script>",https://fareharbor.com/embeds/book/raisedbywaterairboatadventures/items/708966/?asn=fhdn&asn-ref=miamistylerentals&ref=miamistylerentals&bookable-only=yes&full-items=yes&marketplace=yes&flow=no,https://cdn.filestackcontent.com/8lWYYJ38Q3diTEpxfGsw
International Heli-Tours,orlandohelitours,info@orlandohelitours.com,407-239-8687,United States/Florida/Orlando,-81.485338,28.384652,118220,Celebrity Grand Tour • Orlando,Air Activities,1,55,540,42,180,360,540,1074,https://fareharbor.com/embeds/calendar/orlandohelitours/items/118220/?asn=fhdn&asn-ref=miamistylerentals&ref=miamistylerentals&bookable-only=yes&full-items=yes&marketplace=yes&flow=no,"<script src=""https://fareharbor.com/embeds/script/calendar/orlandohelitours/items/118220/?asn=fhdn&asn-ref=miamistylerentals&ref=miamistylerentals&bookable-only=yes&full-items=yes&marketplace=yes&flow=no""></script>",https://fareharbor.com/embeds/book/orlandohelitours/items/118220/?asn=fhdn&asn-ref=miamistylerentals&ref=miamistylerentals&bookable-only=yes&full-items=yes&marketplace=yes&flow=no,https://cdn.filestackcontent.com/CExaj4xRx2u8n9anuOVg
Venture Outdoors,ventureoutdoorsllc,astrid@ventureoutdoorsflorida.com,1-407-267-9950,United States/Florida/Deltona,-81.2671,28.890946,341572,Smart Start Kayaking Course,Kayak-Water Activities,1,55,180,14,60,120,180,360,https://fareharbor.com/embeds/calendar/ventureoutdoorsllc/items/341572/?asn=fhdn&asn-ref=miamistylerentals&ref=miamistylerentals&bookable-only=yes&full-items=yes&marketplace=yes&flow=no,"<script src=""https://fareharbor.com/embeds/script/calendar/ventureoutdoorsllc/items/341572/?asn=fhdn&asn-ref=miamistylerentals&ref=miamistylerentals&bookable-only=yes&full-items=yes&marketplace=yes&flow=no""></script>",https://fareharbor.com/embeds/book/ventureoutdoorsllc/items/341572/?asn=fhdn&asn-ref=miamistylerentals&ref=miamistylerentals&bookable-only=yes&full-items=yes&marketplace=yes&flow=no,https://cdn.filestackcontent.com/pyXgC3zYTGqOXeh07afX
Real Florida Adventures,realfloridaadventures,reservations@realfloridaadventures.com,407-573-2535,United States/Florida/Orlando,,,393377,Orlando City Soccer Tickets,Attraction-City Tour-Transportation,5,55,0,0,0,0,0,0,https://fareharbor.com/embeds/calendar/realfloridaadventures/items/393377/?asn=fhdn&asn-ref=miamistylerentals&ref=miamistylerentals&bookable-only=yes&full-items=yes&marketplace=yes&flow=no,"<script src=""https://fareharbor.com/embeds/script/calendar/realfloridaadventures/items/393377/?asn=fhdn&asn-ref=miamistylerentals&ref=miamistylerentals&bookable-only=yes&full-items=yes&marketplace=yes&flow=no""></script>",https://fareharbor.com/embeds/book/realfloridaadventures/items/393377/?asn=fhdn&asn-ref=miamistylerentals&ref=miamistylerentals&bookable-only=yes&full-items=yes&marketplace=yes&flow=no,https://cdn.filestackcontent.com/r0cpCNGpQvmfhkHPDuds
Venture Outdoors,ventureoutdoorsllc,astrid@ventureoutdoorsflorida.com,1-407-267-9950,United States/Florida/Sanford,,,479989,Wekiva River Kayak Explorer,Guided Tour-History Tour-Kayak-Water Activities,1,55,180,14,60,120,180,360,https://fareharbor.com/embeds/calendar/ventureoutdoorsllc/items/479989/?asn=fhdn&asn-ref=miamistylerentals&ref=miamistylerentals&bookable-only=yes&full-items=yes&marketplace=yes&flow=no,"<script src=""https://fareharbor.com/embeds/script/calendar/ventureoutdoorsllc/items/479989/?asn=fhdn&asn-ref=miamistylerentals&ref=miamistylerentals&bookable-only=yes&full-items=yes&marketplace=yes&flow=no""></script>",https://fareharbor.com/embeds/book/ventureoutdoorsllc/items/479989/?asn=fhdn&asn-ref=miamistylerentals&ref=miamistylerentals&bookable-only=yes&full-items=yes&marketplace=yes&flow=no,https://cdn.filestackcontent.com/mLT1Bt4SVWnEqOJrSNs3
Venture Outdoors,ventureoutdoorsllc,astrid@ventureoutdoorsflorida.com,1-407-267-9950,United States/Florida/Sanford,-81.353894,28.832723,342436,Black Bear Discovery Hike,Hiking,1,54,180,14,60,120,180,360,https://fareharbor.com/embeds/calendar/ventureoutdoorsllc/items/342436/?asn=fhdn&asn-ref=miamistylerentals&ref=miamistylerentals&bookable-only=yes&full-items=yes&marketplace=yes&flow=no,"<script src=""https://fareharbor.com/embeds/script/calendar/ventureoutdoorsllc/items/342436/?asn=fhdn&asn-ref=miamistylerentals&ref=miamistylerentals&bookable-only=yes&full-items=yes&marketplace=yes&flow=no""></script>",https://fareharbor.com/embeds/book/ventureoutdoorsllc/items/342436/?asn=fhdn&asn-ref=miamistylerentals&ref=miamistylerentals&bookable-only=yes&full-items=yes&marketplace=yes&flow=no,https://cdn.filestackcontent.com/8Kd7LrBKShCdk17ntNXH
Wandering Palm,wanderingpalmadventures,tracy@wanderingpalmadventures.com,1-407-476-1694,United States/Florida/Orlando,,,691736,Orlando Mills 50 Food Tour,,10,54,36,3,13,25,36,75,https://fareharbor.com/embeds/calendar/wanderingpalmadventures/items/691736/?asn=fhdn&asn-ref=miamistylerentals&ref=miamistylerentals&bookable-only=yes&full-items=yes&marketplace=yes&flow=no,"<script src=""https://fareharbor.com/embeds/script/calendar/wanderingpalmadventures/items/691736/?asn=fhdn&asn-ref=miamistylerentals&ref=miamistylerentals&bookable-only=yes&full-items=yes&marketplace=yes&flow=no""></script>",https://fareharbor.com/embeds/book/wanderingpalmadventures/items/691736/?asn=fhdn&asn-ref=miamistylerentals&ref=miamistylerentals&bookable-only=yes&full-items=yes&marketplace=yes&flow=no,
Trident Charters,tridentcharters,reservations@tridentcharters.com,(340) 998-2500,U.S. Virgin Islands/St. Thomas,,,587811,Valkyrie - BVI Private Charter,Boat Tour,2,53,90,7,30,60,90,180,https://fareharbor.com/embeds/calendar/tridentcharters/items/587811/?asn=fhdn&asn-ref=miamistylerentals&ref=miamistylerentals&bookable-only=yes&full-items=yes&marketplace=yes&flow=no,"<script src=""https://fareharbor.com/embeds/script/calendar/tridentcharters/items/587811/?asn=fhdn&asn-ref=miamistylerentals&ref=miamistylerentals&bookable-only=yes&full-items=yes&marketplace=yes&flow=no""></script>",https://fareharbor.com/embeds/book/tridentcharters/items/587811/?asn=fhdn&asn-ref=miamistylerentals&ref=miamistylerentals&bookable-only=yes&full-items=yes&marketplace=yes&flow=no,https://cdn.filestackcontent.com/6g4cAAnJQOWd3OXufUuw
Trident Charters,tridentcharters,reservations@tridentcharters.com,(340) 998-2500,U.S. Virgin Islands/St. Thomas,,,587812,Valkyrie - USVI Private Charter,Boat Tour,2,53,270,21,90,180,270,540,https://fareharbor.com/embeds/calendar/tridentcharters/items/587812/?asn=fhdn&asn-ref=miamistylerentals&ref=miamistylerentals&bookable-only=yes&full-items=yes&marketplace=yes&flow=no,"<script src=""https://fareharbor.com/embeds/script/calendar/tridentcharters/items/587812/?asn=fhdn&asn-ref=miamistylerentals&ref=miamistylerentals&bookable-only=yes&full-items=yes&marketplace=yes&flow=no""></script>",https://fareharbor.com/embeds/book/tridentcharters/items/587812/?asn=fhdn&asn-ref=miamistylerentals&ref=miamistylerentals&bookable-only=yes&full-items=yes&marketplace=yes&flow=no,https://cdn.filestackcontent.com/KwCcmb3USOOg80nxOX02
MCO2Disney,mco2disney,info@mco2disney.com,+18059391971,United States/Florida/Orlando,,,679114,Disney Resorts to Orlando Airport MCO (ONE-WAY DROPOFF),Transfer-Private-Transportation,3,53,3960,308,1320,2640,3960,7918,https://fareharbor.com/embeds/calendar/mco2disney/items/679114/?asn=fhdn&asn-ref=miamistylerentals&ref=miamistylerentals&bookable-only=yes&full-items=yes&marketplace=yes&flow=no,"<script src=""https://fareharbor.com/embeds/script/calendar/mco2disney/items/679114/?asn=fhdn&asn-ref=miamistylerentals&ref=miamistylerentals&bookable-only=yes&full-items=yes&marketplace=yes&flow=no""></script>",https://fareharbor.com/embeds/book/mco2disney/items/679114/?asn=fhdn&asn-ref=miamistylerentals&ref=miamistylerentals&bookable-only=yes&full-items=yes&marketplace=yes&flow=no,https://cdn.filestackcontent.com/7HikPldnRtOqkSDH5A6h
Chocolate Kingdom,chocolatekingdom,info@chocolatekingdom.com,407-705-3475,United States/Florida/Orlando,,,631792,Child's Birthday Party Package 1,Other,1,52,52,4,16,34,52,100,https://fareharbor.com/embeds/calendar/chocolatekingdom/items/631792/?asn=fhdn&asn-ref=miamistylerentals&ref=miamistylerentals&bookable-only=yes&full-items=yes&marketplace=yes&flow=no,"<script src=""https://fareharbor.com/embeds/script/calendar/chocolatekingdom/items/631792/?asn=fhdn&asn-ref=miamistylerentals&ref=miamistylerentals&bookable-only=yes&full-items=yes&marketplace=yes&flow=no""></script>",https://fareharbor.com/embeds/book/chocolatekingdom/items/631792/?asn=fhdn&asn-ref=miamistylerentals&ref=miamistylerentals&bookable-only=yes&full-items=yes&marketplace=yes&flow=no,https://cdn.filestackcontent.com/PSax78uZQXzVqMXKewgR
Chocolate Kingdom,chocolatekingdom,info@chocolatekingdom.com,407-705-3475,United States/Florida/Orlando,,,631801,Child's Birthday Party Package 2 (Hands-on Party Only),Other,1,52,52,4,16,34,52,100,https://fareharbor.com/embeds/calendar/chocolatekingdom/items/631801/?asn=fhdn&asn-ref=miamistylerentals&ref=miamistylerentals&bookable-only=yes&full-items=yes&marketplace=yes&flow=no,"<script src=""https://fareharbor.com/embeds/script/calendar/chocolatekingdom/items/631801/?asn=fhdn&asn-ref=miamistylerentals&ref=miamistylerentals&bookable-only=yes&full-items=yes&marketplace=yes&flow=no""></script>",https://fareharbor.com/embeds/book/chocolatekingdom/items/631801/?asn=fhdn&asn-ref=miamistylerentals&ref=miamistylerentals&bookable-only=yes&full-items=yes&marketplace=yes&flow=no,https://cdn.filestackcontent.com/TDypzntHTjec6aCVu4mp
Coco Key Luau,cocokeyluau,alohaproductions123@gmail.com,407-234-4592,United States/Florida/Orlando,,,658738,Luau On I Drive,Attraction,7,52,0,0,0,0,0,0,https://fareharbor.com/embeds/calendar/cocokeyluau/items/658738/?asn=fhdn&asn-ref=miamistylerentals&ref=miamistylerentals&bookable-only=yes&full-items=yes&marketplace=yes&flow=no,"<script src=""https://fareharbor.com/embeds/script/calendar/cocokeyluau/items/658738/?asn=fhdn&asn-ref=miamistylerentals&ref=miamistylerentals&bookable-only=yes&full-items=yes&marketplace=yes&flow=no""></script>",https://fareharbor.com/embeds/book/cocokeyluau/items/658738/?asn=fhdn&asn-ref=miamistylerentals&ref=miamistylerentals&bookable-only=yes&full-items=yes&marketplace=yes&flow=no,https://cdn.filestackcontent.com/noUULdSpSv6lXyi52FK0
Abstract Orlando,abstractorlando,info@abstractorlando.com,6893488239,United States/Florida/Orlando,,,674396,Private Art Experience,,2,52,320,25,110,216,320,650,https://fareharbor.com/embeds/calendar/abstractorlando/items/674396/?asn=fhdn&asn-ref=miamistylerentals&ref=miamistylerentals&bookable-only=yes&full-items=yes&marketplace=yes&flow=no,"<script src=""https://fareharbor.com/embeds/script/calendar/abstractorlando/items/674396/?asn=fhdn&asn-ref=miamistylerentals&ref=miamistylerentals&bookable-only=yes&full-items=yes&marketplace=yes&flow=no""></script>",https://fareharbor.com/embeds/book/abstractorlando/items/674396/?asn=fhdn&asn-ref=miamistylerentals&ref=miamistylerentals&bookable-only=yes&full-items=yes&marketplace=yes&flow=no,
Jup Ebike Rentals,jupebikerentals,jeff3foster@outlook.com,1 407 604 1033,United States/Florida/Apopka,,,699340,Single Kayak Rental,Kayak,1,52,275,22,99,176,275,570,https://fareharbor.com/embeds/calendar/jupebikerentals/items/699340/?asn=fhdn&asn-ref=miamistylerentals&ref=miamistylerentals&bookable-only=yes&full-items=yes&marketplace=yes&flow=no,"<script src=""https://fareharbor.com/embeds/script/calendar/jupebikerentals/items/699340/?asn=fhdn&asn-ref=miamistylerentals&ref=miamistylerentals&bookable-only=yes&full-items=yes&marketplace=yes&flow=no""></script>",https://fareharbor.com/embeds/book/jupebikerentals/items/699340/?asn=fhdn&asn-ref=miamistylerentals&ref=miamistylerentals&bookable-only=yes&full-items=yes&marketplace=yes&flow=no,https://cdn.filestackcontent.com/SNOvoaxFSum0ZFljAJqM
Speakeasy Murder,speakeasymurder,hello@speakeasymurder.com,623-270-5115,United States/Florida/Orlando,,,716130,Mother's Day VIP Experience,Events,1,52,0,0,0,0,0,0,https://fareharbor.com/embeds/calendar/speakeasymurder/items/716130/?asn=fhdn&asn-ref=miamistylerentals&ref=miamistylerentals&bookable-only=yes&full-items=yes&marketplace=yes&flow=no,"<script src=""https://fareharbor.com/embeds/script/calendar/speakeasymurder/items/716130/?asn=fhdn&asn-ref=miamistylerentals&ref=miamistylerentals&bookable-only=yes&full-items=yes&marketplace=yes&flow=no""></script>",https://fareharbor.com/embeds/book/speakeasymurder/items/716130/?asn=fhdn&asn-ref=miamistylerentals&ref=miamistylerentals&bookable-only=yes&full-items=yes&marketplace=yes&flow=no,
Wandering Palm,wanderingpalmadventures,tracy@wanderingpalmadventures.com,1-407-476-1694,United States/Florida/Orlando,,,393925,Brews & Bites,Brewery,4,51,13,1,4,9,13,24,https://fareharbor.com/embeds/calendar/wanderingpalmadventures/items/393925/?asn=fhdn&asn-ref=miamistylerentals&ref=miamistylerentals&bookable-only=yes&full-items=yes&marketplace=yes&flow=no,"<script src=""https://fareharbor.com/embeds/script/calendar/wanderingpalmadventures/items/393925/?asn=fhdn&asn-ref=miamistylerentals&ref=miamistylerentals&bookable-only=yes&full-items=yes&marketplace=yes&flow=no""></script>",https://fareharbor.com/embeds/book/wanderingpalmadventures/items/393925/?asn=fhdn&asn-ref=miamistylerentals&ref=miamistylerentals&bookable-only=yes&full-items=yes&marketplace=yes&flow=no,
A Harrowing Escape,aharrowingescape,support@aharrowingescape.com,407-270-5444,United States/Florida/New Smyrna Beach,-80.921616,29.02524,598046,Borderline Breakout (Private Experience),,1,51,572,41,188,377,572,1129,https://fareharbor.com/embeds/calendar/aharrowingescape/items/598046/?asn=fhdn&asn-ref=miamistylerentals&ref=miamistylerentals&bookable-only=yes&full-items=yes&marketplace=yes&flow=no,"<script src=""https://fareharbor.com/embeds/script/calendar/aharrowingescape/items/598046/?asn=fhdn&asn-ref=miamistylerentals&ref=miamistylerentals&bookable-only=yes&full-items=yes&marketplace=yes&flow=no""></script>",https://fareharbor.com/embeds/book/aharrowingescape/items/598046/?asn=fhdn&asn-ref=miamistylerentals&ref=miamistylerentals&bookable-only=yes&full-items=yes&marketplace=yes&flow=no,
A Harrowing Escape,aharrowingescape,support@aharrowingescape.com,407-270-5444,United States/Florida/New Smyrna Beach,-80.921616,29.02524,598047,Mutation Protocol (Private Experience),,1,51,585,42,192,386,585,1154,https://fareharbor.com/embeds/calendar/aharrowingescape/items/598047/?asn=fhdn&asn-ref=miamistylerentals&ref=miamistylerentals&bookable-only=yes&full-items=yes&marketplace=yes&flow=no,"<script src=""https://fareharbor.com/embeds/script/calendar/aharrowingescape/items/598047/?asn=fhdn&asn-ref=miamistylerentals&ref=miamistylerentals&bookable-only=yes&full-items=yes&marketplace=yes&flow=no""></script>",https://fareharbor.com/embeds/book/aharrowingescape/items/598047/?asn=fhdn&asn-ref=miamistylerentals&ref=miamistylerentals&bookable-only=yes&full-items=yes&marketplace=yes&flow=no,
A Harrowing Escape,aharrowingescape,support@aharrowingescape.com,407-270-5444,United States/Florida/New Smyrna Beach,-80.921616,29.02524,598049,Murder on Canal Street (Private Experience),,1,51,520,37,171,342,520,1026,https://fareharbor.com/embeds/calendar/aharrowingescape/items/598049/?asn=fhdn&asn-ref=miamistylerentals&ref=miamistylerentals&bookable-only=yes&full-items=yes&marketplace=yes&flow=no,"<script src=""https://fareharbor.com/embeds/script/calendar/aharrowingescape/items/598049/?asn=fhdn&asn-ref=miamistylerentals&ref=miamistylerentals&bookable-only=yes&full-items=yes&marketplace=yes&flow=no""></script>",https://fareharbor.com/embeds/book/aharrowingescape/items/598049/?asn=fhdn&asn-ref=miamistylerentals&ref=miamistylerentals&bookable-only=yes&full-items=yes&marketplace=yes&flow=no,
A Harrowing Escape,aharrowingescape,support@aharrowingescape.com,407-270-5444,United States/Florida/New Smyrna Beach,-80.921616,29.02524,707506,Borderline Breakout (Open Experience),,1,51,572,41,188,377,572,1129,https://fareharbor.com/embeds/calendar/aharrowingescape/items/707506/?asn=fhdn&asn-ref=miamistylerentals&ref=miamistylerentals&bookable-only=yes&full-items=yes&marketplace=yes&flow=no,"<script src=""https://fareharbor.com/embeds/script/calendar/aharrowingescape/items/707506/?asn=fhdn&asn-ref=miamistylerentals&ref=miamistylerentals&bookable-only=yes&full-items=yes&marketplace=yes&flow=no""></script>",https://fareharbor.com/embeds/book/aharrowingescape/items/707506/?asn=fhdn&asn-ref=miamistylerentals&ref=miamistylerentals&bookable-only=yes&full-items=yes&marketplace=yes&flow=no,
A Harrowing Escape,aharrowingescape,support@aharrowingescape.com,407-270-5444,United States/Florida/New Smyrna Beach,-80.921616,29.02524,707507,Mutation Protocol (Open Experience),,1,51,585,42,192,386,585,1154,https://fareharbor.com/embeds/calendar/aharrowingescape/items/707507/?asn=fhdn&asn-ref=miamistylerentals&ref=miamistylerentals&bookable-only=yes&full-items=yes&marketplace=yes&flow=no,"<script src=""https://fareharbor.com/embeds/script/calendar/aharrowingescape/items/707507/?asn=fhdn&asn-ref=miamistylerentals&ref=miamistylerentals&bookable-only=yes&full-items=yes&marketplace=yes&flow=no""></script>",https://fareharbor.com/embeds/book/aharrowingescape/items/707507/?asn=fhdn&asn-ref=miamistylerentals&ref=miamistylerentals&bookable-only=yes&full-items=yes&marketplace=yes&flow=no,
A Harrowing Escape,aharrowingescape,support@aharrowingescape.com,407-270-5444,United States/Florida/New Smyrna Beach,-80.921616,29.02524,707508,Murder on Canal Street (Open Experience),,1,51,520,37,171,342,520,1026,https://fareharbor.com/embeds/calendar/aharrowingescape/items/707508/?asn=fhdn&asn-ref=miamistylerentals&ref=miamistylerentals&bookable-only=yes&full-items=yes&marketplace=yes&flow=no,"<script src=""https://fareharbor.com/embeds/script/calendar/aharrowingescape/items/707508/?asn=fhdn&asn-ref=miamistylerentals&ref=miamistylerentals&bookable-only=yes&full-items=yes&marketplace=yes&flow=no""></script>",https://fareharbor.com/embeds/book/aharrowingescape/items/707508/?asn=fhdn&asn-ref=miamistylerentals&ref=miamistylerentals&bookable-only=yes&full-items=yes&marketplace=yes&flow=no,
A Harrowing Escape,aharrowingescape,support@aharrowingescape.com,407-270-5444,United States/Florida/Orlando,-81.311446,28.566387,344951,Late Night Lock In,,1,50,90,7,30,60,90,180,https://fareharbor.com/embeds/calendar/aharrowingescape/items/344951/?asn=fhdn&asn-ref=miamistylerentals&ref=miamistylerentals&bookable-only=yes&full-items=yes&marketplace=yes&flow=no,"<script src=""https://fareharbor.com/embeds/script/calendar/aharrowingescape/items/344951/?asn=fhdn&asn-ref=miamistylerentals&ref=miamistylerentals&bookable-only=yes&full-items=yes&marketplace=yes&flow=no""></script>",https://fareharbor.com/embeds/book/aharrowingescape/items/344951/?asn=fhdn&asn-ref=miamistylerentals&ref=miamistylerentals&bookable-only=yes&full-items=yes&marketplace=yes&flow=no,https://cdn.filestackcontent.com/G0heourPQSa4LP5cREbx
A Harrowing Escape,aharrowingescape,support@aharrowingescape.com,407-270-5444,United States/Florida/Orlando,,,344956,Toxicity (Private Experience),,1,50,860,67,284,572,860,1719,https://fareharbor.com/embeds/calendar/aharrowingescape/items/344956/?asn=fhdn&asn-ref=miamistylerentals&ref=miamistylerentals&bookable-only=yes&full-items=yes&marketplace=yes&flow=no,"<script src=""https://fareharbor.com/embeds/script/calendar/aharrowingescape/items/344956/?asn=fhdn&asn-ref=miamistylerentals&ref=miamistylerentals&bookable-only=yes&full-items=yes&marketplace=yes&flow=no""></script>",https://fareharbor.com/embeds/book/aharrowingescape/items/344956/?asn=fhdn&asn-ref=miamistylerentals&ref=miamistylerentals&bookable-only=yes&full-items=yes&marketplace=yes&flow=no,
Stroke of Art,stroke-of-art,info@stroke-of-art.com,14079007501,United States/Florida/Orlando,-81.469162,28.440177,547903,Handbuilding: Create Your Clay Sculpture,Other,1,50,90,2,28,58,90,128,https://fareharbor.com/embeds/calendar/stroke-of-art/items/547903/?asn=fhdn&asn-ref=miamistylerentals&ref=miamistylerentals&bookable-only=yes&full-items=yes&marketplace=yes&flow=no,"<script src=""https://fareharbor.com/embeds/script/calendar/stroke-of-art/items/547903/?asn=fhdn&asn-ref=miamistylerentals&ref=miamistylerentals&bookable-only=yes&full-items=yes&marketplace=yes&flow=no""></script>",https://fareharbor.com/embeds/book/stroke-of-art/items/547903/?asn=fhdn&asn-ref=miamistylerentals&ref=miamistylerentals&bookable-only=yes&full-items=yes&marketplace=yes&flow=no,https://cdn.filestackcontent.com/YYLDaPgYS0eqgyWNJOdw
Stroke of Art,stroke-of-art,info@stroke-of-art.com,14079007501,United States/Florida/Orlando,-81.469162,28.440177,547905,Ceramic Painting Class: Paint Your Own Masterpiece,Other,1,50,138,5,45,89,138,227,https://fareharbor.com/embeds/calendar/stroke-of-art/items/547905/?asn=fhdn&asn-ref=miamistylerentals&ref=miamistylerentals&bookable-only=yes&full-items=yes&marketplace=yes&flow=no,"<script src=""https://fareharbor.com/embeds/script/calendar/stroke-of-art/items/547905/?asn=fhdn&asn-ref=miamistylerentals&ref=miamistylerentals&bookable-only=yes&full-items=yes&marketplace=yes&flow=no""></script>",https://fareharbor.com/embeds/book/stroke-of-art/items/547905/?asn=fhdn&asn-ref=miamistylerentals&ref=miamistylerentals&bookable-only=yes&full-items=yes&marketplace=yes&flow=no,https://cdn.filestackcontent.com/zdvigp5oTsil7mrdNRiX
A Harrowing Escape,aharrowingescape,support@aharrowingescape.com,407-270-5444,United States/Florida/New Smyrna Beach,-80.921616,29.02524,598051,The Smile Trials (Private Experience),,1,50,520,37,171,342,520,1026,https://fareharbor.com/embeds/calendar/aharrowingescape/items/598051/?asn=fhdn&asn-ref=miamistylerentals&ref=miamistylerentals&bookable-only=yes&full-items=yes&marketplace=yes&flow=no,"<script src=""https://fareharbor.com/embeds/script/calendar/aharrowingescape/items/598051/?asn=fhdn&asn-ref=miamistylerentals&ref=miamistylerentals&bookable-only=yes&full-items=yes&marketplace=yes&flow=no""></script>",https://fareharbor.com/embeds/book/aharrowingescape/items/598051/?asn=fhdn&asn-ref=miamistylerentals&ref=miamistylerentals&bookable-only=yes&full-items=yes&marketplace=yes&flow=no,
A Harrowing Escape,aharrowingescape,support@aharrowingescape.com,407-270-5444,United States/Florida/New Smyrna Beach,-80.921616,29.02524,598713,Late Night Lock In,,1,50,65,5,22,44,65,129,https://fareharbor.com/embeds/calendar/aharrowingescape/items/598713/?asn=fhdn&asn-ref=miamistylerentals&ref=miamistylerentals&bookable-only=yes&full-items=yes&marketplace=yes&flow=no,"<script src=""https://fareharbor.com/embeds/script/calendar/aharrowingescape/items/598713/?asn=fhdn&asn-ref=miamistylerentals&ref=miamistylerentals&bookable-only=yes&full-items=yes&marketplace=yes&flow=no""></script>",https://fareharbor.com/embeds/book/aharrowingescape/items/598713/?asn=fhdn&asn-ref=miamistylerentals&ref=miamistylerentals&bookable-only=yes&full-items=yes&marketplace=yes&flow=no,https://cdn.filestackcontent.com/CS7AOAgESQ2cc1I43Y6Y
Slide N Glide,slidenglide,allsell92@icloud.com,407-233-7142,United States/Florida/Orlando,,,650481,Jet Ski Rentals,Jet Ski Rental,1,50,900,70,300,600,900,1800,https://fareharbor.com/embeds/calendar/slidenglide/items/650481/?asn=fhdn&asn-ref=miamistylerentals&ref=miamistylerentals&bookable-only=yes&full-items=yes&marketplace=yes&flow=no,"<script src=""https://fareharbor.com/embeds/script/calendar/slidenglide/items/650481/?asn=fhdn&asn-ref=miamistylerentals&ref=miamistylerentals&bookable-only=yes&full-items=yes&marketplace=yes&flow=no""></script>",https://fareharbor.com/embeds/book/slidenglide/items/650481/?asn=fhdn&asn-ref=miamistylerentals&ref=miamistylerentals&bookable-only=yes&full-items=yes&marketplace=yes&flow=no,https://cdn.filestackcontent.com/NKxmZqGSoSPbwSJ6MOJ4
Slide N Glide,slidenglide,allsell92@icloud.com,407-233-7142,United States/Florida/Orlando,,,650799,Jet Car Rentals,Jet Ski Rental,1,50,770,0,170,478,770,1660,https://fareharbor.com/embeds/calendar/slidenglide/items/650799/?asn=fhdn&asn-ref=miamistylerentals&ref=miamistylerentals&bookable-only=yes&full-items=yes&marketplace=yes&flow=no,"<script src=""https://fareharbor.com/embeds/script/calendar/slidenglide/items/650799/?asn=fhdn&asn-ref=miamistylerentals&ref=miamistylerentals&bookable-only=yes&full-items=yes&marketplace=yes&flow=no""></script>",https://fareharbor.com/embeds/book/slidenglide/items/650799/?asn=fhdn&asn-ref=miamistylerentals&ref=miamistylerentals&bookable-only=yes&full-items=yes&marketplace=yes&flow=no,https://cdn.filestackcontent.com/65G5rf0qSOWbBlZHqVta
A Harrowing Escape,aharrowingescape,support@aharrowingescape.com,407-270-5444,United States/Florida/Orlando,,,662375,Outdoor Experiences (Orlando Location),,1,50,861,67,286,574,861,1722,https://fareharbor.com/embeds/calendar/aharrowingescape/items/662375/?asn=fhdn&asn-ref=miamistylerentals&ref=miamistylerentals&bookable-only=yes&full-items=yes&marketplace=yes&flow=no,"<script src=""https://fareharbor.com/embeds/script/calendar/aharrowingescape/items/662375/?asn=fhdn&asn-ref=miamistylerentals&ref=miamistylerentals&bookable-only=yes&full-items=yes&marketplace=yes&flow=no""></script>",https://fareharbor.com/embeds/book/aharrowingescape/items/662375/?asn=fhdn&asn-ref=miamistylerentals&ref=miamistylerentals&bookable-only=yes&full-items=yes&marketplace=yes&flow=no,https://cdn.filestackcontent.com/w2nQphVR7uUY4UGd5BmY
A Harrowing Escape,aharrowingescape,support@aharrowingescape.com,407-270-5444,United States/Florida/New Smyrna Beach,-80.921616,29.02524,672512,Outdoor Experiences (New Smyrna Beach Location),,1,50,598,43,196,394,598,1181,https://fareharbor.com/embeds/calendar/aharrowingescape/items/672512/?asn=fhdn&asn-ref=miamistylerentals&ref=miamistylerentals&bookable-only=yes&full-items=yes&marketplace=yes&flow=no,"<script src=""https://fareharbor.com/embeds/script/calendar/aharrowingescape/items/672512/?asn=fhdn&asn-ref=miamistylerentals&ref=miamistylerentals&bookable-only=yes&full-items=yes&marketplace=yes&flow=no""></script>",https://fareharbor.com/embeds/book/aharrowingescape/items/672512/?asn=fhdn&asn-ref=miamistylerentals&ref=miamistylerentals&bookable-only=yes&full-items=yes&marketplace=yes&flow=no,https://cdn.filestackcontent.com/nJ7xdGt2RJyQK0XGyqTc
A Harrowing Escape,aharrowingescape,support@aharrowingescape.com,407-270-5444,United States/Florida/Orlando,,,707471,The Woods (Open Experience),,1,50,860,67,284,572,860,1719,https://fareharbor.com/embeds/calendar/aharrowingescape/items/707471/?asn=fhdn&asn-ref=miamistylerentals&ref=miamistylerentals&bookable-only=yes&full-items=yes&marketplace=yes&flow=no,"<script src=""https://fareharbor.com/embeds/script/calendar/aharrowingescape/items/707471/?asn=fhdn&asn-ref=miamistylerentals&ref=miamistylerentals&bookable-only=yes&full-items=yes&marketplace=yes&flow=no""></script>",https://fareharbor.com/embeds/book/aharrowingescape/items/707471/?asn=fhdn&asn-ref=miamistylerentals&ref=miamistylerentals&bookable-only=yes&full-items=yes&marketplace=yes&flow=no,
A Harrowing Escape,aharrowingescape,support@aharrowingescape.com,407-270-5444,United States/Florida/Orlando,,,707496,Toxicity (Open Experience),,1,50,860,67,284,572,860,1719,https://fareharbor.com/embeds/calendar/aharrowingescape/items/707496/?asn=fhdn&asn-ref=miamistylerentals&ref=miamistylerentals&bookable-only=yes&full-items=yes&marketplace=yes&flow=no,"<script src=""https://fareharbor.com/embeds/script/calendar/aharrowingescape/items/707496/?asn=fhdn&asn-ref=miamistylerentals&ref=miamistylerentals&bookable-only=yes&full-items=yes&marketplace=yes&flow=no""></script>",https://fareharbor.com/embeds/book/aharrowingescape/items/707496/?asn=fhdn&asn-ref=miamistylerentals&ref=miamistylerentals&bookable-only=yes&full-items=yes&marketplace=yes&flow=no,
A Harrowing Escape,aharrowingescape,support@aharrowingescape.com,407-270-5444,United States/Florida/New Smyrna Beach,-80.921616,29.02524,707509,The Smile Trials (Open Experience),,1,50,520,37,171,342,520,1026,https://fareharbor.com/embeds/calendar/aharrowingescape/items/707509/?asn=fhdn&asn-ref=miamistylerentals&ref=miamistylerentals&bookable-only=yes&full-items=yes&marketplace=yes&flow=no,"<script src=""https://fareharbor.com/embeds/script/calendar/aharrowingescape/items/707509/?asn=fhdn&asn-ref=miamistylerentals&ref=miamistylerentals&bookable-only=yes&full-items=yes&marketplace=yes&flow=no""></script>",https://fareharbor.com/embeds/book/aharrowingescape/items/707509/?asn=fhdn&asn-ref=miamistylerentals&ref=miamistylerentals&bookable-only=yes&full-items=yes&marketplace=yes&flow=no,
All Guest Services,allguestservices,orders@allguest.com,1.800.393.1775,United States/Florida/Orlando,,,63788,1-Day Disney's Magic Kingdom® Park,,1,49,42,7,30,42,42,43,https://fareharbor.com/embeds/calendar/allguestservices/items/63788/?asn=fhdn&asn-ref=miamistylerentals&ref=miamistylerentals&bookable-only=yes&full-items=yes&marketplace=yes&flow=no,"<script src=""https://fareharbor.com/embeds/script/calendar/allguestservices/items/63788/?asn=fhdn&asn-ref=miamistylerentals&ref=miamistylerentals&bookable-only=yes&full-items=yes&marketplace=yes&flow=no""></script>",https://fareharbor.com/embeds/book/allguestservices/items/63788/?asn=fhdn&asn-ref=miamistylerentals&ref=miamistylerentals&bookable-only=yes&full-items=yes&marketplace=yes&flow=no,https://cdn.filestackcontent.com/0P1DGIgHT7aJn9K1bhmZ
All Guest Services,allguestservices,orders@allguest.com,1.800.393.1775,United States/Florida/Orlando,,,63848,2-Day Walt Disney World® - 1 Park Per Day,,1,49,42,7,30,42,42,43,https://fareharbor.com/embeds/calendar/allguestservices/items/63848/?asn=fhdn&asn-ref=miamistylerentals&ref=miamistylerentals&bookable-only=yes&full-items=yes&marketplace=yes&flow=no,"<script src=""https://fareharbor.com/embeds/script/calendar/allguestservices/items/63848/?asn=fhdn&asn-ref=miamistylerentals&ref=miamistylerentals&bookable-only=yes&full-items=yes&marketplace=yes&flow=no""></script>",https://fareharbor.com/embeds/book/allguestservices/items/63848/?asn=fhdn&asn-ref=miamistylerentals&ref=miamistylerentals&bookable-only=yes&full-items=yes&marketplace=yes&flow=no,https://cdn.filestackcontent.com/lUawKWvtR26rhGfpYboj
All Guest Services,allguestservices,orders@allguest.com,1.800.393.1775,United States/Florida/Orlando,,,76473,1-Day Disney's Epcot®,,1,49,42,7,30,42,42,43,https://fareharbor.com/embeds/calendar/allguestservices/items/76473/?asn=fhdn&asn-ref=miamistylerentals&ref=miamistylerentals&bookable-only=yes&full-items=yes&marketplace=yes&flow=no,"<script src=""https://fareharbor.com/embeds/script/calendar/allguestservices/items/76473/?asn=fhdn&asn-ref=miamistylerentals&ref=miamistylerentals&bookable-only=yes&full-items=yes&marketplace=yes&flow=no""></script>",https://fareharbor.com/embeds/book/allguestservices/items/76473/?asn=fhdn&asn-ref=miamistylerentals&ref=miamistylerentals&bookable-only=yes&full-items=yes&marketplace=yes&flow=no,https://cdn.filestackcontent.com/8aE1aiL1QNVR1SXy1m5T
All Guest Services,allguestservices,orders@allguest.com,1.800.393.1775,United States/Florida/Orlando,,,76474,1-Day Disney's Animal Kingdom® Park,,1,49,42,7,30,42,42,43,https://fareharbor.com/embeds/calendar/allguestservices/items/76474/?asn=fhdn&asn-ref=miamistylerentals&ref=miamistylerentals&bookable-only=yes&full-items=yes&marketplace=yes&flow=no,"<script src=""https://fareharbor.com/embeds/script/calendar/allguestservices/items/76474/?asn=fhdn&asn-ref=miamistylerentals&ref=miamistylerentals&bookable-only=yes&full-items=yes&marketplace=yes&flow=no""></script>",https://fareharbor.com/embeds/book/allguestservices/items/76474/?asn=fhdn&asn-ref=miamistylerentals&ref=miamistylerentals&bookable-only=yes&full-items=yes&marketplace=yes&flow=no,https://cdn.filestackcontent.com/Yo7JGE5uTV6R7AAMP2kf
All Guest Services,allguestservices,orders@allguest.com,1.800.393.1775,United States/Florida/Orlando,,,76475,1-Day Disney's Hollywood Studios®,,1,49,42,7,30,42,42,43,https://fareharbor.com/embeds/calendar/allguestservices/items/76475/?asn=fhdn&asn-ref=miamistylerentals&ref=miamistylerentals&bookable-only=yes&full-items=yes&marketplace=yes&flow=no,"<script src=""https://fareharbor.com/embeds/script/calendar/allguestservices/items/76475/?asn=fhdn&asn-ref=miamistylerentals&ref=miamistylerentals&bookable-only=yes&full-items=yes&marketplace=yes&flow=no""></script>",https://fareharbor.com/embeds/book/allguestservices/items/76475/?asn=fhdn&asn-ref=miamistylerentals&ref=miamistylerentals&bookable-only=yes&full-items=yes&marketplace=yes&flow=no,https://cdn.filestackcontent.com/GkuvrffqSX6IXoCaMY9Q
Sailing Orlando,sailingorlando,info@sailingorlando.com,407-758-2730,United States/Florida/Orlando,,,210022,Two Hour Sunset Sailing Cruise,Boat Tour,14,49,0,0,0,0,0,0,https://fareharbor.com/embeds/calendar/sailingorlando/items/210022/?asn=fhdn&asn-ref=miamistylerentals&ref=miamistylerentals&bookable-only=yes&full-items=yes&marketplace=yes&flow=no,"<script src=""https://fareharbor.com/embeds/script/calendar/sailingorlando/items/210022/?asn=fhdn&asn-ref=miamistylerentals&ref=miamistylerentals&bookable-only=yes&full-items=yes&marketplace=yes&flow=no""></script>",https://fareharbor.com/embeds/book/sailingorlando/items/210022/?asn=fhdn&asn-ref=miamistylerentals&ref=miamistylerentals&bookable-only=yes&full-items=yes&marketplace=yes&flow=no,https://cdn.filestackcontent.com/yVYfgjhgQK2d8o8gaC8z
All Guest Services,allguestservices,orders@allguest.com,1.800.393.1775,United States/Florida/Orlando,,,319636,SeaWorld Aquatica Maingate E,,1,49,90,7,30,60,90,180,https://fareharbor.com/embeds/calendar/allguestservices/items/319636/?asn=fhdn&asn-ref=miamistylerentals&ref=miamistylerentals&bookable-only=yes&full-items=yes&marketplace=yes&flow=no,"<script src=""https://fareharbor.com/embeds/script/calendar/allguestservices/items/319636/?asn=fhdn&asn-ref=miamistylerentals&ref=miamistylerentals&bookable-only=yes&full-items=yes&marketplace=yes&flow=no""></script>",https://fareharbor.com/embeds/book/allguestservices/items/319636/?asn=fhdn&asn-ref=miamistylerentals&ref=miamistylerentals&bookable-only=yes&full-items=yes&marketplace=yes&flow=no,https://cdn.filestackcontent.com/ikiInU7TwWvlGukLeigw
Venture Outdoors,ventureoutdoorsllc,astrid@ventureoutdoorsflorida.com,1-407-267-9950,United States/Florida/Deltona,-81.2671,28.890946,341539,Discover Kayaking,Kayak-Water Activities,1,49,180,14,60,120,180,360,https://fareharbor.com/embeds/calendar/ventureoutdoorsllc/items/341539/?asn=fhdn&asn-ref=miamistylerentals&ref=miamistylerentals&bookable-only=yes&full-items=yes&marketplace=yes&flow=no,"<script src=""https://fareharbor.com/embeds/script/calendar/ventureoutdoorsllc/items/341539/?asn=fhdn&asn-ref=miamistylerentals&ref=miamistylerentals&bookable-only=yes&full-items=yes&marketplace=yes&flow=no""></script>",https://fareharbor.com/embeds/book/ventureoutdoorsllc/items/341539/?asn=fhdn&asn-ref=miamistylerentals&ref=miamistylerentals&bookable-only=yes&full-items=yes&marketplace=yes&flow=no,https://cdn.filestackcontent.com/Q9WrMQSJTSe70sA21E79
Venture Outdoors,ventureoutdoorsllc,astrid@ventureoutdoorsflorida.com,1-407-267-9950,United States/Florida/Deltona,-81.2671,28.890946,341549,Flatwater Safety & Rescue,Ropes Course,1,49,90,7,30,60,90,180,https://fareharbor.com/embeds/calendar/ventureoutdoorsllc/items/341549/?asn=fhdn&asn-ref=miamistylerentals&ref=miamistylerentals&bookable-only=yes&full-items=yes&marketplace=yes&flow=no,"<script src=""https://fareharbor.com/embeds/script/calendar/ventureoutdoorsllc/items/341549/?asn=fhdn&asn-ref=miamistylerentals&ref=miamistylerentals&bookable-only=yes&full-items=yes&marketplace=yes&flow=no""></script>",https://fareharbor.com/embeds/book/ventureoutdoorsllc/items/341549/?asn=fhdn&asn-ref=miamistylerentals&ref=miamistylerentals&bookable-only=yes&full-items=yes&marketplace=yes&flow=no,https://cdn.filestackcontent.com/UfYA9SjMR5WT1JgQVEMV
Venture Outdoors,ventureoutdoorsllc,astrid@ventureoutdoorsflorida.com,1-407-267-9950,United States/Florida/Deltona,-81.2671,28.890946,341554,Kayak Paddle Strokes & Safety Primer,Kayak-Water Activities,1,49,90,7,30,60,90,180,https://fareharbor.com/embeds/calendar/ventureoutdoorsllc/items/341554/?asn=fhdn&asn-ref=miamistylerentals&ref=miamistylerentals&bookable-only=yes&full-items=yes&marketplace=yes&flow=no,"<script src=""https://fareharbor.com/embeds/script/calendar/ventureoutdoorsllc/items/341554/?asn=fhdn&asn-ref=miamistylerentals&ref=miamistylerentals&bookable-only=yes&full-items=yes&marketplace=yes&flow=no""></script>",https://fareharbor.com/embeds/book/ventureoutdoorsllc/items/341554/?asn=fhdn&asn-ref=miamistylerentals&ref=miamistylerentals&bookable-only=yes&full-items=yes&marketplace=yes&flow=no,https://cdn.filestackcontent.com/76kOx0j9TIiJUpRpsx4u
Venture Outdoors,ventureoutdoorsllc,astrid@ventureoutdoorsflorida.com,1-407-267-9950,United States/Florida/Eustis,-81.544325,28.91381,341563,Lake Norris Explorer,Kayak,1,49,180,14,60,120,180,360,https://fareharbor.com/embeds/calendar/ventureoutdoorsllc/items/341563/?asn=fhdn&asn-ref=miamistylerentals&ref=miamistylerentals&bookable-only=yes&full-items=yes&marketplace=yes&flow=no,"<script src=""https://fareharbor.com/embeds/script/calendar/ventureoutdoorsllc/items/341563/?asn=fhdn&asn-ref=miamistylerentals&ref=miamistylerentals&bookable-only=yes&full-items=yes&marketplace=yes&flow=no""></script>",https://fareharbor.com/embeds/book/ventureoutdoorsllc/items/341563/?asn=fhdn&asn-ref=miamistylerentals&ref=miamistylerentals&bookable-only=yes&full-items=yes&marketplace=yes&flow=no,https://cdn.filestackcontent.com/2rC8ttATvyrCnQH6Xcgi
Shuttleliner Of Ocala,shuttlelinerofocala,info@shuttleliner.com,352-437-0300,United States/Florida/Orlando,,,493413,SHUTTLE SERVICE (10 Passengers Max) OCALA TO ORLANDO AIRPORT (MCO),Shuttle,1,49,225,15,75,150,225,458,https://fareharbor.com/embeds/calendar/shuttlelinerofocala/items/493413/?asn=fhdn&asn-ref=miamistylerentals&ref=miamistylerentals&bookable-only=yes&full-items=yes&marketplace=yes&flow=no,"<script src=""https://fareharbor.com/embeds/script/calendar/shuttlelinerofocala/items/493413/?asn=fhdn&asn-ref=miamistylerentals&ref=miamistylerentals&bookable-only=yes&full-items=yes&marketplace=yes&flow=no""></script>",https://fareharbor.com/embeds/book/shuttlelinerofocala/items/493413/?asn=fhdn&asn-ref=miamistylerentals&ref=miamistylerentals&bookable-only=yes&full-items=yes&marketplace=yes&flow=no,https://cdn.filestackcontent.com/yPyHXbb0QSOLuAA6TTDa
Shuttleliner Of Ocala,shuttlelinerofocala,info@shuttleliner.com,352-437-0300,United States/Florida/Orlando,,,493438,SHUTTLE SERVICE (10 Passengers Max) ORLANDO AIRPORT (MCO) TO OCALA,Shuttle,1,49,224,13,74,148,224,455,https://fareharbor.com/embeds/calendar/shuttlelinerofocala/items/493438/?asn=fhdn&asn-ref=miamistylerentals&ref=miamistylerentals&bookable-only=yes&full-items=yes&marketplace=yes&flow=no,"<script src=""https://fareharbor.com/embeds/script/calendar/shuttlelinerofocala/items/493438/?asn=fhdn&asn-ref=miamistylerentals&ref=miamistylerentals&bookable-only=yes&full-items=yes&marketplace=yes&flow=no""></script>",https://fareharbor.com/embeds/book/shuttlelinerofocala/items/493438/?asn=fhdn&asn-ref=miamistylerentals&ref=miamistylerentals&bookable-only=yes&full-items=yes&marketplace=yes&flow=no,https://cdn.filestackcontent.com/71Dj5UkoT8lWFvhsdW4Q
Central Florida Slingshots,centralfloridaslingshots,spacecoastslingshots@gmail.com,321-339-3357,United States/Florida/Orlando,,,499755,4-Seater Golf Cart Rental,Boat Tour-Golf,1,49,90,7,30,60,90,180,https://fareharbor.com/embeds/calendar/centralfloridaslingshots/items/499755/?asn=fhdn&asn-ref=miamistylerentals&ref=miamistylerentals&bookable-only=yes&full-items=yes&marketplace=yes&flow=no,"<script src=""https://fareharbor.com/embeds/script/calendar/centralfloridaslingshots/items/499755/?asn=fhdn&asn-ref=miamistylerentals&ref=miamistylerentals&bookable-only=yes&full-items=yes&marketplace=yes&flow=no""></script>",https://fareharbor.com/embeds/book/centralfloridaslingshots/items/499755/?asn=fhdn&asn-ref=miamistylerentals&ref=miamistylerentals&bookable-only=yes&full-items=yes&marketplace=yes&flow=no,https://cdn.filestackcontent.com/WkLYBiISoK6LGUv63boo
Shuttleliner Of Ocala,shuttlelinerofocala,info@shuttleliner.com,352-437-0300,United States/Florida/Orlando,,,539588,SEMIPRIVATE SERVICE (4 Passengers Max) OCALA TO ORLANDO AIRPORT (MCO),Shuttle,1,49,190,14,63,125,190,382,https://fareharbor.com/embeds/calendar/shuttlelinerofocala/items/539588/?asn=fhdn&asn-ref=miamistylerentals&ref=miamistylerentals&bookable-only=yes&full-items=yes&marketplace=yes&flow=no,"<script src=""https://fareharbor.com/embeds/script/calendar/shuttlelinerofocala/items/539588/?asn=fhdn&asn-ref=miamistylerentals&ref=miamistylerentals&bookable-only=yes&full-items=yes&marketplace=yes&flow=no""></script>",https://fareharbor.com/embeds/book/shuttlelinerofocala/items/539588/?asn=fhdn&asn-ref=miamistylerentals&ref=miamistylerentals&bookable-only=yes&full-items=yes&marketplace=yes&flow=no,https://cdn.filestackcontent.com/339Wf9oeSKmP9GF6lYZQ
Shuttleliner Of Ocala,shuttlelinerofocala,info@shuttleliner.com,352-437-0300,United States/Florida/Orlando,,,540333,SEMIPRIVATE SERVICE (4 Passengers Max) ORLANDO AIRPORT (MCO) TO OCALA,Shuttle,1,49,189,14,63,124,189,381,https://fareharbor.com/embeds/calendar/shuttlelinerofocala/items/540333/?asn=fhdn&asn-ref=miamistylerentals&ref=miamistylerentals&bookable-only=yes&full-items=yes&marketplace=yes&flow=no,"<script src=""https://fareharbor.com/embeds/script/calendar/shuttlelinerofocala/items/540333/?asn=fhdn&asn-ref=miamistylerentals&ref=miamistylerentals&bookable-only=yes&full-items=yes&marketplace=yes&flow=no""></script>",https://fareharbor.com/embeds/book/shuttlelinerofocala/items/540333/?asn=fhdn&asn-ref=miamistylerentals&ref=miamistylerentals&bookable-only=yes&full-items=yes&marketplace=yes&flow=no,https://cdn.filestackcontent.com/dziOxGBqRGuCp0QcbO9f
The French Company Orlando,thefrenchcompany-orlando,info@thefrenchcompany.fr,+1 786 585 6139,United States/Florida/Orlando,,,543891,Visite des Everglades en français,Airboat,1,49,90,7,30,60,90,180,https://fareharbor.com/embeds/calendar/thefrenchcompany-orlando/items/543891/?asn=fhdn&asn-ref=miamistylerentals&ref=miamistylerentals&bookable-only=yes&full-items=yes&marketplace=yes&flow=no,"<script src=""https://fareharbor.com/embeds/script/calendar/thefrenchcompany-orlando/items/543891/?asn=fhdn&asn-ref=miamistylerentals&ref=miamistylerentals&bookable-only=yes&full-items=yes&marketplace=yes&flow=no""></script>",https://fareharbor.com/embeds/book/thefrenchcompany-orlando/items/543891/?asn=fhdn&asn-ref=miamistylerentals&ref=miamistylerentals&bookable-only=yes&full-items=yes&marketplace=yes&flow=no,https://cdn.filestackcontent.com/sjYgcHh6QIKMzyDQJbL1
The French Company Orlando,thefrenchcompany-orlando,info@thefrenchcompany.fr,+1 786 585 6139,United States/Florida/Orlando,,,543942,Visite du Centre Spatial Kennedy en français,Guided Tour,1,49,90,7,30,60,90,180,https://fareharbor.com/embeds/calendar/thefrenchcompany-orlando/items/543942/?asn=fhdn&asn-ref=miamistylerentals&ref=miamistylerentals&bookable-only=yes&full-items=yes&marketplace=yes&flow=no,"<script src=""https://fareharbor.com/embeds/script/calendar/thefrenchcompany-orlando/items/543942/?asn=fhdn&asn-ref=miamistylerentals&ref=miamistylerentals&bookable-only=yes&full-items=yes&marketplace=yes&flow=no""></script>",https://fareharbor.com/embeds/book/thefrenchcompany-orlando/items/543942/?asn=fhdn&asn-ref=miamistylerentals&ref=miamistylerentals&bookable-only=yes&full-items=yes&marketplace=yes&flow=no,https://cdn.filestackcontent.com/qcLJyyO5RuqPlFQ3RipA
A Harrowing Escape,aharrowingescape,support@aharrowingescape.com,407-270-5444,United States/Florida/Orlando,,,573616,Events/Parties/Large Groups,,1,49,90,7,30,60,90,180,https://fareharbor.com/embeds/calendar/aharrowingescape/items/573616/?asn=fhdn&asn-ref=miamistylerentals&ref=miamistylerentals&bookable-only=yes&full-items=yes&marketplace=yes&flow=no,"<script src=""https://fareharbor.com/embeds/script/calendar/aharrowingescape/items/573616/?asn=fhdn&asn-ref=miamistylerentals&ref=miamistylerentals&bookable-only=yes&full-items=yes&marketplace=yes&flow=no""></script>",https://fareharbor.com/embeds/book/aharrowingescape/items/573616/?asn=fhdn&asn-ref=miamistylerentals&ref=miamistylerentals&bookable-only=yes&full-items=yes&marketplace=yes&flow=no,https://cdn.filestackcontent.com/QMSAFdgQV2OyKIUtPkC1
Trident Charters,tridentcharters,reservations@tridentcharters.com,(340) 998-2500,U.S. Virgin Islands/St. Thomas,,,587804,Off Da Rock - BVI Private Charter,Boat Tour,1,49,90,7,30,60,90,180,https://fareharbor.com/embeds/calendar/tridentcharters/items/587804/?asn=fhdn&asn-ref=miamistylerentals&ref=miamistylerentals&bookable-only=yes&full-items=yes&marketplace=yes&flow=no,"<script src=""https://fareharbor.com/embeds/script/calendar/tridentcharters/items/587804/?asn=fhdn&asn-ref=miamistylerentals&ref=miamistylerentals&bookable-only=yes&full-items=yes&marketplace=yes&flow=no""></script>",https://fareharbor.com/embeds/book/tridentcharters/items/587804/?asn=fhdn&asn-ref=miamistylerentals&ref=miamistylerentals&bookable-only=yes&full-items=yes&marketplace=yes&flow=no,https://cdn.filestackcontent.com/ExHPBaqSFey5hSC7ih6Q
Trident Charters,tridentcharters,reservations@tridentcharters.com,(340) 998-2500,U.S. Virgin Islands/St. Thomas,,,587808,Off Da Rock - USVI Private Charter,Boat Tour,1,49,270,21,90,180,270,540,https://fareharbor.com/embeds/calendar/tridentcharters/items/587808/?asn=fhdn&asn-ref=miamistylerentals&ref=miamistylerentals&bookable-only=yes&full-items=yes&marketplace=yes&flow=no,"<script src=""https://fareharbor.com/embeds/script/calendar/tridentcharters/items/587808/?asn=fhdn&asn-ref=miamistylerentals&ref=miamistylerentals&bookable-only=yes&full-items=yes&marketplace=yes&flow=no""></script>",https://fareharbor.com/embeds/book/tridentcharters/items/587808/?asn=fhdn&asn-ref=miamistylerentals&ref=miamistylerentals&bookable-only=yes&full-items=yes&marketplace=yes&flow=no,https://cdn.filestackcontent.com/RlW1oObJQPuMgiGaAwz4
Adventures in Florida,adventuresinflorida,info@adventuresinflorida.com,(407) 924-3375,United States/Florida/Chuluota,,,692971,Orlando Alligator Experience,Kayak,1,49,90,7,30,60,90,180,https://fareharbor.com/embeds/calendar/adventuresinflorida/items/692971/?asn=fhdn&asn-ref=miamistylerentals&ref=miamistylerentals&bookable-only=yes&full-items=yes&marketplace=yes&flow=no,"<script src=""https://fareharbor.com/embeds/script/calendar/adventuresinflorida/items/692971/?asn=fhdn&asn-ref=miamistylerentals&ref=miamistylerentals&bookable-only=yes&full-items=yes&marketplace=yes&flow=no""></script>",https://fareharbor.com/embeds/book/adventuresinflorida/items/692971/?asn=fhdn&asn-ref=miamistylerentals&ref=miamistylerentals&bookable-only=yes&full-items=yes&marketplace=yes&flow=no,https://cdn.filestackcontent.com/NsTbyeI3R5W18vA7Tqna
Adventures in Florida,adventuresinflorida,info@adventuresinflorida.com,(407) 924-3375,United States/Florida/PT CANAVERAL,,,693017,Bioluminescence Tour,Kayak,1,49,154,0,34,94,154,278,https://fareharbor.com/embeds/calendar/adventuresinflorida/items/693017/?asn=fhdn&asn-ref=miamistylerentals&ref=miamistylerentals&bookable-only=yes&full-items=yes&marketplace=yes&flow=no,"<script src=""https://fareharbor.com/embeds/script/calendar/adventuresinflorida/items/693017/?asn=fhdn&asn-ref=miamistylerentals&ref=miamistylerentals&bookable-only=yes&full-items=yes&marketplace=yes&flow=no""></script>",https://fareharbor.com/embeds/book/adventuresinflorida/items/693017/?asn=fhdn&asn-ref=miamistylerentals&ref=miamistylerentals&bookable-only=yes&full-items=yes&marketplace=yes&flow=no,https://cdn.filestackcontent.com/LLqk0lqYRo1RFOfkSMS4
Adventures in Florida,adventuresinflorida,info@adventuresinflorida.com,(407) 924-3375,United States/Florida/Orange City,,,693022,Orlando Manatee Encounter,Wildlife,1,49,180,14,60,120,180,360,https://fareharbor.com/embeds/calendar/adventuresinflorida/items/693022/?asn=fhdn&asn-ref=miamistylerentals&ref=miamistylerentals&bookable-only=yes&full-items=yes&marketplace=yes&flow=no,"<script src=""https://fareharbor.com/embeds/script/calendar/adventuresinflorida/items/693022/?asn=fhdn&asn-ref=miamistylerentals&ref=miamistylerentals&bookable-only=yes&full-items=yes&marketplace=yes&flow=no""></script>",https://fareharbor.com/embeds/book/adventuresinflorida/items/693022/?asn=fhdn&asn-ref=miamistylerentals&ref=miamistylerentals&bookable-only=yes&full-items=yes&marketplace=yes&flow=no,https://cdn.filestackcontent.com/J5Rih2cTjCUyV9PNGmog
Adventures in Florida,adventuresinflorida,info@adventuresinflorida.com,(407) 924-3375,United States/Florida/Orange City,,,693028,Private Orlando Manatee Encounter,Kayak,1,49,180,14,60,120,180,360,https://fareharbor.com/embeds/calendar/adventuresinflorida/items/693028/?asn=fhdn&asn-ref=miamistylerentals&ref=miamistylerentals&bookable-only=yes&full-items=yes&marketplace=yes&flow=no,"<script src=""https://fareharbor.com/embeds/script/calendar/adventuresinflorida/items/693028/?asn=fhdn&asn-ref=miamistylerentals&ref=miamistylerentals&bookable-only=yes&full-items=yes&marketplace=yes&flow=no""></script>",https://fareharbor.com/embeds/book/adventuresinflorida/items/693028/?asn=fhdn&asn-ref=miamistylerentals&ref=miamistylerentals&bookable-only=yes&full-items=yes&marketplace=yes&flow=no,https://cdn.filestackcontent.com/fjeL8RIUSJqeOtLUTUhy
Adventures in Florida,adventuresinflorida,info@adventuresinflorida.com,(407) 924-3375,United States/Florida/Eustis,,,693033,The Mysterious Blackwater Creek,Kayak,1,49,90,7,30,60,90,180,https://fareharbor.com/embeds/calendar/adventuresinflorida/items/693033/?asn=fhdn&asn-ref=miamistylerentals&ref=miamistylerentals&bookable-only=yes&full-items=yes&marketplace=yes&flow=no,"<script src=""https://fareharbor.com/embeds/script/calendar/adventuresinflorida/items/693033/?asn=fhdn&asn-ref=miamistylerentals&ref=miamistylerentals&bookable-only=yes&full-items=yes&marketplace=yes&flow=no""></script>",https://fareharbor.com/embeds/book/adventuresinflorida/items/693033/?asn=fhdn&asn-ref=miamistylerentals&ref=miamistylerentals&bookable-only=yes&full-items=yes&marketplace=yes&flow=no,https://cdn.filestackcontent.com/rvB9UAfTC6ooa723BHoI
Adventures in Florida,adventuresinflorida,info@adventuresinflorida.com,(407) 924-3375,United States/Florida/Sanford,,,693038,Wekiva River Kayak Tour,Kayak,1,49,90,7,30,60,90,180,https://fareharbor.com/embeds/calendar/adventuresinflorida/items/693038/?asn=fhdn&asn-ref=miamistylerentals&ref=miamistylerentals&bookable-only=yes&full-items=yes&marketplace=yes&flow=no,"<script src=""https://fareharbor.com/embeds/script/calendar/adventuresinflorida/items/693038/?asn=fhdn&asn-ref=miamistylerentals&ref=miamistylerentals&bookable-only=yes&full-items=yes&marketplace=yes&flow=no""></script>",https://fareharbor.com/embeds/book/adventuresinflorida/items/693038/?asn=fhdn&asn-ref=miamistylerentals&ref=miamistylerentals&bookable-only=yes&full-items=yes&marketplace=yes&flow=no,https://cdn.filestackcontent.com/eu1tY5cRviCvSKMkTabg
Adventures in Florida,adventuresinflorida,info@adventuresinflorida.com,(407) 924-3375,United States/Florida/Sanford,,,693046,Private Wekiva River Tour,Eco Tour,1,49,90,7,30,60,90,180,https://fareharbor.com/embeds/calendar/adventuresinflorida/items/693046/?asn=fhdn&asn-ref=miamistylerentals&ref=miamistylerentals&bookable-only=yes&full-items=yes&marketplace=yes&flow=no,"<script src=""https://fareharbor.com/embeds/script/calendar/adventuresinflorida/items/693046/?asn=fhdn&asn-ref=miamistylerentals&ref=miamistylerentals&bookable-only=yes&full-items=yes&marketplace=yes&flow=no""></script>",https://fareharbor.com/embeds/book/adventuresinflorida/items/693046/?asn=fhdn&asn-ref=miamistylerentals&ref=miamistylerentals&bookable-only=yes&full-items=yes&marketplace=yes&flow=no,https://cdn.filestackcontent.com/p0tErWKaQ1y9SqjXjTdq
Adventures in Florida,adventuresinflorida,info@adventuresinflorida.com,(407) 924-3375,United States/Florida/Chuluota,,,693060,4 Hour Paddle • Trip Option #1,Kayak,1,49,180,14,60,120,180,360,https://fareharbor.com/embeds/calendar/adventuresinflorida/items/693060/?asn=fhdn&asn-ref=miamistylerentals&ref=miamistylerentals&bookable-only=yes&full-items=yes&marketplace=yes&flow=no,"<script src=""https://fareharbor.com/embeds/script/calendar/adventuresinflorida/items/693060/?asn=fhdn&asn-ref=miamistylerentals&ref=miamistylerentals&bookable-only=yes&full-items=yes&marketplace=yes&flow=no""></script>",https://fareharbor.com/embeds/book/adventuresinflorida/items/693060/?asn=fhdn&asn-ref=miamistylerentals&ref=miamistylerentals&bookable-only=yes&full-items=yes&marketplace=yes&flow=no,https://cdn.filestackcontent.com/5rRHYmiaSUK0FBVO1Qeb
Adventures in Florida,adventuresinflorida,info@adventuresinflorida.com,(407) 924-3375,United States/Florida/Chuluota,,,693069,2 Day Paddle • Trip Option #1,Kayak,1,49,180,14,60,120,180,360,https://fareharbor.com/embeds/calendar/adventuresinflorida/items/693069/?asn=fhdn&asn-ref=miamistylerentals&ref=miamistylerentals&bookable-only=yes&full-items=yes&marketplace=yes&flow=no,"<script src=""https://fareharbor.com/embeds/script/calendar/adventuresinflorida/items/693069/?asn=fhdn&asn-ref=miamistylerentals&ref=miamistylerentals&bookable-only=yes&full-items=yes&marketplace=yes&flow=no""></script>",https://fareharbor.com/embeds/book/adventuresinflorida/items/693069/?asn=fhdn&asn-ref=miamistylerentals&ref=miamistylerentals&bookable-only=yes&full-items=yes&marketplace=yes&flow=no,https://cdn.filestackcontent.com/NtbcocySAWqvla3wWlGA
Adventures in Florida,adventuresinflorida,info@adventuresinflorida.com,(407) 924-3375,United States/Florida/Chuluota,,,693074,3 Day Paddle • Trip Option #1,Kayak,1,49,180,14,60,120,180,360,https://fareharbor.com/embeds/calendar/adventuresinflorida/items/693074/?asn=fhdn&asn-ref=miamistylerentals&ref=miamistylerentals&bookable-only=yes&full-items=yes&marketplace=yes&flow=no,"<script src=""https://fareharbor.com/embeds/script/calendar/adventuresinflorida/items/693074/?asn=fhdn&asn-ref=miamistylerentals&ref=miamistylerentals&bookable-only=yes&full-items=yes&marketplace=yes&flow=no""></script>",https://fareharbor.com/embeds/book/adventuresinflorida/items/693074/?asn=fhdn&asn-ref=miamistylerentals&ref=miamistylerentals&bookable-only=yes&full-items=yes&marketplace=yes&flow=no,https://cdn.filestackcontent.com/4AE6tsMpTM2HVizPplV6
Adventures in Florida,adventuresinflorida,info@adventuresinflorida.com,(407) 924-3375,United States/Florida/Chuluota,,,693087,5-6 Hour Paddle • Trip Option #2,Kayak,1,49,180,14,60,120,180,360,https://fareharbor.com/embeds/calendar/adventuresinflorida/items/693087/?asn=fhdn&asn-ref=miamistylerentals&ref=miamistylerentals&bookable-only=yes&full-items=yes&marketplace=yes&flow=no,"<script src=""https://fareharbor.com/embeds/script/calendar/adventuresinflorida/items/693087/?asn=fhdn&asn-ref=miamistylerentals&ref=miamistylerentals&bookable-only=yes&full-items=yes&marketplace=yes&flow=no""></script>",https://fareharbor.com/embeds/book/adventuresinflorida/items/693087/?asn=fhdn&asn-ref=miamistylerentals&ref=miamistylerentals&bookable-only=yes&full-items=yes&marketplace=yes&flow=no,https://cdn.filestackcontent.com/me2xuK9BTemrYyNRQqwF
Adventures in Florida,adventuresinflorida,info@adventuresinflorida.com,(407) 924-3375,United States/Florida/Chuluota,,,693091,2 Day Paddle • Trip Option #2,Kayak,1,49,180,14,60,120,180,360,https://fareharbor.com/embeds/calendar/adventuresinflorida/items/693091/?asn=fhdn&asn-ref=miamistylerentals&ref=miamistylerentals&bookable-only=yes&full-items=yes&marketplace=yes&flow=no,"<script src=""https://fareharbor.com/embeds/script/calendar/adventuresinflorida/items/693091/?asn=fhdn&asn-ref=miamistylerentals&ref=miamistylerentals&bookable-only=yes&full-items=yes&marketplace=yes&flow=no""></script>",https://fareharbor.com/embeds/book/adventuresinflorida/items/693091/?asn=fhdn&asn-ref=miamistylerentals&ref=miamistylerentals&bookable-only=yes&full-items=yes&marketplace=yes&flow=no,https://cdn.filestackcontent.com/xmSaA5cT5qejTeihB5DV
A Harrowing Escape,aharrowingescape,support@aharrowingescape.com,407-270-5444,United States/Florida/Orlando,,,707498,A Frigid Flight (Open Experience),,1,49,860,67,284,572,860,1719,https://fareharbor.com/embeds/calendar/aharrowingescape/items/707498/?asn=fhdn&asn-ref=miamistylerentals&ref=miamistylerentals&bookable-only=yes&full-items=yes&marketplace=yes&flow=no,"<script src=""https://fareharbor.com/embeds/script/calendar/aharrowingescape/items/707498/?asn=fhdn&asn-ref=miamistylerentals&ref=miamistylerentals&bookable-only=yes&full-items=yes&marketplace=yes&flow=no""></script>",https://fareharbor.com/embeds/book/aharrowingescape/items/707498/?asn=fhdn&asn-ref=miamistylerentals&ref=miamistylerentals&bookable-only=yes&full-items=yes&marketplace=yes&flow=no,
Fabulous Buses,fabulousbuses,info@fabulousbuses.com,(407)885-1252,United States/Florida/Orlando,,,343137,Holiday Inn Waterpark - Disney,,3,47,360,28,120,240,360,719,https://fareharbor.com/embeds/calendar/fabulousbuses/items/343137/?asn=fhdn&asn-ref=miamistylerentals&ref=miamistylerentals&bookable-only=yes&full-items=yes&marketplace=yes&flow=no,"<script src=""https://fareharbor.com/embeds/script/calendar/fabulousbuses/items/343137/?asn=fhdn&asn-ref=miamistylerentals&ref=miamistylerentals&bookable-only=yes&full-items=yes&marketplace=yes&flow=no""></script>",https://fareharbor.com/embeds/book/fabulousbuses/items/343137/?asn=fhdn&asn-ref=miamistylerentals&ref=miamistylerentals&bookable-only=yes&full-items=yes&marketplace=yes&flow=no,https://cdn.filestackcontent.com/4FZEDFYZQn2W3Fz4Rclc
Speakeasy Murder - Buena Park,speakeasymurder-buenapark,Hello@speakeasymurder.com,623-270-5115,United States/California/Buena Park,,,701501,Speakeasy Murder in Buena Park,Other,1,47,33,0,6,20,33,71,https://fareharbor.com/embeds/calendar/speakeasymurder-buenapark/items/701501/?asn=fhdn&asn-ref=miamistylerentals&ref=miamistylerentals&bookable-only=yes&full-items=yes&marketplace=yes&flow=no,"<script src=""https://fareharbor.com/embeds/script/calendar/speakeasymurder-buenapark/items/701501/?asn=fhdn&asn-ref=miamistylerentals&ref=miamistylerentals&bookable-only=yes&full-items=yes&marketplace=yes&flow=no""></script>",https://fareharbor.com/embeds/book/speakeasymurder-buenapark/items/701501/?asn=fhdn&asn-ref=miamistylerentals&ref=miamistylerentals&bookable-only=yes&full-items=yes&marketplace=yes&flow=no,https://cdn.filestackcontent.com/X90HYLZjRf6AUjF2yM8v
Fabulous Buses,fabulousbuses,info@fabulousbuses.com,(407)885-1252,United States/Florida/Orlando,,,347018,Villatel Orlando Resort - Universal,,1,46,270,21,90,180,270,540,https://fareharbor.com/embeds/calendar/fabulousbuses/items/347018/?asn=fhdn&asn-ref=miamistylerentals&ref=miamistylerentals&bookable-only=yes&full-items=yes&marketplace=yes&flow=no,"<script src=""https://fareharbor.com/embeds/script/calendar/fabulousbuses/items/347018/?asn=fhdn&asn-ref=miamistylerentals&ref=miamistylerentals&bookable-only=yes&full-items=yes&marketplace=yes&flow=no""></script>",https://fareharbor.com/embeds/book/fabulousbuses/items/347018/?asn=fhdn&asn-ref=miamistylerentals&ref=miamistylerentals&bookable-only=yes&full-items=yes&marketplace=yes&flow=no,https://cdn.filestackcontent.com/GxlZDkQSruofNyQpFWCw
Raised By Water Airboat,raisedbywaterairboatadventures,info@raisedbywaterairboatadventures.com,(407) 906-3270,United States/Florida/Sanford,,,711691,Sunset Adventure,,1,46,270,21,90,180,270,540,https://fareharbor.com/embeds/calendar/raisedbywaterairboatadventures/items/711691/?asn=fhdn&asn-ref=miamistylerentals&ref=miamistylerentals&bookable-only=yes&full-items=yes&marketplace=yes&flow=no,"<script src=""https://fareharbor.com/embeds/script/calendar/raisedbywaterairboatadventures/items/711691/?asn=fhdn&asn-ref=miamistylerentals&ref=miamistylerentals&bookable-only=yes&full-items=yes&marketplace=yes&flow=no""></script>",https://fareharbor.com/embeds/book/raisedbywaterairboatadventures/items/711691/?asn=fhdn&asn-ref=miamistylerentals&ref=miamistylerentals&bookable-only=yes&full-items=yes&marketplace=yes&flow=no,https://cdn.filestackcontent.com/dB8hN5m0TeaTp7Cyalxv
KT Artistry,ktartistry,ktartistry1@gmail.com,402/699/9252,United States/Florida/Orlando,,,37909,Beginners Paint Class,,5,45,13,1,5,9,13,26,https://fareharbor.com/embeds/calendar/ktartistry/items/37909/?asn=fhdn&asn-ref=miamistylerentals&ref=miamistylerentals&bookable-only=yes&full-items=yes&marketplace=yes&flow=no,"<script src=""https://fareharbor.com/embeds/script/calendar/ktartistry/items/37909/?asn=fhdn&asn-ref=miamistylerentals&ref=miamistylerentals&bookable-only=yes&full-items=yes&marketplace=yes&flow=no""></script>",https://fareharbor.com/embeds/book/ktartistry/items/37909/?asn=fhdn&asn-ref=miamistylerentals&ref=miamistylerentals&bookable-only=yes&full-items=yes&marketplace=yes&flow=no,https://cdn.filestackcontent.com/TUrPy1JTSGHgr89ME3ZQ
All Guest Services,allguestservices,orders@allguest.com,1.800.393.1775,United States/Florida/Orlando,,,64904,1-Day Aquatica Waterpark,,9,45,0,0,0,0,0,0,https://fareharbor.com/embeds/calendar/allguestservices/items/64904/?asn=fhdn&asn-ref=miamistylerentals&ref=miamistylerentals&bookable-only=yes&full-items=yes&marketplace=yes&flow=no,"<script src=""https://fareharbor.com/embeds/script/calendar/allguestservices/items/64904/?asn=fhdn&asn-ref=miamistylerentals&ref=miamistylerentals&bookable-only=yes&full-items=yes&marketplace=yes&flow=no""></script>",https://fareharbor.com/embeds/book/allguestservices/items/64904/?asn=fhdn&asn-ref=miamistylerentals&ref=miamistylerentals&bookable-only=yes&full-items=yes&marketplace=yes&flow=no,https://cdn.filestackcontent.com/Ayoqrf5HTGKu1DROQVhy
All Guest Services,allguestservices,orders@allguest.com,1.800.393.1775,United States/Florida/Orlando,,,65126,Kennedy Space Center Visitors Complex Tickets,,5,45,0,0,0,0,0,0,https://fareharbor.com/embeds/calendar/allguestservices/items/65126/?asn=fhdn&asn-ref=miamistylerentals&ref=miamistylerentals&bookable-only=yes&full-items=yes&marketplace=yes&flow=no,"<script src=""https://fareharbor.com/embeds/script/calendar/allguestservices/items/65126/?asn=fhdn&asn-ref=miamistylerentals&ref=miamistylerentals&bookable-only=yes&full-items=yes&marketplace=yes&flow=no""></script>",https://fareharbor.com/embeds/book/allguestservices/items/65126/?asn=fhdn&asn-ref=miamistylerentals&ref=miamistylerentals&bookable-only=yes&full-items=yes&marketplace=yes&flow=no,https://cdn.filestackcontent.com/Wx0HWokAQFcYX8zJdQFw
Sailing Orlando,sailingorlando,info@sailingorlando.com,407-758-2730,United States/Florida/Orlando,,,210041,Two Hour Day Sail,Boat Tour-Food Tour-Sailing,16,45,0,0,0,0,0,0,https://fareharbor.com/embeds/calendar/sailingorlando/items/210041/?asn=fhdn&asn-ref=miamistylerentals&ref=miamistylerentals&bookable-only=yes&full-items=yes&marketplace=yes&flow=no,"<script src=""https://fareharbor.com/embeds/script/calendar/sailingorlando/items/210041/?asn=fhdn&asn-ref=miamistylerentals&ref=miamistylerentals&bookable-only=yes&full-items=yes&marketplace=yes&flow=no""></script>",https://fareharbor.com/embeds/book/sailingorlando/items/210041/?asn=fhdn&asn-ref=miamistylerentals&ref=miamistylerentals&bookable-only=yes&full-items=yes&marketplace=yes&flow=no,https://cdn.filestackcontent.com/MMULPtdGRsif2Sa5SVjF
International Heli-Tours,orlandohelitours,info@orlandohelitours.com,407-239-8687,United States/Florida/Orlando,-81.47302,28.435146,314799,SeaWorld/Universal Combo • New Orlando Location,,2,45,540,42,180,360,540,1074,https://fareharbor.com/embeds/calendar/orlandohelitours/items/314799/?asn=fhdn&asn-ref=miamistylerentals&ref=miamistylerentals&bookable-only=yes&full-items=yes&marketplace=yes&flow=no,"<script src=""https://fareharbor.com/embeds/script/calendar/orlandohelitours/items/314799/?asn=fhdn&asn-ref=miamistylerentals&ref=miamistylerentals&bookable-only=yes&full-items=yes&marketplace=yes&flow=no""></script>",https://fareharbor.com/embeds/book/orlandohelitours/items/314799/?asn=fhdn&asn-ref=miamistylerentals&ref=miamistylerentals&bookable-only=yes&full-items=yes&marketplace=yes&flow=no,https://cdn.filestackcontent.com/GLoIUHytQdi1ahvb4OiP
International Heli-Tours,orlandohelitours,info@orlandohelitours.com,407-239-8687,United States/Florida/Orlando,-81.47302,28.435146,314803,Grand Park Adventure • New Orlando Location,,2,45,540,42,180,360,540,1076,https://fareharbor.com/embeds/calendar/orlandohelitours/items/314803/?asn=fhdn&asn-ref=miamistylerentals&ref=miamistylerentals&bookable-only=yes&full-items=yes&marketplace=yes&flow=no,"<script src=""https://fareharbor.com/embeds/script/calendar/orlandohelitours/items/314803/?asn=fhdn&asn-ref=miamistylerentals&ref=miamistylerentals&bookable-only=yes&full-items=yes&marketplace=yes&flow=no""></script>",https://fareharbor.com/embeds/book/orlandohelitours/items/314803/?asn=fhdn&asn-ref=miamistylerentals&ref=miamistylerentals&bookable-only=yes&full-items=yes&marketplace=yes&flow=no,https://cdn.filestackcontent.com/Rf0vLs8yQEur2hvuj7k4
Sailing Orlando,sailingorlando,info@sailingorlando.com,407-758-2730,United States/Florida/Orlando,-81.414677,28.595719799999998,398096,3-Day ASA 101 Sailing Class,Boat Rental-Boat Tour-Marina-Sailing,6,45,0,0,0,0,0,0,https://fareharbor.com/embeds/calendar/sailingorlando/items/398096/?asn=fhdn&asn-ref=miamistylerentals&ref=miamistylerentals&bookable-only=yes&full-items=yes&marketplace=yes&flow=no,"<script src=""https://fareharbor.com/embeds/script/calendar/sailingorlando/items/398096/?asn=fhdn&asn-ref=miamistylerentals&ref=miamistylerentals&bookable-only=yes&full-items=yes&marketplace=yes&flow=no""></script>",https://fareharbor.com/embeds/book/sailingorlando/items/398096/?asn=fhdn&asn-ref=miamistylerentals&ref=miamistylerentals&bookable-only=yes&full-items=yes&marketplace=yes&flow=no,https://cdn.filestackcontent.com/vMAtTrURz2rz9UeqcVYg
All Guest Services,allguestservices,orders@allguest.com,1.800.393.1775,United States/Florida/Orlando,,,467272,1-Day SeaWorld Orlando,,12,45,0,0,0,0,0,0,https://fareharbor.com/embeds/calendar/allguestservices/items/467272/?asn=fhdn&asn-ref=miamistylerentals&ref=miamistylerentals&bookable-only=yes&full-items=yes&marketplace=yes&flow=no,"<script src=""https://fareharbor.com/embeds/script/calendar/allguestservices/items/467272/?asn=fhdn&asn-ref=miamistylerentals&ref=miamistylerentals&bookable-only=yes&full-items=yes&marketplace=yes&flow=no""></script>",https://fareharbor.com/embeds/book/allguestservices/items/467272/?asn=fhdn&asn-ref=miamistylerentals&ref=miamistylerentals&bookable-only=yes&full-items=yes&marketplace=yes&flow=no,https://cdn.filestackcontent.com/L9xtRyx0Q4GHpAaSS3ie
Native Bass Fishing Charters LLC,nativebassfishing,Nativebassfishing@gmail.com,407 455 4521,United States/Florida/Orlando,,,510022,Orlando Bass Fishing Charters,,7,45,90,7,30,60,90,179,https://fareharbor.com/embeds/calendar/nativebassfishing/items/510022/?asn=fhdn&asn-ref=miamistylerentals&ref=miamistylerentals&bookable-only=yes&full-items=yes&marketplace=yes&flow=no,"<script src=""https://fareharbor.com/embeds/script/calendar/nativebassfishing/items/510022/?asn=fhdn&asn-ref=miamistylerentals&ref=miamistylerentals&bookable-only=yes&full-items=yes&marketplace=yes&flow=no""></script>",https://fareharbor.com/embeds/book/nativebassfishing/items/510022/?asn=fhdn&asn-ref=miamistylerentals&ref=miamistylerentals&bookable-only=yes&full-items=yes&marketplace=yes&flow=no,https://cdn.filestackcontent.com/lZyMgBfiSx6WjXv17vHY
Stroke of Art,stroke-of-art,info@stroke-of-art.com,14079007501,United States/Florida/Orlando,-81.469162,28.440177,547913,Fluid Drip & Sip: Create Abstract Art with Wine and Drip Painting,Paint and Sip,1,45,24,2,9,15,24,48,https://fareharbor.com/embeds/calendar/stroke-of-art/items/547913/?asn=fhdn&asn-ref=miamistylerentals&ref=miamistylerentals&bookable-only=yes&full-items=yes&marketplace=yes&flow=no,"<script src=""https://fareharbor.com/embeds/script/calendar/stroke-of-art/items/547913/?asn=fhdn&asn-ref=miamistylerentals&ref=miamistylerentals&bookable-only=yes&full-items=yes&marketplace=yes&flow=no""></script>",https://fareharbor.com/embeds/book/stroke-of-art/items/547913/?asn=fhdn&asn-ref=miamistylerentals&ref=miamistylerentals&bookable-only=yes&full-items=yes&marketplace=yes&flow=no,https://cdn.filestackcontent.com/E3ZiAOBSC2CIqf8V0dj7
Pirates Dinner Adventure - Sandbox,piratesdinneradventure-sandbox,customerservicefl@pirates-town.com,407-206-5102,United States/Florida/Orlando,,,687591,Pirates Dinner Adventure Tickets,Dinner Boat,0,45,90,7,30,60,90,180,https://fareharbor.com/embeds/calendar/piratesdinneradventure-sandbox/items/687591/?asn=fhdn&asn-ref=miamistylerentals&ref=miamistylerentals&bookable-only=yes&full-items=yes&marketplace=yes&flow=no,"<script src=""https://fareharbor.com/embeds/script/calendar/piratesdinneradventure-sandbox/items/687591/?asn=fhdn&asn-ref=miamistylerentals&ref=miamistylerentals&bookable-only=yes&full-items=yes&marketplace=yes&flow=no""></script>",https://fareharbor.com/embeds/book/piratesdinneradventure-sandbox/items/687591/?asn=fhdn&asn-ref=miamistylerentals&ref=miamistylerentals&bookable-only=yes&full-items=yes&marketplace=yes&flow=no,https://cdn.filestackcontent.com/a7cMaDDGQV2sfUFNXRPq
Adventures in Florida,adventuresinflorida,info@adventuresinflorida.com,(407) 924-3375,United States/Florida/Chuluota,,,693094,3 Day Paddle • Trip Option #2,Kayak,0,45,180,14,60,120,180,360,https://fareharbor.com/embeds/calendar/adventuresinflorida/items/693094/?asn=fhdn&asn-ref=miamistylerentals&ref=miamistylerentals&bookable-only=yes&full-items=yes&marketplace=yes&flow=no,"<script src=""https://fareharbor.com/embeds/script/calendar/adventuresinflorida/items/693094/?asn=fhdn&asn-ref=miamistylerentals&ref=miamistylerentals&bookable-only=yes&full-items=yes&marketplace=yes&flow=no""></script>",https://fareharbor.com/embeds/book/adventuresinflorida/items/693094/?asn=fhdn&asn-ref=miamistylerentals&ref=miamistylerentals&bookable-only=yes&full-items=yes&marketplace=yes&flow=no,
Adventures in Florida,adventuresinflorida,info@adventuresinflorida.com,(407) 924-3375,United States/Florida/Chuluota,,,693099,8-10 Hour Paddle • Trip Option #3,Kayak,0,45,180,14,60,120,180,360,https://fareharbor.com/embeds/calendar/adventuresinflorida/items/693099/?asn=fhdn&asn-ref=miamistylerentals&ref=miamistylerentals&bookable-only=yes&full-items=yes&marketplace=yes&flow=no,"<script src=""https://fareharbor.com/embeds/script/calendar/adventuresinflorida/items/693099/?asn=fhdn&asn-ref=miamistylerentals&ref=miamistylerentals&bookable-only=yes&full-items=yes&marketplace=yes&flow=no""></script>",https://fareharbor.com/embeds/book/adventuresinflorida/items/693099/?asn=fhdn&asn-ref=miamistylerentals&ref=miamistylerentals&bookable-only=yes&full-items=yes&marketplace=yes&flow=no,
Adventures in Florida,adventuresinflorida,info@adventuresinflorida.com,(407) 924-3375,United States/Florida/Chuluota,,,693106,2 Day Paddle • Trip Option #3,Kayak,0,45,180,14,60,120,180,360,https://fareharbor.com/embeds/calendar/adventuresinflorida/items/693106/?asn=fhdn&asn-ref=miamistylerentals&ref=miamistylerentals&bookable-only=yes&full-items=yes&marketplace=yes&flow=no,"<script src=""https://fareharbor.com/embeds/script/calendar/adventuresinflorida/items/693106/?asn=fhdn&asn-ref=miamistylerentals&ref=miamistylerentals&bookable-only=yes&full-items=yes&marketplace=yes&flow=no""></script>",https://fareharbor.com/embeds/book/adventuresinflorida/items/693106/?asn=fhdn&asn-ref=miamistylerentals&ref=miamistylerentals&bookable-only=yes&full-items=yes&marketplace=yes&flow=no,
Adventures in Florida,adventuresinflorida,info@adventuresinflorida.com,(407) 924-3375,United States/Florida/Chuluota,,,693107,3 Day Paddle • Trip Option #3,Kayak,0,45,180,14,60,120,180,360,https://fareharbor.com/embeds/calendar/adventuresinflorida/items/693107/?asn=fhdn&asn-ref=miamistylerentals&ref=miamistylerentals&bookable-only=yes&full-items=yes&marketplace=yes&flow=no,"<script src=""https://fareharbor.com/embeds/script/calendar/adventuresinflorida/items/693107/?asn=fhdn&asn-ref=miamistylerentals&ref=miamistylerentals&bookable-only=yes&full-items=yes&marketplace=yes&flow=no""></script>",https://fareharbor.com/embeds/book/adventuresinflorida/items/693107/?asn=fhdn&asn-ref=miamistylerentals&ref=miamistylerentals&bookable-only=yes&full-items=yes&marketplace=yes&flow=no,
The French Company Orlando,thefrenchcompany-orlando,info@thefrenchcompany.fr,+1 786 585 6139,United States/Florida/Orlando,,,543952,Visite du Parc National de Blue Spring en français,Guided Tour,1,44,90,7,30,60,90,180,https://fareharbor.com/embeds/calendar/thefrenchcompany-orlando/items/543952/?asn=fhdn&asn-ref=miamistylerentals&ref=miamistylerentals&bookable-only=yes&full-items=yes&marketplace=yes&flow=no,"<script src=""https://fareharbor.com/embeds/script/calendar/thefrenchcompany-orlando/items/543952/?asn=fhdn&asn-ref=miamistylerentals&ref=miamistylerentals&bookable-only=yes&full-items=yes&marketplace=yes&flow=no""></script>",https://fareharbor.com/embeds/book/thefrenchcompany-orlando/items/543952/?asn=fhdn&asn-ref=miamistylerentals&ref=miamistylerentals&bookable-only=yes&full-items=yes&marketplace=yes&flow=no,https://cdn.filestackcontent.com/QOLvxBNySUaRUtSuSEZq
The French Company Orlando,thefrenchcompany-orlando,info@thefrenchcompany.fr,+1 786 585 6139,United States/Florida/Orlando,,,543980,Accueil personnalisé en français à l'aéroport international d'Orlando,Guided Tour,1,44,90,7,30,60,90,180,https://fareharbor.com/embeds/calendar/thefrenchcompany-orlando/items/543980/?asn=fhdn&asn-ref=miamistylerentals&ref=miamistylerentals&bookable-only=yes&full-items=yes&marketplace=yes&flow=no,"<script src=""https://fareharbor.com/embeds/script/calendar/thefrenchcompany-orlando/items/543980/?asn=fhdn&asn-ref=miamistylerentals&ref=miamistylerentals&bookable-only=yes&full-items=yes&marketplace=yes&flow=no""></script>",https://fareharbor.com/embeds/book/thefrenchcompany-orlando/items/543980/?asn=fhdn&asn-ref=miamistylerentals&ref=miamistylerentals&bookable-only=yes&full-items=yes&marketplace=yes&flow=no,https://cdn.filestackcontent.com/QQOrc7ojSOWSY4PXtenJ
Stroke of Art,stroke-of-art,info@stroke-of-art.com,14079007501,United States/Florida/Orlando,-81.469162,28.440177,548087,School Field Trip with Stroke Of Art,Other,1,44,26,2,8,18,26,52,https://fareharbor.com/embeds/calendar/stroke-of-art/items/548087/?asn=fhdn&asn-ref=miamistylerentals&ref=miamistylerentals&bookable-only=yes&full-items=yes&marketplace=yes&flow=no,"<script src=""https://fareharbor.com/embeds/script/calendar/stroke-of-art/items/548087/?asn=fhdn&asn-ref=miamistylerentals&ref=miamistylerentals&bookable-only=yes&full-items=yes&marketplace=yes&flow=no""></script>",https://fareharbor.com/embeds/book/stroke-of-art/items/548087/?asn=fhdn&asn-ref=miamistylerentals&ref=miamistylerentals&bookable-only=yes&full-items=yes&marketplace=yes&flow=no,https://cdn.filestackcontent.com/2YmfwSodSAS0VhGsdqAH
Otter Paddle Orlando,otterpaddleorlando,info@otterpaddleorlando.com,407-952-2481,United States/Florida/Belle Isle,-81.346066,28.60982,712427,Private Paddle Board Lesson,,1,44,86,3,26,56,86,176,https://fareharbor.com/embeds/calendar/otterpaddleorlando/items/712427/?asn=fhdn&asn-ref=miamistylerentals&ref=miamistylerentals&bookable-only=yes&full-items=yes&marketplace=yes&flow=no,"<script src=""https://fareharbor.com/embeds/script/calendar/otterpaddleorlando/items/712427/?asn=fhdn&asn-ref=miamistylerentals&ref=miamistylerentals&bookable-only=yes&full-items=yes&marketplace=yes&flow=no""></script>",https://fareharbor.com/embeds/book/otterpaddleorlando/items/712427/?asn=fhdn&asn-ref=miamistylerentals&ref=miamistylerentals&bookable-only=yes&full-items=yes&marketplace=yes&flow=no,
Real Florida Adventures,realfloridaadventures,reservations@realfloridaadventures.com,407-573-2535,United States/Florida/Orlando,,,335992,Kennedy Space Center FAM Trip,Transportation,2,43,0,0,0,0,0,0,https://fareharbor.com/embeds/calendar/realfloridaadventures/items/335992/?asn=fhdn&asn-ref=miamistylerentals&ref=miamistylerentals&bookable-only=yes&full-items=yes&marketplace=yes&flow=no,"<script src=""https://fareharbor.com/embeds/script/calendar/realfloridaadventures/items/335992/?asn=fhdn&asn-ref=miamistylerentals&ref=miamistylerentals&bookable-only=yes&full-items=yes&marketplace=yes&flow=no""></script>",https://fareharbor.com/embeds/book/realfloridaadventures/items/335992/?asn=fhdn&asn-ref=miamistylerentals&ref=miamistylerentals&bookable-only=yes&full-items=yes&marketplace=yes&flow=no,https://cdn.filestackcontent.com/45WRrARYWWuSpeevdBug
Fabulous Buses,fabulousbuses,info@fabulousbuses.com,(407)885-1252,United States/Florida/Orlando,,,347016,Hyatt Grand Cypress,,2,43,629,49,210,419,629,1258,https://fareharbor.com/embeds/calendar/fabulousbuses/items/347016/?asn=fhdn&asn-ref=miamistylerentals&ref=miamistylerentals&bookable-only=yes&full-items=yes&marketplace=yes&flow=no,"<script src=""https://fareharbor.com/embeds/script/calendar/fabulousbuses/items/347016/?asn=fhdn&asn-ref=miamistylerentals&ref=miamistylerentals&bookable-only=yes&full-items=yes&marketplace=yes&flow=no""></script>",https://fareharbor.com/embeds/book/fabulousbuses/items/347016/?asn=fhdn&asn-ref=miamistylerentals&ref=miamistylerentals&bookable-only=yes&full-items=yes&marketplace=yes&flow=no,https://cdn.filestackcontent.com/Uula0rRdQGaNvZV4tZFk
Lake Fairview Marina,lakefairviewmarina,info@lakefairviewmarina.com,407-295-0117,United States/Florida/Orlando,-81.41513,28.59617,375485,AquaCat Paddle Boat Rental,,2,43,768,60,240,516,768,1536,https://fareharbor.com/embeds/calendar/lakefairviewmarina/items/375485/?asn=fhdn&asn-ref=miamistylerentals&ref=miamistylerentals&bookable-only=yes&full-items=yes&marketplace=yes&flow=no,"<script src=""https://fareharbor.com/embeds/script/calendar/lakefairviewmarina/items/375485/?asn=fhdn&asn-ref=miamistylerentals&ref=miamistylerentals&bookable-only=yes&full-items=yes&marketplace=yes&flow=no""></script>",https://fareharbor.com/embeds/book/lakefairviewmarina/items/375485/?asn=fhdn&asn-ref=miamistylerentals&ref=miamistylerentals&bookable-only=yes&full-items=yes&marketplace=yes&flow=no,https://cdn.filestackcontent.com/XfFJhnvTyewQOrxZHTxg
TPA Shuttles LLC,tpashuttlesllc,info@tpashuttles.com,8135237346,United States/Florida/Orlando,-81.307864,28.431104,386190,(MCO) Orlando Int'l Airport to Tampa Int'l Airport (TPA),,2,43,630,49,210,420,630,1260,https://fareharbor.com/embeds/calendar/tpashuttlesllc/items/386190/?asn=fhdn&asn-ref=miamistylerentals&ref=miamistylerentals&bookable-only=yes&full-items=yes&marketplace=yes&flow=no,"<script src=""https://fareharbor.com/embeds/script/calendar/tpashuttlesllc/items/386190/?asn=fhdn&asn-ref=miamistylerentals&ref=miamistylerentals&bookable-only=yes&full-items=yes&marketplace=yes&flow=no""></script>",https://fareharbor.com/embeds/book/tpashuttlesllc/items/386190/?asn=fhdn&asn-ref=miamistylerentals&ref=miamistylerentals&bookable-only=yes&full-items=yes&marketplace=yes&flow=no,https://cdn.filestackcontent.com/U6A0j7OSnm0wWVA7AktU
Polynesian Fire Productions,polynesianfireproductions,polynesianfire@mail.com,843-424-1978,United States/Florida/Kissimmee,-81.448625,28.468624,468797,"Polynesian Fire Luau in Orlando, FL",,2,43,65,5,22,44,65,117,https://fareharbor.com/embeds/calendar/polynesianfireproductions/items/468797/?asn=fhdn&asn-ref=miamistylerentals&ref=miamistylerentals&bookable-only=yes&full-items=yes&marketplace=yes&flow=no,"<script src=""https://fareharbor.com/embeds/script/calendar/polynesianfireproductions/items/468797/?asn=fhdn&asn-ref=miamistylerentals&ref=miamistylerentals&bookable-only=yes&full-items=yes&marketplace=yes&flow=no""></script>",https://fareharbor.com/embeds/book/polynesianfireproductions/items/468797/?asn=fhdn&asn-ref=miamistylerentals&ref=miamistylerentals&bookable-only=yes&full-items=yes&marketplace=yes&flow=no,https://cdn.filestackcontent.com/BRFohVMNROatkRB06du0
Fabulous Buses,fabulousbuses,info@fabulousbuses.com,(407)885-1252,United States/Florida/Orlando,-81.463269,28.474046,493613,Westgate Palace (Towers),,2,43,270,21,90,180,270,540,https://fareharbor.com/embeds/calendar/fabulousbuses/items/493613/?asn=fhdn&asn-ref=miamistylerentals&ref=miamistylerentals&bookable-only=yes&full-items=yes&marketplace=yes&flow=no,"<script src=""https://fareharbor.com/embeds/script/calendar/fabulousbuses/items/493613/?asn=fhdn&asn-ref=miamistylerentals&ref=miamistylerentals&bookable-only=yes&full-items=yes&marketplace=yes&flow=no""></script>",https://fareharbor.com/embeds/book/fabulousbuses/items/493613/?asn=fhdn&asn-ref=miamistylerentals&ref=miamistylerentals&bookable-only=yes&full-items=yes&marketplace=yes&flow=no,https://cdn.filestackcontent.com/cIBBamkyRi6H6EQ0lrzy
Epic Paddle Adventures,epicpaddleadventures,epicpaddleadventures@gmail.com,(407) 300-8781,United States/Florida/Merritt Island,-80.811031,28.621524,566048,Comb Jelly Bioluminescence Clear Kayak and LED Glow Tour,,15,43,0,0,0,0,0,88,https://fareharbor.com/embeds/calendar/epicpaddleadventures/items/566048/?asn=fhdn&asn-ref=miamistylerentals&ref=miamistylerentals&bookable-only=yes&full-items=yes&marketplace=yes&flow=no,"<script src=""https://fareharbor.com/embeds/script/calendar/epicpaddleadventures/items/566048/?asn=fhdn&asn-ref=miamistylerentals&ref=miamistylerentals&bookable-only=yes&full-items=yes&marketplace=yes&flow=no""></script>",https://fareharbor.com/embeds/book/epicpaddleadventures/items/566048/?asn=fhdn&asn-ref=miamistylerentals&ref=miamistylerentals&bookable-only=yes&full-items=yes&marketplace=yes&flow=no,https://cdn.filestackcontent.com/fiWziHx8RWGcmDUb0k3u
Original Orlando Tours,originalorlando-bbmamericallc,info@originalorlando.com,(407) 986-8687,United States/Florida/Winter Park,-81.352016,28.595212,604154,The Winter Park Cultural Experience,Walking Tour,1,43,16,1,6,10,16,19,https://fareharbor.com/embeds/calendar/originalorlando-bbmamericallc/items/604154/?asn=fhdn&asn-ref=miamistylerentals&ref=miamistylerentals&bookable-only=yes&full-items=yes&marketplace=yes&flow=no,"<script src=""https://fareharbor.com/embeds/script/calendar/originalorlando-bbmamericallc/items/604154/?asn=fhdn&asn-ref=miamistylerentals&ref=miamistylerentals&bookable-only=yes&full-items=yes&marketplace=yes&flow=no""></script>",https://fareharbor.com/embeds/book/originalorlando-bbmamericallc/items/604154/?asn=fhdn&asn-ref=miamistylerentals&ref=miamistylerentals&bookable-only=yes&full-items=yes&marketplace=yes&flow=no,https://cdn.filestackcontent.com/oigio2p5SM6NjojqPptH
International Heli-Tours,orlandohelitours,info@orlandohelitours.com,407-239-8687,United States/Florida/Orlando,-81.47302,28.435146,314740,SeaWorld/Disney Spectacular • New Orlando Location,,1,42,540,42,180,360,540,1074,https://fareharbor.com/embeds/calendar/orlandohelitours/items/314740/?asn=fhdn&asn-ref=miamistylerentals&ref=miamistylerentals&bookable-only=yes&full-items=yes&marketplace=yes&flow=no,"<script src=""https://fareharbor.com/embeds/script/calendar/orlandohelitours/items/314740/?asn=fhdn&asn-ref=miamistylerentals&ref=miamistylerentals&bookable-only=yes&full-items=yes&marketplace=yes&flow=no""></script>",https://fareharbor.com/embeds/book/orlandohelitours/items/314740/?asn=fhdn&asn-ref=miamistylerentals&ref=miamistylerentals&bookable-only=yes&full-items=yes&marketplace=yes&flow=no,https://cdn.filestackcontent.com/JsDhSV33TI2XPZrgzrjX
Venture Outdoors,ventureoutdoorsllc,astrid@ventureoutdoorsflorida.com,1-407-267-9950,United States/Florida/Eustis,-81.544325,28.91381,634014,Sunset Paddle to Florida’s Untouched Side,,8,42,0,0,0,0,0,0,https://fareharbor.com/embeds/calendar/ventureoutdoorsllc/items/634014/?asn=fhdn&asn-ref=miamistylerentals&ref=miamistylerentals&bookable-only=yes&full-items=yes&marketplace=yes&flow=no,"<script src=""https://fareharbor.com/embeds/script/calendar/ventureoutdoorsllc/items/634014/?asn=fhdn&asn-ref=miamistylerentals&ref=miamistylerentals&bookable-only=yes&full-items=yes&marketplace=yes&flow=no""></script>",https://fareharbor.com/embeds/book/ventureoutdoorsllc/items/634014/?asn=fhdn&asn-ref=miamistylerentals&ref=miamistylerentals&bookable-only=yes&full-items=yes&marketplace=yes&flow=no,https://cdn.filestackcontent.com/QQ9HeH0XSKyb9zWyhqxD
Ocean's Eight Dive Company,oceans8diving,info@oceans8diving.com,561-480-0290,United States/Florida/Boynton Beach,,,706856,2-Tank Dive Trip,,1,41,110,9,34,74,110,227,https://fareharbor.com/embeds/calendar/oceans8diving/items/706856/?asn=fhdn&asn-ref=miamistylerentals&ref=miamistylerentals&bookable-only=yes&full-items=yes&marketplace=yes&flow=no,"<script src=""https://fareharbor.com/embeds/script/calendar/oceans8diving/items/706856/?asn=fhdn&asn-ref=miamistylerentals&ref=miamistylerentals&bookable-only=yes&full-items=yes&marketplace=yes&flow=no""></script>",https://fareharbor.com/embeds/book/oceans8diving/items/706856/?asn=fhdn&asn-ref=miamistylerentals&ref=miamistylerentals&bookable-only=yes&full-items=yes&marketplace=yes&flow=no,https://cdn.filestackcontent.com/D9Goz6XnTGaLnFqUdhhZ
Real Florida Adventures,realfloridaadventures,reservations@realfloridaadventures.com,407-573-2535,United States/Florida/Orlando,-81.378927,28.538383,282662,Transportation Services,Transportation,0,40,0,0,0,0,0,0,https://fareharbor.com/embeds/calendar/realfloridaadventures/items/282662/?asn=fhdn&asn-ref=miamistylerentals&ref=miamistylerentals&bookable-only=yes&full-items=yes&marketplace=yes&flow=no,"<script src=""https://fareharbor.com/embeds/script/calendar/realfloridaadventures/items/282662/?asn=fhdn&asn-ref=miamistylerentals&ref=miamistylerentals&bookable-only=yes&full-items=yes&marketplace=yes&flow=no""></script>",https://fareharbor.com/embeds/book/realfloridaadventures/items/282662/?asn=fhdn&asn-ref=miamistylerentals&ref=miamistylerentals&bookable-only=yes&full-items=yes&marketplace=yes&flow=no,
Wandering Palm,wanderingpalmadventures,tracy@wanderingpalmadventures.com,1-407-476-1694,United States/Florida/Orlando,,,396631,Cheese and Charcuterie 101: A Hands-On Workshop,Workshop,18,40,0,0,0,0,0,1,https://fareharbor.com/embeds/calendar/wanderingpalmadventures/items/396631/?asn=fhdn&asn-ref=miamistylerentals&ref=miamistylerentals&bookable-only=yes&full-items=yes&marketplace=yes&flow=no,"<script src=""https://fareharbor.com/embeds/script/calendar/wanderingpalmadventures/items/396631/?asn=fhdn&asn-ref=miamistylerentals&ref=miamistylerentals&bookable-only=yes&full-items=yes&marketplace=yes&flow=no""></script>",https://fareharbor.com/embeds/book/wanderingpalmadventures/items/396631/?asn=fhdn&asn-ref=miamistylerentals&ref=miamistylerentals&bookable-only=yes&full-items=yes&marketplace=yes&flow=no,
Stroke of Art,stroke-of-art,info@stroke-of-art.com,14079007501,United States/Florida/Orlando,-81.469162,28.440177,547919,Beginner's Wheel Throwing: 6-Week Pottery Session,Other,1,40,12,1,5,8,12,24,https://fareharbor.com/embeds/calendar/stroke-of-art/items/547919/?asn=fhdn&asn-ref=miamistylerentals&ref=miamistylerentals&bookable-only=yes&full-items=yes&marketplace=yes&flow=no,"<script src=""https://fareharbor.com/embeds/script/calendar/stroke-of-art/items/547919/?asn=fhdn&asn-ref=miamistylerentals&ref=miamistylerentals&bookable-only=yes&full-items=yes&marketplace=yes&flow=no""></script>",https://fareharbor.com/embeds/book/stroke-of-art/items/547919/?asn=fhdn&asn-ref=miamistylerentals&ref=miamistylerentals&bookable-only=yes&full-items=yes&marketplace=yes&flow=no,https://cdn.filestackcontent.com/5wD7r7PxS6C4Hi2Yv8jA
Wandering Palm,wanderingpalmadventures,tracy@wanderingpalmadventures.com,1-407-476-1694,United States/Florida/Orlando,-81.403904,28.570347,572165,The Packing District Food Hall Crawl,,5,40,8,1,3,5,8,19,https://fareharbor.com/embeds/calendar/wanderingpalmadventures/items/572165/?asn=fhdn&asn-ref=miamistylerentals&ref=miamistylerentals&bookable-only=yes&full-items=yes&marketplace=yes&flow=no,"<script src=""https://fareharbor.com/embeds/script/calendar/wanderingpalmadventures/items/572165/?asn=fhdn&asn-ref=miamistylerentals&ref=miamistylerentals&bookable-only=yes&full-items=yes&marketplace=yes&flow=no""></script>",https://fareharbor.com/embeds/book/wanderingpalmadventures/items/572165/?asn=fhdn&asn-ref=miamistylerentals&ref=miamistylerentals&bookable-only=yes&full-items=yes&marketplace=yes&flow=no,
Original Orlando Tours,originalorlando-bbmamericallc,info@originalorlando.com,(407) 986-8687,United States/Florida/Orlando,-81.468623,28.443171,579107,Flavors of ICON Park - Foodie Walking Tour,Food Tour,1,40,13,1,5,9,13,15,https://fareharbor.com/embeds/calendar/originalorlando-bbmamericallc/items/579107/?asn=fhdn&asn-ref=miamistylerentals&ref=miamistylerentals&bookable-only=yes&full-items=yes&marketplace=yes&flow=no,"<script src=""https://fareharbor.com/embeds/script/calendar/originalorlando-bbmamericallc/items/579107/?asn=fhdn&asn-ref=miamistylerentals&ref=miamistylerentals&bookable-only=yes&full-items=yes&marketplace=yes&flow=no""></script>",https://fareharbor.com/embeds/book/originalorlando-bbmamericallc/items/579107/?asn=fhdn&asn-ref=miamistylerentals&ref=miamistylerentals&bookable-only=yes&full-items=yes&marketplace=yes&flow=no,https://cdn.filestackcontent.com/7wQRvxbTPCb18UC5vMBw
Original Orlando Tours,originalorlando-bbmamericallc,info@originalorlando.com,(407) 986-8687,United States/Florida/Winter Park,-81.351156,28.594705,579149,"Peacocks, Presidents, and Puzzles – The Winter Park Walking Tour",Walking Tour,1,40,9,1,3,7,9,17,https://fareharbor.com/embeds/calendar/originalorlando-bbmamericallc/items/579149/?asn=fhdn&asn-ref=miamistylerentals&ref=miamistylerentals&bookable-only=yes&full-items=yes&marketplace=yes&flow=no,"<script src=""https://fareharbor.com/embeds/script/calendar/originalorlando-bbmamericallc/items/579149/?asn=fhdn&asn-ref=miamistylerentals&ref=miamistylerentals&bookable-only=yes&full-items=yes&marketplace=yes&flow=no""></script>",https://fareharbor.com/embeds/book/originalorlando-bbmamericallc/items/579149/?asn=fhdn&asn-ref=miamistylerentals&ref=miamistylerentals&bookable-only=yes&full-items=yes&marketplace=yes&flow=no,https://cdn.filestackcontent.com/0MDD5a1ZQIyxWmBDbEhJ
Beach Sand Sculptures,beachsandsculptures,info@BeachSandSculptures.com,850-622-1066,United States/Florida/Orlando,,,1317,SandCastle Lessons 30A Service Area,Castle-Water Activities,1,39,190,20,70,128,190,372,https://fareharbor.com/embeds/calendar/beachsandsculptures/items/1317/?asn=fhdn&asn-ref=miamistylerentals&ref=miamistylerentals&bookable-only=yes&full-items=yes&marketplace=yes&flow=no,"<script src=""https://fareharbor.com/embeds/script/calendar/beachsandsculptures/items/1317/?asn=fhdn&asn-ref=miamistylerentals&ref=miamistylerentals&bookable-only=yes&full-items=yes&marketplace=yes&flow=no""></script>",https://fareharbor.com/embeds/book/beachsandsculptures/items/1317/?asn=fhdn&asn-ref=miamistylerentals&ref=miamistylerentals&bookable-only=yes&full-items=yes&marketplace=yes&flow=no,https://www.filepicker.io/api/file/kDMxivG7QxKLV0ki7ZLX
Beach Sand Sculptures,beachsandsculptures,info@BeachSandSculptures.com,850-622-1066,United States/Florida/Orlando,,,70654,SandCastle Lessons - Destin Service Area,Service,1,39,185,17,65,125,185,365,https://fareharbor.com/embeds/calendar/beachsandsculptures/items/70654/?asn=fhdn&asn-ref=miamistylerentals&ref=miamistylerentals&bookable-only=yes&full-items=yes&marketplace=yes&flow=no,"<script src=""https://fareharbor.com/embeds/script/calendar/beachsandsculptures/items/70654/?asn=fhdn&asn-ref=miamistylerentals&ref=miamistylerentals&bookable-only=yes&full-items=yes&marketplace=yes&flow=no""></script>",https://fareharbor.com/embeds/book/beachsandsculptures/items/70654/?asn=fhdn&asn-ref=miamistylerentals&ref=miamistylerentals&bookable-only=yes&full-items=yes&marketplace=yes&flow=no,https://cdn.filestackcontent.com/ngkqmEidS7ydRmFmlSVw
EM Group - Titanic: The Artifact Exhibition - Orlando,titanicorlando,reservationsorl@emgroup.com,407-248-1166,United States/Florida/Orlando,,,214719,Titanic: The Artifact Exhibition Orlando,,1,39,90,7,30,60,90,180,https://fareharbor.com/embeds/calendar/titanicorlando/items/214719/?asn=fhdn&asn-ref=miamistylerentals&ref=miamistylerentals&bookable-only=yes&full-items=yes&marketplace=yes&flow=no,"<script src=""https://fareharbor.com/embeds/script/calendar/titanicorlando/items/214719/?asn=fhdn&asn-ref=miamistylerentals&ref=miamistylerentals&bookable-only=yes&full-items=yes&marketplace=yes&flow=no""></script>",https://fareharbor.com/embeds/book/titanicorlando/items/214719/?asn=fhdn&asn-ref=miamistylerentals&ref=miamistylerentals&bookable-only=yes&full-items=yes&marketplace=yes&flow=no,
Fabulous Buses,fabulousbuses,info@fabulousbuses.com,(407)885-1252,United States/Florida/Orlando,-81.463269,28.474046,288557,Universal Studios Theme Park Express,,1,39,90,7,30,60,90,180,https://fareharbor.com/embeds/calendar/fabulousbuses/items/288557/?asn=fhdn&asn-ref=miamistylerentals&ref=miamistylerentals&bookable-only=yes&full-items=yes&marketplace=yes&flow=no,"<script src=""https://fareharbor.com/embeds/script/calendar/fabulousbuses/items/288557/?asn=fhdn&asn-ref=miamistylerentals&ref=miamistylerentals&bookable-only=yes&full-items=yes&marketplace=yes&flow=no""></script>",https://fareharbor.com/embeds/book/fabulousbuses/items/288557/?asn=fhdn&asn-ref=miamistylerentals&ref=miamistylerentals&bookable-only=yes&full-items=yes&marketplace=yes&flow=no,https://cdn.filestackcontent.com/JCpDwSU0ScuCpevasE36
Fabulous Buses,fabulousbuses,info@fabulousbuses.com,(407)885-1252,United States/Florida/Orlando,-81.583495,28.418806,288561,Holiday Inn Disney Springs: Magic Kingdom,,1,39,1271,100,429,852,1271,2531,https://fareharbor.com/embeds/calendar/fabulousbuses/items/288561/?asn=fhdn&asn-ref=miamistylerentals&ref=miamistylerentals&bookable-only=yes&full-items=yes&marketplace=yes&flow=no,"<script src=""https://fareharbor.com/embeds/script/calendar/fabulousbuses/items/288561/?asn=fhdn&asn-ref=miamistylerentals&ref=miamistylerentals&bookable-only=yes&full-items=yes&marketplace=yes&flow=no""></script>",https://fareharbor.com/embeds/book/fabulousbuses/items/288561/?asn=fhdn&asn-ref=miamistylerentals&ref=miamistylerentals&bookable-only=yes&full-items=yes&marketplace=yes&flow=no,https://cdn.filestackcontent.com/QPhsWYitT2OIZHBEHOjg
Fabulous Buses,fabulousbuses,info@fabulousbuses.com,(407)885-1252,United States/Florida/Orlando,-81.470351,28.475719,288581,Holiday Inn Disney Springs: Hollywood Studios,,1,39,1169,91,392,779,1169,2338,https://fareharbor.com/embeds/calendar/fabulousbuses/items/288581/?asn=fhdn&asn-ref=miamistylerentals&ref=miamistylerentals&bookable-only=yes&full-items=yes&marketplace=yes&flow=no,"<script src=""https://fareharbor.com/embeds/script/calendar/fabulousbuses/items/288581/?asn=fhdn&asn-ref=miamistylerentals&ref=miamistylerentals&bookable-only=yes&full-items=yes&marketplace=yes&flow=no""></script>",https://fareharbor.com/embeds/book/fabulousbuses/items/288581/?asn=fhdn&asn-ref=miamistylerentals&ref=miamistylerentals&bookable-only=yes&full-items=yes&marketplace=yes&flow=no,https://cdn.filestackcontent.com/kOZ6DfYQZapaL7XYImYA
Fabulous Buses,fabulousbuses,info@fabulousbuses.com,(407)885-1252,United States/Florida/Lake Buena Vista,-81.547457,28.373732,288599,Holiday Inn Disney Springs: EPCOT,,1,39,1181,93,397,792,1181,2353,https://fareharbor.com/embeds/calendar/fabulousbuses/items/288599/?asn=fhdn&asn-ref=miamistylerentals&ref=miamistylerentals&bookable-only=yes&full-items=yes&marketplace=yes&flow=no,"<script src=""https://fareharbor.com/embeds/script/calendar/fabulousbuses/items/288599/?asn=fhdn&asn-ref=miamistylerentals&ref=miamistylerentals&bookable-only=yes&full-items=yes&marketplace=yes&flow=no""></script>",https://fareharbor.com/embeds/book/fabulousbuses/items/288599/?asn=fhdn&asn-ref=miamistylerentals&ref=miamistylerentals&bookable-only=yes&full-items=yes&marketplace=yes&flow=no,https://cdn.filestackcontent.com/Ep8asofiQaWjoET1qTyA
Fabulous Buses,fabulousbuses,info@fabulousbuses.com,(407)885-1252,United States/Florida/Orlando,-81.603105,28.352421,288604,Renaissance Orlando Resort & Spa: Animal Kingdom,,1,39,900,70,300,600,900,1799,https://fareharbor.com/embeds/calendar/fabulousbuses/items/288604/?asn=fhdn&asn-ref=miamistylerentals&ref=miamistylerentals&bookable-only=yes&full-items=yes&marketplace=yes&flow=no,"<script src=""https://fareharbor.com/embeds/script/calendar/fabulousbuses/items/288604/?asn=fhdn&asn-ref=miamistylerentals&ref=miamistylerentals&bookable-only=yes&full-items=yes&marketplace=yes&flow=no""></script>",https://fareharbor.com/embeds/book/fabulousbuses/items/288604/?asn=fhdn&asn-ref=miamistylerentals&ref=miamistylerentals&bookable-only=yes&full-items=yes&marketplace=yes&flow=no,https://cdn.filestackcontent.com/d4xZEKiVRZa3AwMS1Jck
Fabulous Buses,fabulousbuses,info@fabulousbuses.com,(407)885-1252,United States/Florida/Orlando,-81.583495,28.418806,288616,Renaissance Orlando Resort & Spa: Magic Kingdom,,1,39,1272,100,430,852,1272,2531,https://fareharbor.com/embeds/calendar/fabulousbuses/items/288616/?asn=fhdn&asn-ref=miamistylerentals&ref=miamistylerentals&bookable-only=yes&full-items=yes&marketplace=yes&flow=no,"<script src=""https://fareharbor.com/embeds/script/calendar/fabulousbuses/items/288616/?asn=fhdn&asn-ref=miamistylerentals&ref=miamistylerentals&bookable-only=yes&full-items=yes&marketplace=yes&flow=no""></script>",https://fareharbor.com/embeds/book/fabulousbuses/items/288616/?asn=fhdn&asn-ref=miamistylerentals&ref=miamistylerentals&bookable-only=yes&full-items=yes&marketplace=yes&flow=no,https://cdn.filestackcontent.com/IbeWBvASGezk4wdvEGFA
Fabulous Buses,fabulousbuses,info@fabulousbuses.com,(407)885-1252,United States/Florida/Orlando,-81.470351,28.475719,288625,Renaissance Orlando Resort & Spa: Hollywood Studios,,1,39,1168,91,391,778,1168,2337,https://fareharbor.com/embeds/calendar/fabulousbuses/items/288625/?asn=fhdn&asn-ref=miamistylerentals&ref=miamistylerentals&bookable-only=yes&full-items=yes&marketplace=yes&flow=no,"<script src=""https://fareharbor.com/embeds/script/calendar/fabulousbuses/items/288625/?asn=fhdn&asn-ref=miamistylerentals&ref=miamistylerentals&bookable-only=yes&full-items=yes&marketplace=yes&flow=no""></script>",https://fareharbor.com/embeds/book/fabulousbuses/items/288625/?asn=fhdn&asn-ref=miamistylerentals&ref=miamistylerentals&bookable-only=yes&full-items=yes&marketplace=yes&flow=no,https://cdn.filestackcontent.com/JbmISn0BQLxLXPp3w8qQ
Fabulous Buses,fabulousbuses,info@fabulousbuses.com,(407)885-1252,United States/Florida/Lake Buena Vista,-81.547457,28.373732,288631,Renaissance Orlando Resort & Spa: EPCOT,,1,39,1182,93,398,792,1182,2353,https://fareharbor.com/embeds/calendar/fabulousbuses/items/288631/?asn=fhdn&asn-ref=miamistylerentals&ref=miamistylerentals&bookable-only=yes&full-items=yes&marketplace=yes&flow=no,"<script src=""https://fareharbor.com/embeds/script/calendar/fabulousbuses/items/288631/?asn=fhdn&asn-ref=miamistylerentals&ref=miamistylerentals&bookable-only=yes&full-items=yes&marketplace=yes&flow=no""></script>",https://fareharbor.com/embeds/book/fabulousbuses/items/288631/?asn=fhdn&asn-ref=miamistylerentals&ref=miamistylerentals&bookable-only=yes&full-items=yes&marketplace=yes&flow=no,https://cdn.filestackcontent.com/MmM227owQ0OLMleFiS4Q
Fabulous Buses,fabulousbuses,info@fabulousbuses.com,(407)885-1252,United States/Florida/Orlando,-81.603105,28.352421,288638,Double Tree: Animal Kingdom,,1,39,900,70,300,600,900,1799,https://fareharbor.com/embeds/calendar/fabulousbuses/items/288638/?asn=fhdn&asn-ref=miamistylerentals&ref=miamistylerentals&bookable-only=yes&full-items=yes&marketplace=yes&flow=no,"<script src=""https://fareharbor.com/embeds/script/calendar/fabulousbuses/items/288638/?asn=fhdn&asn-ref=miamistylerentals&ref=miamistylerentals&bookable-only=yes&full-items=yes&marketplace=yes&flow=no""></script>",https://fareharbor.com/embeds/book/fabulousbuses/items/288638/?asn=fhdn&asn-ref=miamistylerentals&ref=miamistylerentals&bookable-only=yes&full-items=yes&marketplace=yes&flow=no,https://cdn.filestackcontent.com/nqvUmi2RxaKC5wZzY9St
Fabulous Buses,fabulousbuses,info@fabulousbuses.com,(407)885-1252,United States/Florida/Orlando,-81.583495,28.418806,288642,Double Tree: Magic Kingdom,,1,39,1271,100,429,852,1271,2531,https://fareharbor.com/embeds/calendar/fabulousbuses/items/288642/?asn=fhdn&asn-ref=miamistylerentals&ref=miamistylerentals&bookable-only=yes&full-items=yes&marketplace=yes&flow=no,"<script src=""https://fareharbor.com/embeds/script/calendar/fabulousbuses/items/288642/?asn=fhdn&asn-ref=miamistylerentals&ref=miamistylerentals&bookable-only=yes&full-items=yes&marketplace=yes&flow=no""></script>",https://fareharbor.com/embeds/book/fabulousbuses/items/288642/?asn=fhdn&asn-ref=miamistylerentals&ref=miamistylerentals&bookable-only=yes&full-items=yes&marketplace=yes&flow=no,https://cdn.filestackcontent.com/FSLtOFRmkt8wf6eadQCp
Fabulous Buses,fabulousbuses,info@fabulousbuses.com,(407)885-1252,United States/Florida/Lake Buena Vista,-81.547457,28.373732,288647,Double Tree: EPCOT,,1,39,1181,93,397,792,1181,2353,https://fareharbor.com/embeds/calendar/fabulousbuses/items/288647/?asn=fhdn&asn-ref=miamistylerentals&ref=miamistylerentals&bookable-only=yes&full-items=yes&marketplace=yes&flow=no,"<script src=""https://fareharbor.com/embeds/script/calendar/fabulousbuses/items/288647/?asn=fhdn&asn-ref=miamistylerentals&ref=miamistylerentals&bookable-only=yes&full-items=yes&marketplace=yes&flow=no""></script>",https://fareharbor.com/embeds/book/fabulousbuses/items/288647/?asn=fhdn&asn-ref=miamistylerentals&ref=miamistylerentals&bookable-only=yes&full-items=yes&marketplace=yes&flow=no,https://cdn.filestackcontent.com/H7d0cEBTouhqto9TEljZ
Fabulous Buses,fabulousbuses,info@fabulousbuses.com,(407)885-1252,United States/Florida/Orlando,,,288649,Embassy Suites International Drive,,1,39,360,28,120,240,360,719,https://fareharbor.com/embeds/calendar/fabulousbuses/items/288649/?asn=fhdn&asn-ref=miamistylerentals&ref=miamistylerentals&bookable-only=yes&full-items=yes&marketplace=yes&flow=no,"<script src=""https://fareharbor.com/embeds/script/calendar/fabulousbuses/items/288649/?asn=fhdn&asn-ref=miamistylerentals&ref=miamistylerentals&bookable-only=yes&full-items=yes&marketplace=yes&flow=no""></script>",https://fareharbor.com/embeds/book/fabulousbuses/items/288649/?asn=fhdn&asn-ref=miamistylerentals&ref=miamistylerentals&bookable-only=yes&full-items=yes&marketplace=yes&flow=no,https://cdn.filestackcontent.com/evGXsRqIQqmUrPSVWXyo
Fabulous Buses,fabulousbuses,info@fabulousbuses.com,(407)885-1252,United States/Florida/Orlando,,,288720,Hampton Inn - Disney,,1,39,180,14,60,120,180,359,https://fareharbor.com/embeds/calendar/fabulousbuses/items/288720/?asn=fhdn&asn-ref=miamistylerentals&ref=miamistylerentals&bookable-only=yes&full-items=yes&marketplace=yes&flow=no,"<script src=""https://fareharbor.com/embeds/script/calendar/fabulousbuses/items/288720/?asn=fhdn&asn-ref=miamistylerentals&ref=miamistylerentals&bookable-only=yes&full-items=yes&marketplace=yes&flow=no""></script>",https://fareharbor.com/embeds/book/fabulousbuses/items/288720/?asn=fhdn&asn-ref=miamistylerentals&ref=miamistylerentals&bookable-only=yes&full-items=yes&marketplace=yes&flow=no,https://cdn.filestackcontent.com/qJlXbYziTtOCsIRPfF7q
Fabulous Buses,fabulousbuses,info@fabulousbuses.com,(407)885-1252,United States/Florida/Orlando,-81.463269,28.474046,288722,Hampton Inn - Universal,,1,39,90,7,30,60,90,180,https://fareharbor.com/embeds/calendar/fabulousbuses/items/288722/?asn=fhdn&asn-ref=miamistylerentals&ref=miamistylerentals&bookable-only=yes&full-items=yes&marketplace=yes&flow=no,"<script src=""https://fareharbor.com/embeds/script/calendar/fabulousbuses/items/288722/?asn=fhdn&asn-ref=miamistylerentals&ref=miamistylerentals&bookable-only=yes&full-items=yes&marketplace=yes&flow=no""></script>",https://fareharbor.com/embeds/book/fabulousbuses/items/288722/?asn=fhdn&asn-ref=miamistylerentals&ref=miamistylerentals&bookable-only=yes&full-items=yes&marketplace=yes&flow=no,https://cdn.filestackcontent.com/YMNLbs7RcSFjwkkDiNde
Fabulous Buses,fabulousbuses,info@fabulousbuses.com,(407)885-1252,United States/Florida/Orlando,,,288724,Homewood Suites - Disney,,1,39,180,14,60,120,180,359,https://fareharbor.com/embeds/calendar/fabulousbuses/items/288724/?asn=fhdn&asn-ref=miamistylerentals&ref=miamistylerentals&bookable-only=yes&full-items=yes&marketplace=yes&flow=no,"<script src=""https://fareharbor.com/embeds/script/calendar/fabulousbuses/items/288724/?asn=fhdn&asn-ref=miamistylerentals&ref=miamistylerentals&bookable-only=yes&full-items=yes&marketplace=yes&flow=no""></script>",https://fareharbor.com/embeds/book/fabulousbuses/items/288724/?asn=fhdn&asn-ref=miamistylerentals&ref=miamistylerentals&bookable-only=yes&full-items=yes&marketplace=yes&flow=no,https://cdn.filestackcontent.com/HSNWNNijQgGqfDvLMOcy
Fabulous Buses,fabulousbuses,info@fabulousbuses.com,(407)885-1252,United States/Florida/Orlando,-81.463269,28.474046,288729,Homewood Suites - Universal,,1,39,90,7,30,60,90,180,https://fareharbor.com/embeds/calendar/fabulousbuses/items/288729/?asn=fhdn&asn-ref=miamistylerentals&ref=miamistylerentals&bookable-only=yes&full-items=yes&marketplace=yes&flow=no,"<script src=""https://fareharbor.com/embeds/script/calendar/fabulousbuses/items/288729/?asn=fhdn&asn-ref=miamistylerentals&ref=miamistylerentals&bookable-only=yes&full-items=yes&marketplace=yes&flow=no""></script>",https://fareharbor.com/embeds/book/fabulousbuses/items/288729/?asn=fhdn&asn-ref=miamistylerentals&ref=miamistylerentals&bookable-only=yes&full-items=yes&marketplace=yes&flow=no,https://cdn.filestackcontent.com/cd7TxoFS6OTBvvLuIamw
Fabulous Buses,fabulousbuses,info@fabulousbuses.com,(407)885-1252,United States/Florida/Orlando,,,288731,Clarion Inn & Holiday Inn Shuttle,,1,39,360,28,120,240,360,719,https://fareharbor.com/embeds/calendar/fabulousbuses/items/288731/?asn=fhdn&asn-ref=miamistylerentals&ref=miamistylerentals&bookable-only=yes&full-items=yes&marketplace=yes&flow=no,"<script src=""https://fareharbor.com/embeds/script/calendar/fabulousbuses/items/288731/?asn=fhdn&asn-ref=miamistylerentals&ref=miamistylerentals&bookable-only=yes&full-items=yes&marketplace=yes&flow=no""></script>",https://fareharbor.com/embeds/book/fabulousbuses/items/288731/?asn=fhdn&asn-ref=miamistylerentals&ref=miamistylerentals&bookable-only=yes&full-items=yes&marketplace=yes&flow=no,https://cdn.filestackcontent.com/uGwQc3VuT42wMTjJntAh
Fabulous Buses,fabulousbuses,info@fabulousbuses.com,(407)885-1252,United States/Florida/Orlando,,,315445,Rosen Inn Pointe Orlando (9000) - Disney,,1,39,180,14,60,120,180,359,https://fareharbor.com/embeds/calendar/fabulousbuses/items/315445/?asn=fhdn&asn-ref=miamistylerentals&ref=miamistylerentals&bookable-only=yes&full-items=yes&marketplace=yes&flow=no,"<script src=""https://fareharbor.com/embeds/script/calendar/fabulousbuses/items/315445/?asn=fhdn&asn-ref=miamistylerentals&ref=miamistylerentals&bookable-only=yes&full-items=yes&marketplace=yes&flow=no""></script>",https://fareharbor.com/embeds/book/fabulousbuses/items/315445/?asn=fhdn&asn-ref=miamistylerentals&ref=miamistylerentals&bookable-only=yes&full-items=yes&marketplace=yes&flow=no,https://cdn.filestackcontent.com/T9SoaKc6RaaCZHLZzimE
Ultimate Scuba LLC,okaydivers,info@ultscuba.com,(407) 591-0966,United States/Florida/Orlando,,,317183,SSI Enriched Air Nitrox (40%),Water Activities,1,39,13,2,4,10,13,26,https://fareharbor.com/embeds/calendar/okaydivers/items/317183/?asn=fhdn&asn-ref=miamistylerentals&ref=miamistylerentals&bookable-only=yes&full-items=yes&marketplace=yes&flow=no,"<script src=""https://fareharbor.com/embeds/script/calendar/okaydivers/items/317183/?asn=fhdn&asn-ref=miamistylerentals&ref=miamistylerentals&bookable-only=yes&full-items=yes&marketplace=yes&flow=no""></script>",https://fareharbor.com/embeds/book/okaydivers/items/317183/?asn=fhdn&asn-ref=miamistylerentals&ref=miamistylerentals&bookable-only=yes&full-items=yes&marketplace=yes&flow=no,
Fabulous Buses,fabulousbuses,info@fabulousbuses.com,(407)885-1252,United States/Florida/Orlando,-81.603105,28.352421,320814,Wyndham: Animal Kingdom,,1,39,900,70,300,600,900,1799,https://fareharbor.com/embeds/calendar/fabulousbuses/items/320814/?asn=fhdn&asn-ref=miamistylerentals&ref=miamistylerentals&bookable-only=yes&full-items=yes&marketplace=yes&flow=no,"<script src=""https://fareharbor.com/embeds/script/calendar/fabulousbuses/items/320814/?asn=fhdn&asn-ref=miamistylerentals&ref=miamistylerentals&bookable-only=yes&full-items=yes&marketplace=yes&flow=no""></script>",https://fareharbor.com/embeds/book/fabulousbuses/items/320814/?asn=fhdn&asn-ref=miamistylerentals&ref=miamistylerentals&bookable-only=yes&full-items=yes&marketplace=yes&flow=no,https://cdn.filestackcontent.com/LVlRopdhQruRyvZJsZcT
Fabulous Buses,fabulousbuses,info@fabulousbuses.com,(407)885-1252,United States/Florida/Orlando,-81.583495,28.418806,320817,Wyndham: Magic Kingdom,,1,39,1270,100,428,852,1270,2531,https://fareharbor.com/embeds/calendar/fabulousbuses/items/320817/?asn=fhdn&asn-ref=miamistylerentals&ref=miamistylerentals&bookable-only=yes&full-items=yes&marketplace=yes&flow=no,"<script src=""https://fareharbor.com/embeds/script/calendar/fabulousbuses/items/320817/?asn=fhdn&asn-ref=miamistylerentals&ref=miamistylerentals&bookable-only=yes&full-items=yes&marketplace=yes&flow=no""></script>",https://fareharbor.com/embeds/book/fabulousbuses/items/320817/?asn=fhdn&asn-ref=miamistylerentals&ref=miamistylerentals&bookable-only=yes&full-items=yes&marketplace=yes&flow=no,https://cdn.filestackcontent.com/Y54Ev4dpRLiedT3G19KG
Fabulous Buses,fabulousbuses,info@fabulousbuses.com,(407)885-1252,United States/Florida/Orlando,-81.470351,28.475719,320818,Wyndham: Hollywood Studios,,1,39,1168,91,391,778,1168,2337,https://fareharbor.com/embeds/calendar/fabulousbuses/items/320818/?asn=fhdn&asn-ref=miamistylerentals&ref=miamistylerentals&bookable-only=yes&full-items=yes&marketplace=yes&flow=no,"<script src=""https://fareharbor.com/embeds/script/calendar/fabulousbuses/items/320818/?asn=fhdn&asn-ref=miamistylerentals&ref=miamistylerentals&bookable-only=yes&full-items=yes&marketplace=yes&flow=no""></script>",https://fareharbor.com/embeds/book/fabulousbuses/items/320818/?asn=fhdn&asn-ref=miamistylerentals&ref=miamistylerentals&bookable-only=yes&full-items=yes&marketplace=yes&flow=no,https://cdn.filestackcontent.com/A6uB543SayPzhPNh9Uik
Fabulous Buses,fabulousbuses,info@fabulousbuses.com,(407)885-1252,United States/Florida/Lake Buena Vista,-81.547457,28.373732,320819,Wyndham: EPCOT,,1,39,1182,94,398,793,1182,2355,https://fareharbor.com/embeds/calendar/fabulousbuses/items/320819/?asn=fhdn&asn-ref=miamistylerentals&ref=miamistylerentals&bookable-only=yes&full-items=yes&marketplace=yes&flow=no,"<script src=""https://fareharbor.com/embeds/script/calendar/fabulousbuses/items/320819/?asn=fhdn&asn-ref=miamistylerentals&ref=miamistylerentals&bookable-only=yes&full-items=yes&marketplace=yes&flow=no""></script>",https://fareharbor.com/embeds/book/fabulousbuses/items/320819/?asn=fhdn&asn-ref=miamistylerentals&ref=miamistylerentals&bookable-only=yes&full-items=yes&marketplace=yes&flow=no,https://cdn.filestackcontent.com/0omk3XYbReGg4T8UuJkw
Fabulous Buses,fabulousbuses,info@fabulousbuses.com,(407)885-1252,United States/Florida/Orlando,-81.603105,28.352421,321346,Hilton Orlando Lake Buena Vista: Animal Kingdom,,1,39,990,77,330,660,990,1979,https://fareharbor.com/embeds/calendar/fabulousbuses/items/321346/?asn=fhdn&asn-ref=miamistylerentals&ref=miamistylerentals&bookable-only=yes&full-items=yes&marketplace=yes&flow=no,"<script src=""https://fareharbor.com/embeds/script/calendar/fabulousbuses/items/321346/?asn=fhdn&asn-ref=miamistylerentals&ref=miamistylerentals&bookable-only=yes&full-items=yes&marketplace=yes&flow=no""></script>",https://fareharbor.com/embeds/book/fabulousbuses/items/321346/?asn=fhdn&asn-ref=miamistylerentals&ref=miamistylerentals&bookable-only=yes&full-items=yes&marketplace=yes&flow=no,https://cdn.filestackcontent.com/YBaguaC0RLS8c9DCQxaI
Fabulous Buses,fabulousbuses,info@fabulousbuses.com,(407)885-1252,United States/Florida/Orlando,-81.583495,28.418806,321350,Hilton Orlando Lake Buena Vista: Magic Kingdom,,1,39,1273,101,431,854,1273,2532,https://fareharbor.com/embeds/calendar/fabulousbuses/items/321350/?asn=fhdn&asn-ref=miamistylerentals&ref=miamistylerentals&bookable-only=yes&full-items=yes&marketplace=yes&flow=no,"<script src=""https://fareharbor.com/embeds/script/calendar/fabulousbuses/items/321350/?asn=fhdn&asn-ref=miamistylerentals&ref=miamistylerentals&bookable-only=yes&full-items=yes&marketplace=yes&flow=no""></script>",https://fareharbor.com/embeds/book/fabulousbuses/items/321350/?asn=fhdn&asn-ref=miamistylerentals&ref=miamistylerentals&bookable-only=yes&full-items=yes&marketplace=yes&flow=no,https://cdn.filestackcontent.com/o6AOZmxQCeQlURtc3zZQ
Fabulous Buses,fabulousbuses,info@fabulousbuses.com,(407)885-1252,United States/Florida/Orlando,-81.470351,28.475719,321353,Hilton Orlando Lake Buena Vista: Hollywood Studios,,1,39,1171,91,391,781,1171,2340,https://fareharbor.com/embeds/calendar/fabulousbuses/items/321353/?asn=fhdn&asn-ref=miamistylerentals&ref=miamistylerentals&bookable-only=yes&full-items=yes&marketplace=yes&flow=no,"<script src=""https://fareharbor.com/embeds/script/calendar/fabulousbuses/items/321353/?asn=fhdn&asn-ref=miamistylerentals&ref=miamistylerentals&bookable-only=yes&full-items=yes&marketplace=yes&flow=no""></script>",https://fareharbor.com/embeds/book/fabulousbuses/items/321353/?asn=fhdn&asn-ref=miamistylerentals&ref=miamistylerentals&bookable-only=yes&full-items=yes&marketplace=yes&flow=no,https://cdn.filestackcontent.com/8OTLjF4KRaaI6drxI6up
Fabulous Buses,fabulousbuses,info@fabulousbuses.com,(407)885-1252,United States/Florida/Lake Buena Vista,-81.547457,28.373732,321358,Hilton Orlando Lake Buena Vista: EPCOT,,1,39,1182,93,398,792,1182,2353,https://fareharbor.com/embeds/calendar/fabulousbuses/items/321358/?asn=fhdn&asn-ref=miamistylerentals&ref=miamistylerentals&bookable-only=yes&full-items=yes&marketplace=yes&flow=no,"<script src=""https://fareharbor.com/embeds/script/calendar/fabulousbuses/items/321358/?asn=fhdn&asn-ref=miamistylerentals&ref=miamistylerentals&bookable-only=yes&full-items=yes&marketplace=yes&flow=no""></script>",https://fareharbor.com/embeds/book/fabulousbuses/items/321358/?asn=fhdn&asn-ref=miamistylerentals&ref=miamistylerentals&bookable-only=yes&full-items=yes&marketplace=yes&flow=no,https://cdn.filestackcontent.com/3Mo25CjrRiy9HCSBbinA
Fabulous Buses,fabulousbuses,info@fabulousbuses.com,(407)885-1252,United States/Florida/Orlando,,,321360,Rosen Shingle Creek (9939 U) - Disney,,1,39,180,14,60,120,180,359,https://fareharbor.com/embeds/calendar/fabulousbuses/items/321360/?asn=fhdn&asn-ref=miamistylerentals&ref=miamistylerentals&bookable-only=yes&full-items=yes&marketplace=yes&flow=no,"<script src=""https://fareharbor.com/embeds/script/calendar/fabulousbuses/items/321360/?asn=fhdn&asn-ref=miamistylerentals&ref=miamistylerentals&bookable-only=yes&full-items=yes&marketplace=yes&flow=no""></script>",https://fareharbor.com/embeds/book/fabulousbuses/items/321360/?asn=fhdn&asn-ref=miamistylerentals&ref=miamistylerentals&bookable-only=yes&full-items=yes&marketplace=yes&flow=no,https://cdn.filestackcontent.com/5JRKcPyYRnu3fwWMRxWx
Fabulous Buses,fabulousbuses,info@fabulousbuses.com,(407)885-1252,United States/Florida/Orlando,-81.472096,28.441188,321364,Sonesta - Universal,,1,39,180,14,60,120,180,360,https://fareharbor.com/embeds/calendar/fabulousbuses/items/321364/?asn=fhdn&asn-ref=miamistylerentals&ref=miamistylerentals&bookable-only=yes&full-items=yes&marketplace=yes&flow=no,"<script src=""https://fareharbor.com/embeds/script/calendar/fabulousbuses/items/321364/?asn=fhdn&asn-ref=miamistylerentals&ref=miamistylerentals&bookable-only=yes&full-items=yes&marketplace=yes&flow=no""></script>",https://fareharbor.com/embeds/book/fabulousbuses/items/321364/?asn=fhdn&asn-ref=miamistylerentals&ref=miamistylerentals&bookable-only=yes&full-items=yes&marketplace=yes&flow=no,https://cdn.filestackcontent.com/YXxQ3N0YTMGz4d5lsZZk
Fabulous Buses,fabulousbuses,info@fabulousbuses.com,(407)885-1252,United States/Florida/Orlando,,,321365,Enclave Suites - Disney,,1,39,180,14,60,120,180,359,https://fareharbor.com/embeds/calendar/fabulousbuses/items/321365/?asn=fhdn&asn-ref=miamistylerentals&ref=miamistylerentals&bookable-only=yes&full-items=yes&marketplace=yes&flow=no,"<script src=""https://fareharbor.com/embeds/script/calendar/fabulousbuses/items/321365/?asn=fhdn&asn-ref=miamistylerentals&ref=miamistylerentals&bookable-only=yes&full-items=yes&marketplace=yes&flow=no""></script>",https://fareharbor.com/embeds/book/fabulousbuses/items/321365/?asn=fhdn&asn-ref=miamistylerentals&ref=miamistylerentals&bookable-only=yes&full-items=yes&marketplace=yes&flow=no,https://cdn.filestackcontent.com/5wJQ9VTTSxy4wwzOT6fN
Fabulous Buses,fabulousbuses,info@fabulousbuses.com,(407)885-1252,United States/Florida/Orlando,,,321428,Enclave Suites - Universal,,1,39,90,7,30,60,90,180,https://fareharbor.com/embeds/calendar/fabulousbuses/items/321428/?asn=fhdn&asn-ref=miamistylerentals&ref=miamistylerentals&bookable-only=yes&full-items=yes&marketplace=yes&flow=no,"<script src=""https://fareharbor.com/embeds/script/calendar/fabulousbuses/items/321428/?asn=fhdn&asn-ref=miamistylerentals&ref=miamistylerentals&bookable-only=yes&full-items=yes&marketplace=yes&flow=no""></script>",https://fareharbor.com/embeds/book/fabulousbuses/items/321428/?asn=fhdn&asn-ref=miamistylerentals&ref=miamistylerentals&bookable-only=yes&full-items=yes&marketplace=yes&flow=no,https://cdn.filestackcontent.com/gygVMcUTUmreuyuEQ1jt
Fabulous Buses,fabulousbuses,info@fabulousbuses.com,(407)885-1252,United States/Florida/Orlando,-81.472096,28.441188,321430,Sonesta - Disney,,1,39,180,14,60,120,180,359,https://fareharbor.com/embeds/calendar/fabulousbuses/items/321430/?asn=fhdn&asn-ref=miamistylerentals&ref=miamistylerentals&bookable-only=yes&full-items=yes&marketplace=yes&flow=no,"<script src=""https://fareharbor.com/embeds/script/calendar/fabulousbuses/items/321430/?asn=fhdn&asn-ref=miamistylerentals&ref=miamistylerentals&bookable-only=yes&full-items=yes&marketplace=yes&flow=no""></script>",https://fareharbor.com/embeds/book/fabulousbuses/items/321430/?asn=fhdn&asn-ref=miamistylerentals&ref=miamistylerentals&bookable-only=yes&full-items=yes&marketplace=yes&flow=no,https://cdn.filestackcontent.com/8RNIbTlNQs2pGihXn1RF
Fabulous Buses,fabulousbuses,info@fabulousbuses.com,(407)885-1252,United States/Florida/Orlando,-81.463269,28.474046,328858,StaySky Suites - Universal,,1,39,90,7,30,60,90,180,https://fareharbor.com/embeds/calendar/fabulousbuses/items/328858/?asn=fhdn&asn-ref=miamistylerentals&ref=miamistylerentals&bookable-only=yes&full-items=yes&marketplace=yes&flow=no,"<script src=""https://fareharbor.com/embeds/script/calendar/fabulousbuses/items/328858/?asn=fhdn&asn-ref=miamistylerentals&ref=miamistylerentals&bookable-only=yes&full-items=yes&marketplace=yes&flow=no""></script>",https://fareharbor.com/embeds/book/fabulousbuses/items/328858/?asn=fhdn&asn-ref=miamistylerentals&ref=miamistylerentals&bookable-only=yes&full-items=yes&marketplace=yes&flow=no,https://cdn.filestackcontent.com/GlNnbSAYSxiSvE6Gn4RZ
Fabulous Buses,fabulousbuses,info@fabulousbuses.com,(407)885-1252,United States/Florida/Orlando,,,328874,StaySky Suites - Disney,,1,39,181,14,61,121,181,360,https://fareharbor.com/embeds/calendar/fabulousbuses/items/328874/?asn=fhdn&asn-ref=miamistylerentals&ref=miamistylerentals&bookable-only=yes&full-items=yes&marketplace=yes&flow=no,"<script src=""https://fareharbor.com/embeds/script/calendar/fabulousbuses/items/328874/?asn=fhdn&asn-ref=miamistylerentals&ref=miamistylerentals&bookable-only=yes&full-items=yes&marketplace=yes&flow=no""></script>",https://fareharbor.com/embeds/book/fabulousbuses/items/328874/?asn=fhdn&asn-ref=miamistylerentals&ref=miamistylerentals&bookable-only=yes&full-items=yes&marketplace=yes&flow=no,https://cdn.filestackcontent.com/ebXLBcyPRBWWPZzwmguE
Fabulous Buses,fabulousbuses,info@fabulousbuses.com,(407)885-1252,United States/Florida/Orlando,,,330563,LBV Resort Village & Spa - Universal Studios,,1,39,90,7,30,60,90,180,https://fareharbor.com/embeds/calendar/fabulousbuses/items/330563/?asn=fhdn&asn-ref=miamistylerentals&ref=miamistylerentals&bookable-only=yes&full-items=yes&marketplace=yes&flow=no,"<script src=""https://fareharbor.com/embeds/script/calendar/fabulousbuses/items/330563/?asn=fhdn&asn-ref=miamistylerentals&ref=miamistylerentals&bookable-only=yes&full-items=yes&marketplace=yes&flow=no""></script>",https://fareharbor.com/embeds/book/fabulousbuses/items/330563/?asn=fhdn&asn-ref=miamistylerentals&ref=miamistylerentals&bookable-only=yes&full-items=yes&marketplace=yes&flow=no,https://cdn.filestackcontent.com/hOCF0xNUQKijJM56KhQg
Fabulous Buses,fabulousbuses,info@fabulousbuses.com,(407)885-1252,United States/Florida/Orlando,,,330568,LBV Resort Village & Spa - Disney,,1,39,360,28,120,240,360,719,https://fareharbor.com/embeds/calendar/fabulousbuses/items/330568/?asn=fhdn&asn-ref=miamistylerentals&ref=miamistylerentals&bookable-only=yes&full-items=yes&marketplace=yes&flow=no,"<script src=""https://fareharbor.com/embeds/script/calendar/fabulousbuses/items/330568/?asn=fhdn&asn-ref=miamistylerentals&ref=miamistylerentals&bookable-only=yes&full-items=yes&marketplace=yes&flow=no""></script>",https://fareharbor.com/embeds/book/fabulousbuses/items/330568/?asn=fhdn&asn-ref=miamistylerentals&ref=miamistylerentals&bookable-only=yes&full-items=yes&marketplace=yes&flow=no,https://cdn.filestackcontent.com/tr3JrmX6RZ6YlcgnMsHX
Fabulous Buses,fabulousbuses,info@fabulousbuses.com,(407)885-1252,United States/Florida/Orlando,,,347019,Rosen Inn International (7600) - Disney,,1,39,180,14,60,120,180,359,https://fareharbor.com/embeds/calendar/fabulousbuses/items/347019/?asn=fhdn&asn-ref=miamistylerentals&ref=miamistylerentals&bookable-only=yes&full-items=yes&marketplace=yes&flow=no,"<script src=""https://fareharbor.com/embeds/script/calendar/fabulousbuses/items/347019/?asn=fhdn&asn-ref=miamistylerentals&ref=miamistylerentals&bookable-only=yes&full-items=yes&marketplace=yes&flow=no""></script>",https://fareharbor.com/embeds/book/fabulousbuses/items/347019/?asn=fhdn&asn-ref=miamistylerentals&ref=miamistylerentals&bookable-only=yes&full-items=yes&marketplace=yes&flow=no,https://cdn.filestackcontent.com/jgpodXS9Qj6rinDoxlm3
Lake Fairview Marina,lakefairviewmarina,info@lakefairviewmarina.com,407-295-0117,United States/Florida/Orlando,-81.41513,28.59617,375476,Pontoon Boat Rental,,1,39,768,60,240,516,768,1536,https://fareharbor.com/embeds/calendar/lakefairviewmarina/items/375476/?asn=fhdn&asn-ref=miamistylerentals&ref=miamistylerentals&bookable-only=yes&full-items=yes&marketplace=yes&flow=no,"<script src=""https://fareharbor.com/embeds/script/calendar/lakefairviewmarina/items/375476/?asn=fhdn&asn-ref=miamistylerentals&ref=miamistylerentals&bookable-only=yes&full-items=yes&marketplace=yes&flow=no""></script>",https://fareharbor.com/embeds/book/lakefairviewmarina/items/375476/?asn=fhdn&asn-ref=miamistylerentals&ref=miamistylerentals&bookable-only=yes&full-items=yes&marketplace=yes&flow=no,https://cdn.filestackcontent.com/4HSiZCCSBiwXk91ucPCG
Lake Fairview Marina,lakefairviewmarina,info@lakefairviewmarina.com,407-295-0117,United States/Florida/Orlando,-81.41513,28.59617,375477,Upgraded Pontoon Boat Rental,,1,39,768,60,240,516,768,1536,https://fareharbor.com/embeds/calendar/lakefairviewmarina/items/375477/?asn=fhdn&asn-ref=miamistylerentals&ref=miamistylerentals&bookable-only=yes&full-items=yes&marketplace=yes&flow=no,"<script src=""https://fareharbor.com/embeds/script/calendar/lakefairviewmarina/items/375477/?asn=fhdn&asn-ref=miamistylerentals&ref=miamistylerentals&bookable-only=yes&full-items=yes&marketplace=yes&flow=no""></script>",https://fareharbor.com/embeds/book/lakefairviewmarina/items/375477/?asn=fhdn&asn-ref=miamistylerentals&ref=miamistylerentals&bookable-only=yes&full-items=yes&marketplace=yes&flow=no,https://cdn.filestackcontent.com/SGeoNvmHQY6WhN4qg3TZ
Lake Fairview Marina,lakefairviewmarina,info@lakefairviewmarina.com,407-295-0117,United States/Florida/Orlando,-81.41513,28.59617,375478,23ft Com-Pac Sailboat Rental,,1,39,512,40,160,344,512,1024,https://fareharbor.com/embeds/calendar/lakefairviewmarina/items/375478/?asn=fhdn&asn-ref=miamistylerentals&ref=miamistylerentals&bookable-only=yes&full-items=yes&marketplace=yes&flow=no,"<script src=""https://fareharbor.com/embeds/script/calendar/lakefairviewmarina/items/375478/?asn=fhdn&asn-ref=miamistylerentals&ref=miamistylerentals&bookable-only=yes&full-items=yes&marketplace=yes&flow=no""></script>",https://fareharbor.com/embeds/book/lakefairviewmarina/items/375478/?asn=fhdn&asn-ref=miamistylerentals&ref=miamistylerentals&bookable-only=yes&full-items=yes&marketplace=yes&flow=no,https://cdn.filestackcontent.com/w2fjmblvSi2IWNMfwW2P
Lake Fairview Marina,lakefairviewmarina,info@lakefairviewmarina.com,407-295-0117,United States/Florida/Orlando,-81.41513,28.59617,375479,16ft Com-Pac Sailboat Rental,,1,39,512,40,160,344,512,1024,https://fareharbor.com/embeds/calendar/lakefairviewmarina/items/375479/?asn=fhdn&asn-ref=miamistylerentals&ref=miamistylerentals&bookable-only=yes&full-items=yes&marketplace=yes&flow=no,"<script src=""https://fareharbor.com/embeds/script/calendar/lakefairviewmarina/items/375479/?asn=fhdn&asn-ref=miamistylerentals&ref=miamistylerentals&bookable-only=yes&full-items=yes&marketplace=yes&flow=no""></script>",https://fareharbor.com/embeds/book/lakefairviewmarina/items/375479/?asn=fhdn&asn-ref=miamistylerentals&ref=miamistylerentals&bookable-only=yes&full-items=yes&marketplace=yes&flow=no,https://cdn.filestackcontent.com/wnSLHE9TGC6tq207246A
Lake Fairview Marina,lakefairviewmarina,info@lakefairviewmarina.com,407-295-0117,United States/Florida/Orlando,-81.41513,28.59617,375481,Canoe Rentals,,1,39,768,60,240,516,768,1536,https://fareharbor.com/embeds/calendar/lakefairviewmarina/items/375481/?asn=fhdn&asn-ref=miamistylerentals&ref=miamistylerentals&bookable-only=yes&full-items=yes&marketplace=yes&flow=no,"<script src=""https://fareharbor.com/embeds/script/calendar/lakefairviewmarina/items/375481/?asn=fhdn&asn-ref=miamistylerentals&ref=miamistylerentals&bookable-only=yes&full-items=yes&marketplace=yes&flow=no""></script>",https://fareharbor.com/embeds/book/lakefairviewmarina/items/375481/?asn=fhdn&asn-ref=miamistylerentals&ref=miamistylerentals&bookable-only=yes&full-items=yes&marketplace=yes&flow=no,https://cdn.filestackcontent.com/to1YLEqNSvKQIOdg8GOu
Lake Fairview Marina,lakefairviewmarina,info@lakefairviewmarina.com,407-295-0117,United States/Florida/Orlando,-81.41513,28.59617,375482,Electric Tour Kayak Rentals,,1,39,768,60,240,516,768,1536,https://fareharbor.com/embeds/calendar/lakefairviewmarina/items/375482/?asn=fhdn&asn-ref=miamistylerentals&ref=miamistylerentals&bookable-only=yes&full-items=yes&marketplace=yes&flow=no,"<script src=""https://fareharbor.com/embeds/script/calendar/lakefairviewmarina/items/375482/?asn=fhdn&asn-ref=miamistylerentals&ref=miamistylerentals&bookable-only=yes&full-items=yes&marketplace=yes&flow=no""></script>",https://fareharbor.com/embeds/book/lakefairviewmarina/items/375482/?asn=fhdn&asn-ref=miamistylerentals&ref=miamistylerentals&bookable-only=yes&full-items=yes&marketplace=yes&flow=no,https://cdn.filestackcontent.com/tHXRQiEDTCGq8bEa6kN1
Lake Fairview Marina,lakefairviewmarina,info@lakefairviewmarina.com,407-295-0117,United States/Florida/Orlando,-81.41513,28.59617,375484,Stand-Up  Paddleboard Rentals,,1,39,768,60,240,516,768,1536,https://fareharbor.com/embeds/calendar/lakefairviewmarina/items/375484/?asn=fhdn&asn-ref=miamistylerentals&ref=miamistylerentals&bookable-only=yes&full-items=yes&marketplace=yes&flow=no,"<script src=""https://fareharbor.com/embeds/script/calendar/lakefairviewmarina/items/375484/?asn=fhdn&asn-ref=miamistylerentals&ref=miamistylerentals&bookable-only=yes&full-items=yes&marketplace=yes&flow=no""></script>",https://fareharbor.com/embeds/book/lakefairviewmarina/items/375484/?asn=fhdn&asn-ref=miamistylerentals&ref=miamistylerentals&bookable-only=yes&full-items=yes&marketplace=yes&flow=no,https://cdn.filestackcontent.com/juIvXLbrRF28wUUaw1Js
Fabulous Buses,fabulousbuses,info@fabulousbuses.com,(407)885-1252,United States/Florida/Orlando,-81.603105,28.352421,400682,Hilton Buena Vista Palace: Animal Kingdom,,1,39,990,77,330,660,990,1979,https://fareharbor.com/embeds/calendar/fabulousbuses/items/400682/?asn=fhdn&asn-ref=miamistylerentals&ref=miamistylerentals&bookable-only=yes&full-items=yes&marketplace=yes&flow=no,"<script src=""https://fareharbor.com/embeds/script/calendar/fabulousbuses/items/400682/?asn=fhdn&asn-ref=miamistylerentals&ref=miamistylerentals&bookable-only=yes&full-items=yes&marketplace=yes&flow=no""></script>",https://fareharbor.com/embeds/book/fabulousbuses/items/400682/?asn=fhdn&asn-ref=miamistylerentals&ref=miamistylerentals&bookable-only=yes&full-items=yes&marketplace=yes&flow=no,https://cdn.filestackcontent.com/KEmwzpPS8GBl8dwAhgPm
Fabulous Buses,fabulousbuses,info@fabulousbuses.com,(407)885-1252,United States/Florida/Orlando,-81.583495,28.418806,400683,Hilton Buena Vista Palace: Magic Kingdom,,1,39,1349,100,447,900,1349,2698,https://fareharbor.com/embeds/calendar/fabulousbuses/items/400683/?asn=fhdn&asn-ref=miamistylerentals&ref=miamistylerentals&bookable-only=yes&full-items=yes&marketplace=yes&flow=no,"<script src=""https://fareharbor.com/embeds/script/calendar/fabulousbuses/items/400683/?asn=fhdn&asn-ref=miamistylerentals&ref=miamistylerentals&bookable-only=yes&full-items=yes&marketplace=yes&flow=no""></script>",https://fareharbor.com/embeds/book/fabulousbuses/items/400683/?asn=fhdn&asn-ref=miamistylerentals&ref=miamistylerentals&bookable-only=yes&full-items=yes&marketplace=yes&flow=no,https://cdn.filestackcontent.com/GYi8wWoeTxey6HC7QgYW
Fabulous Buses,fabulousbuses,info@fabulousbuses.com,(407)885-1252,United States/Florida/Orlando,-81.470351,28.475719,400684,Hilton Buena Vista Palace: Hollywood Studios,,1,39,1168,91,391,778,1168,2337,https://fareharbor.com/embeds/calendar/fabulousbuses/items/400684/?asn=fhdn&asn-ref=miamistylerentals&ref=miamistylerentals&bookable-only=yes&full-items=yes&marketplace=yes&flow=no,"<script src=""https://fareharbor.com/embeds/script/calendar/fabulousbuses/items/400684/?asn=fhdn&asn-ref=miamistylerentals&ref=miamistylerentals&bookable-only=yes&full-items=yes&marketplace=yes&flow=no""></script>",https://fareharbor.com/embeds/book/fabulousbuses/items/400684/?asn=fhdn&asn-ref=miamistylerentals&ref=miamistylerentals&bookable-only=yes&full-items=yes&marketplace=yes&flow=no,https://cdn.filestackcontent.com/dXN0LDPCRruPDUARD6NH
Fabulous Buses,fabulousbuses,info@fabulousbuses.com,(407)885-1252,United States/Florida/Lake Buena Vista,-81.547457,28.373732,400685,Hilton Buena Vista Palace: EPCOT,,1,39,1182,93,398,792,1182,2353,https://fareharbor.com/embeds/calendar/fabulousbuses/items/400685/?asn=fhdn&asn-ref=miamistylerentals&ref=miamistylerentals&bookable-only=yes&full-items=yes&marketplace=yes&flow=no,"<script src=""https://fareharbor.com/embeds/script/calendar/fabulousbuses/items/400685/?asn=fhdn&asn-ref=miamistylerentals&ref=miamistylerentals&bookable-only=yes&full-items=yes&marketplace=yes&flow=no""></script>",https://fareharbor.com/embeds/book/fabulousbuses/items/400685/?asn=fhdn&asn-ref=miamistylerentals&ref=miamistylerentals&bookable-only=yes&full-items=yes&marketplace=yes&flow=no,https://cdn.filestackcontent.com/kBRzokS5OdjqEK3tR6nA
"Florida Paddle Excursions, LLC",floridapaddleexcursions,contact@floridapaddleexcursions.com,(407) 494 - 2062,United States/Florida/Apopka,,,454423,Emerald Cut with Florida Paddle Excursion,,1,39,160,13,46,103,160,279,https://fareharbor.com/embeds/calendar/floridapaddleexcursions/items/454423/?asn=fhdn&asn-ref=miamistylerentals&ref=miamistylerentals&bookable-only=yes&full-items=yes&marketplace=yes&flow=no,"<script src=""https://fareharbor.com/embeds/script/calendar/floridapaddleexcursions/items/454423/?asn=fhdn&asn-ref=miamistylerentals&ref=miamistylerentals&bookable-only=yes&full-items=yes&marketplace=yes&flow=no""></script>",https://fareharbor.com/embeds/book/floridapaddleexcursions/items/454423/?asn=fhdn&asn-ref=miamistylerentals&ref=miamistylerentals&bookable-only=yes&full-items=yes&marketplace=yes&flow=no,https://cdn.filestackcontent.com/BFQmsH04SBa9Shh4xN1A
Fabulous Buses,fabulousbuses,info@fabulousbuses.com,(407)885-1252,United States/Florida/Orlando,,,553475,Villatel Orlando Resort - Disney,,1,39,180,14,60,120,180,359,https://fareharbor.com/embeds/calendar/fabulousbuses/items/553475/?asn=fhdn&asn-ref=miamistylerentals&ref=miamistylerentals&bookable-only=yes&full-items=yes&marketplace=yes&flow=no,"<script src=""https://fareharbor.com/embeds/script/calendar/fabulousbuses/items/553475/?asn=fhdn&asn-ref=miamistylerentals&ref=miamistylerentals&bookable-only=yes&full-items=yes&marketplace=yes&flow=no""></script>",https://fareharbor.com/embeds/book/fabulousbuses/items/553475/?asn=fhdn&asn-ref=miamistylerentals&ref=miamistylerentals&bookable-only=yes&full-items=yes&marketplace=yes&flow=no,https://cdn.filestackcontent.com/0tYszm0wQ5mMa5FTf03s
Fabulous Buses,fabulousbuses,info@fabulousbuses.com,(407)885-1252,United States/Florida/Orlando,-81.463269,28.474046,604681,Westgate Lakes Resort & Spa - Universal,,1,39,360,28,120,240,360,720,https://fareharbor.com/embeds/calendar/fabulousbuses/items/604681/?asn=fhdn&asn-ref=miamistylerentals&ref=miamistylerentals&bookable-only=yes&full-items=yes&marketplace=yes&flow=no,"<script src=""https://fareharbor.com/embeds/script/calendar/fabulousbuses/items/604681/?asn=fhdn&asn-ref=miamistylerentals&ref=miamistylerentals&bookable-only=yes&full-items=yes&marketplace=yes&flow=no""></script>",https://fareharbor.com/embeds/book/fabulousbuses/items/604681/?asn=fhdn&asn-ref=miamistylerentals&ref=miamistylerentals&bookable-only=yes&full-items=yes&marketplace=yes&flow=no,https://cdn.filestackcontent.com/HpgkY3nSpeKdu9l49w58
Stroke of Art,stroke-of-art,info@stroke-of-art.com,14079007501,United States/Florida/Orlando,-81.469162,28.440177,625245,Pottery Wheel Experience: Date Night or Friends' Night Out - Wine Down Orlando,Workshop,1,39,13,1,5,9,13,26,https://fareharbor.com/embeds/calendar/stroke-of-art/items/625245/?asn=fhdn&asn-ref=miamistylerentals&ref=miamistylerentals&bookable-only=yes&full-items=yes&marketplace=yes&flow=no,"<script src=""https://fareharbor.com/embeds/script/calendar/stroke-of-art/items/625245/?asn=fhdn&asn-ref=miamistylerentals&ref=miamistylerentals&bookable-only=yes&full-items=yes&marketplace=yes&flow=no""></script>",https://fareharbor.com/embeds/book/stroke-of-art/items/625245/?asn=fhdn&asn-ref=miamistylerentals&ref=miamistylerentals&bookable-only=yes&full-items=yes&marketplace=yes&flow=no,https://cdn.filestackcontent.com/8d0T32bgRdOxb9sQ2jXD
Adventures in Florida,adventuresinflorida,info@adventuresinflorida.com,(407) 924-3375,United States/Florida/Chuluota,,,693051,ABC Kayaking: FUNdamentals,Kayak,1,39,13,1,4,8,13,25,https://fareharbor.com/embeds/calendar/adventuresinflorida/items/693051/?asn=fhdn&asn-ref=miamistylerentals&ref=miamistylerentals&bookable-only=yes&full-items=yes&marketplace=yes&flow=no,"<script src=""https://fareharbor.com/embeds/script/calendar/adventuresinflorida/items/693051/?asn=fhdn&asn-ref=miamistylerentals&ref=miamistylerentals&bookable-only=yes&full-items=yes&marketplace=yes&flow=no""></script>",https://fareharbor.com/embeds/book/adventuresinflorida/items/693051/?asn=fhdn&asn-ref=miamistylerentals&ref=miamistylerentals&bookable-only=yes&full-items=yes&marketplace=yes&flow=no,https://cdn.filestackcontent.com/VviG95xlQWWUsek2I0kw
Adventures in Florida,adventuresinflorida,info@adventuresinflorida.com,(407) 924-3375,United States/Florida/Chuluota,,,693055,"Wet Exits, Recovery, and Rescue Class",Kayak,1,39,13,1,4,8,13,25,https://fareharbor.com/embeds/calendar/adventuresinflorida/items/693055/?asn=fhdn&asn-ref=miamistylerentals&ref=miamistylerentals&bookable-only=yes&full-items=yes&marketplace=yes&flow=no,"<script src=""https://fareharbor.com/embeds/script/calendar/adventuresinflorida/items/693055/?asn=fhdn&asn-ref=miamistylerentals&ref=miamistylerentals&bookable-only=yes&full-items=yes&marketplace=yes&flow=no""></script>",https://fareharbor.com/embeds/book/adventuresinflorida/items/693055/?asn=fhdn&asn-ref=miamistylerentals&ref=miamistylerentals&bookable-only=yes&full-items=yes&marketplace=yes&flow=no,https://cdn.filestackcontent.com/QmoLsdOwReGdVuITq8ms
Jup Ebike Rentals,jupebikerentals,jeff3foster@outlook.com,1 407 604 1033,United States/Florida/Orlando,,,699293,1 Day E-Bike Rental,Bike Rental,1,39,180,14,60,120,180,360,https://fareharbor.com/embeds/calendar/jupebikerentals/items/699293/?asn=fhdn&asn-ref=miamistylerentals&ref=miamistylerentals&bookable-only=yes&full-items=yes&marketplace=yes&flow=no,"<script src=""https://fareharbor.com/embeds/script/calendar/jupebikerentals/items/699293/?asn=fhdn&asn-ref=miamistylerentals&ref=miamistylerentals&bookable-only=yes&full-items=yes&marketplace=yes&flow=no""></script>",https://fareharbor.com/embeds/book/jupebikerentals/items/699293/?asn=fhdn&asn-ref=miamistylerentals&ref=miamistylerentals&bookable-only=yes&full-items=yes&marketplace=yes&flow=no,https://cdn.filestackcontent.com/pZdcKZWcQ72eaQdbQrSC
Jup Ebike Rentals,jupebikerentals,jeff3foster@outlook.com,1 407 604 1033,United States/Florida/Orlando,,,699319,2 Day E-Bike Rental,Bike Rental,1,39,180,14,60,120,180,360,https://fareharbor.com/embeds/calendar/jupebikerentals/items/699319/?asn=fhdn&asn-ref=miamistylerentals&ref=miamistylerentals&bookable-only=yes&full-items=yes&marketplace=yes&flow=no,"<script src=""https://fareharbor.com/embeds/script/calendar/jupebikerentals/items/699319/?asn=fhdn&asn-ref=miamistylerentals&ref=miamistylerentals&bookable-only=yes&full-items=yes&marketplace=yes&flow=no""></script>",https://fareharbor.com/embeds/book/jupebikerentals/items/699319/?asn=fhdn&asn-ref=miamistylerentals&ref=miamistylerentals&bookable-only=yes&full-items=yes&marketplace=yes&flow=no,https://cdn.filestackcontent.com/DqmmYFbIQ9Ofc18KaR5h
Jup Ebike Rentals,jupebikerentals,jeff3foster@outlook.com,1 407 604 1033,United States/Florida/Orlando,,,699326,3 Day E-Bike Rental,Bike Rental,1,39,180,14,60,120,180,360,https://fareharbor.com/embeds/calendar/jupebikerentals/items/699326/?asn=fhdn&asn-ref=miamistylerentals&ref=miamistylerentals&bookable-only=yes&full-items=yes&marketplace=yes&flow=no,"<script src=""https://fareharbor.com/embeds/script/calendar/jupebikerentals/items/699326/?asn=fhdn&asn-ref=miamistylerentals&ref=miamistylerentals&bookable-only=yes&full-items=yes&marketplace=yes&flow=no""></script>",https://fareharbor.com/embeds/book/jupebikerentals/items/699326/?asn=fhdn&asn-ref=miamistylerentals&ref=miamistylerentals&bookable-only=yes&full-items=yes&marketplace=yes&flow=no,https://cdn.filestackcontent.com/sZQsElgcR1usy0zG4wvN
Jup Ebike Rentals,jupebikerentals,jeff3foster@outlook.com,1 407 604 1033,United States/Florida/Orlando,,,699330,4 Day E-Bike Rental,Bike Rental,1,39,180,14,60,120,180,360,https://fareharbor.com/embeds/calendar/jupebikerentals/items/699330/?asn=fhdn&asn-ref=miamistylerentals&ref=miamistylerentals&bookable-only=yes&full-items=yes&marketplace=yes&flow=no,"<script src=""https://fareharbor.com/embeds/script/calendar/jupebikerentals/items/699330/?asn=fhdn&asn-ref=miamistylerentals&ref=miamistylerentals&bookable-only=yes&full-items=yes&marketplace=yes&flow=no""></script>",https://fareharbor.com/embeds/book/jupebikerentals/items/699330/?asn=fhdn&asn-ref=miamistylerentals&ref=miamistylerentals&bookable-only=yes&full-items=yes&marketplace=yes&flow=no,https://cdn.filestackcontent.com/WjsR1FoRTryXVnTD4TWC
Jup Ebike Rentals,jupebikerentals,jeff3foster@outlook.com,1 407 604 1033,United States/Florida/Orlando,,,699333,5 Day E-Bike Rental,Bike Rental,1,39,180,14,60,120,180,360,https://fareharbor.com/embeds/calendar/jupebikerentals/items/699333/?asn=fhdn&asn-ref=miamistylerentals&ref=miamistylerentals&bookable-only=yes&full-items=yes&marketplace=yes&flow=no,"<script src=""https://fareharbor.com/embeds/script/calendar/jupebikerentals/items/699333/?asn=fhdn&asn-ref=miamistylerentals&ref=miamistylerentals&bookable-only=yes&full-items=yes&marketplace=yes&flow=no""></script>",https://fareharbor.com/embeds/book/jupebikerentals/items/699333/?asn=fhdn&asn-ref=miamistylerentals&ref=miamistylerentals&bookable-only=yes&full-items=yes&marketplace=yes&flow=no,https://cdn.filestackcontent.com/9zCSLDLQTi2R33IYHeKn
Jup Ebike Rentals,jupebikerentals,jeff3foster@outlook.com,1 407 604 1033,United States/Florida/Orlando,,,699335,6 Day E-Bike Rental,Bike Rental,1,39,180,14,60,120,180,360,https://fareharbor.com/embeds/calendar/jupebikerentals/items/699335/?asn=fhdn&asn-ref=miamistylerentals&ref=miamistylerentals&bookable-only=yes&full-items=yes&marketplace=yes&flow=no,"<script src=""https://fareharbor.com/embeds/script/calendar/jupebikerentals/items/699335/?asn=fhdn&asn-ref=miamistylerentals&ref=miamistylerentals&bookable-only=yes&full-items=yes&marketplace=yes&flow=no""></script>",https://fareharbor.com/embeds/book/jupebikerentals/items/699335/?asn=fhdn&asn-ref=miamistylerentals&ref=miamistylerentals&bookable-only=yes&full-items=yes&marketplace=yes&flow=no,https://cdn.filestackcontent.com/UtoYNK3sTrqV8Lz7Yz2e
Jup Ebike Rentals,jupebikerentals,jeff3foster@outlook.com,1 407 604 1033,United States/Florida/Orlando,,,699338,7 Day E-Bike Rental,Bike Rental,1,39,180,14,60,120,180,360,https://fareharbor.com/embeds/calendar/jupebikerentals/items/699338/?asn=fhdn&asn-ref=miamistylerentals&ref=miamistylerentals&bookable-only=yes&full-items=yes&marketplace=yes&flow=no,"<script src=""https://fareharbor.com/embeds/script/calendar/jupebikerentals/items/699338/?asn=fhdn&asn-ref=miamistylerentals&ref=miamistylerentals&bookable-only=yes&full-items=yes&marketplace=yes&flow=no""></script>",https://fareharbor.com/embeds/book/jupebikerentals/items/699338/?asn=fhdn&asn-ref=miamistylerentals&ref=miamistylerentals&bookable-only=yes&full-items=yes&marketplace=yes&flow=no,https://cdn.filestackcontent.com/XAPypw75RVahP5H7xhyS
Trident Charters,tridentcharters,reservations@tridentcharters.com,(340) 998-2500,U.S. Virgin Islands/St. Thomas,,,587820,Stardust - USVI Private Sunset Cruise,Boat Tour,3,37,0,0,0,0,0,0,https://fareharbor.com/embeds/calendar/tridentcharters/items/587820/?asn=fhdn&asn-ref=miamistylerentals&ref=miamistylerentals&bookable-only=yes&full-items=yes&marketplace=yes&flow=no,"<script src=""https://fareharbor.com/embeds/script/calendar/tridentcharters/items/587820/?asn=fhdn&asn-ref=miamistylerentals&ref=miamistylerentals&bookable-only=yes&full-items=yes&marketplace=yes&flow=no""></script>",https://fareharbor.com/embeds/book/tridentcharters/items/587820/?asn=fhdn&asn-ref=miamistylerentals&ref=miamistylerentals&bookable-only=yes&full-items=yes&marketplace=yes&flow=no,https://cdn.filestackcontent.com/NL6lExfbSc24t6nLc1T8
All Guest Services,allguestservices,orders@allguest.com,1.800.393.1775,United States/Florida/Orlando,-81.430531,28.499748,289192,Hollywood Studios Crown City Shuttle Route,,0,35,0,0,0,0,0,0,https://fareharbor.com/embeds/calendar/allguestservices/items/289192/?asn=fhdn&asn-ref=miamistylerentals&ref=miamistylerentals&bookable-only=yes&full-items=yes&marketplace=yes&flow=no,"<script src=""https://fareharbor.com/embeds/script/calendar/allguestservices/items/289192/?asn=fhdn&asn-ref=miamistylerentals&ref=miamistylerentals&bookable-only=yes&full-items=yes&marketplace=yes&flow=no""></script>",https://fareharbor.com/embeds/book/allguestservices/items/289192/?asn=fhdn&asn-ref=miamistylerentals&ref=miamistylerentals&bookable-only=yes&full-items=yes&marketplace=yes&flow=no,
NAUI Services Group,naui,Events@naui.org,800-553-6284,United States/Florida/Orlando,-81.462092,28.42878,330628,DEMA: First Aid Leadership Workshop,,6,35,0,0,0,0,0,0,https://fareharbor.com/embeds/calendar/naui/items/330628/?asn=fhdn&asn-ref=miamistylerentals&ref=miamistylerentals&bookable-only=yes&full-items=yes&marketplace=yes&flow=no,"<script src=""https://fareharbor.com/embeds/script/calendar/naui/items/330628/?asn=fhdn&asn-ref=miamistylerentals&ref=miamistylerentals&bookable-only=yes&full-items=yes&marketplace=yes&flow=no""></script>",https://fareharbor.com/embeds/book/naui/items/330628/?asn=fhdn&asn-ref=miamistylerentals&ref=miamistylerentals&bookable-only=yes&full-items=yes&marketplace=yes&flow=no,https://cdn.filestackcontent.com/rKBwQliTWOYVNQzliPWt
Venture Outdoors,ventureoutdoorsllc,astrid@ventureoutdoorsflorida.com,1-407-267-9950,United States/Florida/Deltona,-81.2671,28.890946,484993,Kayak Guide Training Course,,5,35,0,0,0,0,0,0,https://fareharbor.com/embeds/calendar/ventureoutdoorsllc/items/484993/?asn=fhdn&asn-ref=miamistylerentals&ref=miamistylerentals&bookable-only=yes&full-items=yes&marketplace=yes&flow=no,"<script src=""https://fareharbor.com/embeds/script/calendar/ventureoutdoorsllc/items/484993/?asn=fhdn&asn-ref=miamistylerentals&ref=miamistylerentals&bookable-only=yes&full-items=yes&marketplace=yes&flow=no""></script>",https://fareharbor.com/embeds/book/ventureoutdoorsllc/items/484993/?asn=fhdn&asn-ref=miamistylerentals&ref=miamistylerentals&bookable-only=yes&full-items=yes&marketplace=yes&flow=no,https://cdn.filestackcontent.com/XvI7GoxpSvWDBKLubFPC
Central Florida Boating Association,cflboating,info@cflboating.org,407-205-2654,United States/Florida/Orlando,-81.413975,28.596942,531193,Introduction to Powerboating,,5,35,0,0,0,0,0,0,https://fareharbor.com/embeds/calendar/cflboating/items/531193/?asn=fhdn&asn-ref=miamistylerentals&ref=miamistylerentals&bookable-only=yes&full-items=yes&marketplace=yes&flow=no,"<script src=""https://fareharbor.com/embeds/script/calendar/cflboating/items/531193/?asn=fhdn&asn-ref=miamistylerentals&ref=miamistylerentals&bookable-only=yes&full-items=yes&marketplace=yes&flow=no""></script>",https://fareharbor.com/embeds/book/cflboating/items/531193/?asn=fhdn&asn-ref=miamistylerentals&ref=miamistylerentals&bookable-only=yes&full-items=yes&marketplace=yes&flow=no,https://cdn.filestackcontent.com/jxQ8wT5lRouvkZu84WoZ
Stroke of Art,stroke-of-art,info@stroke-of-art.com,14079007501,United States/Florida/Orlando,-81.469162,28.440177,547921,Advanced Adult Wheel Throwing: 6-Week Session,Other,1,35,6,0,2,4,6,12,https://fareharbor.com/embeds/calendar/stroke-of-art/items/547921/?asn=fhdn&asn-ref=miamistylerentals&ref=miamistylerentals&bookable-only=yes&full-items=yes&marketplace=yes&flow=no,"<script src=""https://fareharbor.com/embeds/script/calendar/stroke-of-art/items/547921/?asn=fhdn&asn-ref=miamistylerentals&ref=miamistylerentals&bookable-only=yes&full-items=yes&marketplace=yes&flow=no""></script>",https://fareharbor.com/embeds/book/stroke-of-art/items/547921/?asn=fhdn&asn-ref=miamistylerentals&ref=miamistylerentals&bookable-only=yes&full-items=yes&marketplace=yes&flow=no,https://cdn.filestackcontent.com/9CtmTYLXRvyWEoOx3vhv
Venture Outdoors,ventureoutdoorsllc,astrid@ventureoutdoorsflorida.com,1-407-267-9950,United States/Florida/Eustis,-81.544325,28.91381,571130,Peaceful Nature Paddle through Cypresses & Moonlit Waters,,5,35,0,0,0,0,0,0,https://fareharbor.com/embeds/calendar/ventureoutdoorsllc/items/571130/?asn=fhdn&asn-ref=miamistylerentals&ref=miamistylerentals&bookable-only=yes&full-items=yes&marketplace=yes&flow=no,"<script src=""https://fareharbor.com/embeds/script/calendar/ventureoutdoorsllc/items/571130/?asn=fhdn&asn-ref=miamistylerentals&ref=miamistylerentals&bookable-only=yes&full-items=yes&marketplace=yes&flow=no""></script>",https://fareharbor.com/embeds/book/ventureoutdoorsllc/items/571130/?asn=fhdn&asn-ref=miamistylerentals&ref=miamistylerentals&bookable-only=yes&full-items=yes&marketplace=yes&flow=no,https://cdn.filestackcontent.com/XxYgexMxT6eMQewwslqo
Venture Outdoors,ventureoutdoorsllc,astrid@ventureoutdoorsflorida.com,1-407-267-9950,United States/Florida/Eustis,-81.544325,28.91381,572123,Supermoon Spooktacular: Kayak Under the Full Moon’s Haunting Glow,,6,35,0,0,0,0,0,0,https://fareharbor.com/embeds/calendar/ventureoutdoorsllc/items/572123/?asn=fhdn&asn-ref=miamistylerentals&ref=miamistylerentals&bookable-only=yes&full-items=yes&marketplace=yes&flow=no,"<script src=""https://fareharbor.com/embeds/script/calendar/ventureoutdoorsllc/items/572123/?asn=fhdn&asn-ref=miamistylerentals&ref=miamistylerentals&bookable-only=yes&full-items=yes&marketplace=yes&flow=no""></script>",https://fareharbor.com/embeds/book/ventureoutdoorsllc/items/572123/?asn=fhdn&asn-ref=miamistylerentals&ref=miamistylerentals&bookable-only=yes&full-items=yes&marketplace=yes&flow=no,https://cdn.filestackcontent.com/nKm5Bq37TiK3LpByNS1p
Original Orlando Tours,originalorlando-bbmamericallc,info@originalorlando.com,(407) 986-8687,United States/Florida/Winter Park,-81.352016,28.595212,579112,Flavors of Winter Park - Foodie Walking Tour,Food Tour,1,35,5,1,2,4,5,11,https://fareharbor.com/embeds/calendar/originalorlando-bbmamericallc/items/579112/?asn=fhdn&asn-ref=miamistylerentals&ref=miamistylerentals&bookable-only=yes&full-items=yes&marketplace=yes&flow=no,"<script src=""https://fareharbor.com/embeds/script/calendar/originalorlando-bbmamericallc/items/579112/?asn=fhdn&asn-ref=miamistylerentals&ref=miamistylerentals&bookable-only=yes&full-items=yes&marketplace=yes&flow=no""></script>",https://fareharbor.com/embeds/book/originalorlando-bbmamericallc/items/579112/?asn=fhdn&asn-ref=miamistylerentals&ref=miamistylerentals&bookable-only=yes&full-items=yes&marketplace=yes&flow=no,https://cdn.filestackcontent.com/bkxwoIscSamLHEmbYO0T
Central Florida Slingshots,centralfloridaslingshots,spacecoastslingshots@gmail.com,321-339-3357,United States/Florida/Orlando,,,582521,6-Seater Golf Cart Rental,,0,35,450,35,150,300,450,900,https://fareharbor.com/embeds/calendar/centralfloridaslingshots/items/582521/?asn=fhdn&asn-ref=miamistylerentals&ref=miamistylerentals&bookable-only=yes&full-items=yes&marketplace=yes&flow=no,"<script src=""https://fareharbor.com/embeds/script/calendar/centralfloridaslingshots/items/582521/?asn=fhdn&asn-ref=miamistylerentals&ref=miamistylerentals&bookable-only=yes&full-items=yes&marketplace=yes&flow=no""></script>",https://fareharbor.com/embeds/book/centralfloridaslingshots/items/582521/?asn=fhdn&asn-ref=miamistylerentals&ref=miamistylerentals&bookable-only=yes&full-items=yes&marketplace=yes&flow=no,
Original Orlando Tours,originalorlando-bbmamericallc,info@originalorlando.com,(407) 986-8687,United States/Florida/Winter Park,-81.352016,28.595212,604112,Celebrities & Secrets of Winter Park,Walking Tour,1,35,8,0,2,6,8,16,https://fareharbor.com/embeds/calendar/originalorlando-bbmamericallc/items/604112/?asn=fhdn&asn-ref=miamistylerentals&ref=miamistylerentals&bookable-only=yes&full-items=yes&marketplace=yes&flow=no,"<script src=""https://fareharbor.com/embeds/script/calendar/originalorlando-bbmamericallc/items/604112/?asn=fhdn&asn-ref=miamistylerentals&ref=miamistylerentals&bookable-only=yes&full-items=yes&marketplace=yes&flow=no""></script>",https://fareharbor.com/embeds/book/originalorlando-bbmamericallc/items/604112/?asn=fhdn&asn-ref=miamistylerentals&ref=miamistylerentals&bookable-only=yes&full-items=yes&marketplace=yes&flow=no,https://cdn.filestackcontent.com/tzZwcCdQCGAy4Xw3AhlM
Ultimate Scuba LLC,okaydivers,info@ultscuba.com,(407) 591-0966,United States/Florida/Orlando,,,316946,SSI Open Water Diver,Water Activities,1,34,7,1,2,5,7,13,https://fareharbor.com/embeds/calendar/okaydivers/items/316946/?asn=fhdn&asn-ref=miamistylerentals&ref=miamistylerentals&bookable-only=yes&full-items=yes&marketplace=yes&flow=no,"<script src=""https://fareharbor.com/embeds/script/calendar/okaydivers/items/316946/?asn=fhdn&asn-ref=miamistylerentals&ref=miamistylerentals&bookable-only=yes&full-items=yes&marketplace=yes&flow=no""></script>",https://fareharbor.com/embeds/book/okaydivers/items/316946/?asn=fhdn&asn-ref=miamistylerentals&ref=miamistylerentals&bookable-only=yes&full-items=yes&marketplace=yes&flow=no,
Ultimate Scuba LLC,okaydivers,info@ultscuba.com,(407) 591-0966,United States/Florida/Orlando,,,317148,SSI Diver Stress and Rescue,Water Activities,1,34,3,0,1,2,3,5,https://fareharbor.com/embeds/calendar/okaydivers/items/317148/?asn=fhdn&asn-ref=miamistylerentals&ref=miamistylerentals&bookable-only=yes&full-items=yes&marketplace=yes&flow=no,"<script src=""https://fareharbor.com/embeds/script/calendar/okaydivers/items/317148/?asn=fhdn&asn-ref=miamistylerentals&ref=miamistylerentals&bookable-only=yes&full-items=yes&marketplace=yes&flow=no""></script>",https://fareharbor.com/embeds/book/okaydivers/items/317148/?asn=fhdn&asn-ref=miamistylerentals&ref=miamistylerentals&bookable-only=yes&full-items=yes&marketplace=yes&flow=no,
Lake Fairview Marina,lakefairviewmarina,info@lakefairviewmarina.com,407-295-0117,United States/Florida/Orlando,-81.41513,28.59617,381452,Kayak Rentals,,1,34,768,60,240,516,768,1536,https://fareharbor.com/embeds/calendar/lakefairviewmarina/items/381452/?asn=fhdn&asn-ref=miamistylerentals&ref=miamistylerentals&bookable-only=yes&full-items=yes&marketplace=yes&flow=no,"<script src=""https://fareharbor.com/embeds/script/calendar/lakefairviewmarina/items/381452/?asn=fhdn&asn-ref=miamistylerentals&ref=miamistylerentals&bookable-only=yes&full-items=yes&marketplace=yes&flow=no""></script>",https://fareharbor.com/embeds/book/lakefairviewmarina/items/381452/?asn=fhdn&asn-ref=miamistylerentals&ref=miamistylerentals&bookable-only=yes&full-items=yes&marketplace=yes&flow=no,https://cdn.filestackcontent.com/5BLHwb6FSvC0cwbUpNKw
Teatro Martini - Orlando,teatromartini-orlando,info@teatromartinifl.com,407-206-5102,United States/Florida/Orlando,,,575181,Blair Crimmins and the Hookers,,1,34,0,0,0,0,0,0,https://fareharbor.com/embeds/calendar/teatromartini-orlando/items/575181/?asn=fhdn&asn-ref=miamistylerentals&ref=miamistylerentals&bookable-only=yes&full-items=yes&marketplace=yes&flow=no,"<script src=""https://fareharbor.com/embeds/script/calendar/teatromartini-orlando/items/575181/?asn=fhdn&asn-ref=miamistylerentals&ref=miamistylerentals&bookable-only=yes&full-items=yes&marketplace=yes&flow=no""></script>",https://fareharbor.com/embeds/book/teatromartini-orlando/items/575181/?asn=fhdn&asn-ref=miamistylerentals&ref=miamistylerentals&bookable-only=yes&full-items=yes&marketplace=yes&flow=no,https://cdn.filestackcontent.com/M80exuZMSmmd7JSyJsbV
Sassy's Moonshine Tours,caribbeanmoonshine,,,United States/Florida/Orlando,,,582828,Orlando’s Caribbean Moonshine Bus Tour Icon Park,Distillery,1,34,0,0,0,0,0,7,https://fareharbor.com/embeds/calendar/caribbeanmoonshine/items/582828/?asn=fhdn&asn-ref=miamistylerentals&ref=miamistylerentals&bookable-only=yes&full-items=yes&marketplace=yes&flow=no,"<script src=""https://fareharbor.com/embeds/script/calendar/caribbeanmoonshine/items/582828/?asn=fhdn&asn-ref=miamistylerentals&ref=miamistylerentals&bookable-only=yes&full-items=yes&marketplace=yes&flow=no""></script>",https://fareharbor.com/embeds/book/caribbeanmoonshine/items/582828/?asn=fhdn&asn-ref=miamistylerentals&ref=miamistylerentals&bookable-only=yes&full-items=yes&marketplace=yes&flow=no,https://cdn.filestackcontent.com/8kxmGQ9LRIaksKiOlZfx
All Guest Services,allguestservices,orders@allguest.com,1.800.393.1775,United States/Florida/Orlando,,,64812,1-Day 1-Park Universal Studios,,2,33,0,0,0,0,0,0,https://fareharbor.com/embeds/calendar/allguestservices/items/64812/?asn=fhdn&asn-ref=miamistylerentals&ref=miamistylerentals&bookable-only=yes&full-items=yes&marketplace=yes&flow=no,"<script src=""https://fareharbor.com/embeds/script/calendar/allguestservices/items/64812/?asn=fhdn&asn-ref=miamistylerentals&ref=miamistylerentals&bookable-only=yes&full-items=yes&marketplace=yes&flow=no""></script>",https://fareharbor.com/embeds/book/allguestservices/items/64812/?asn=fhdn&asn-ref=miamistylerentals&ref=miamistylerentals&bookable-only=yes&full-items=yes&marketplace=yes&flow=no,https://cdn.filestackcontent.com/952tKkVVTWauJlRhfHrD
International Heli-Tours,orlandohelitours,info@orlandohelitours.com,407-239-8687,United States/Florida/Orlando,-81.485338,28.384652,118183,Disney Springs & Typhoon Lagoon Combo Tour • Orlando,Air Activities,2,33,0,0,0,0,0,0,https://fareharbor.com/embeds/calendar/orlandohelitours/items/118183/?asn=fhdn&asn-ref=miamistylerentals&ref=miamistylerentals&bookable-only=yes&full-items=yes&marketplace=yes&flow=no,"<script src=""https://fareharbor.com/embeds/script/calendar/orlandohelitours/items/118183/?asn=fhdn&asn-ref=miamistylerentals&ref=miamistylerentals&bookable-only=yes&full-items=yes&marketplace=yes&flow=no""></script>",https://fareharbor.com/embeds/book/orlandohelitours/items/118183/?asn=fhdn&asn-ref=miamistylerentals&ref=miamistylerentals&bookable-only=yes&full-items=yes&marketplace=yes&flow=no,https://cdn.filestackcontent.com/54GowGP7QzmR0Y2dwlVc
Orlando Ale Line,orlandoaleline,Info@orlandoaleline.com,407-683-5713,United States/Florida/Orlando,-81.378927,28.538383,169507,Brew Loop,Brewery,2,33,0,0,0,0,0,0,https://fareharbor.com/embeds/calendar/orlandoaleline/items/169507/?asn=fhdn&asn-ref=miamistylerentals&ref=miamistylerentals&bookable-only=yes&full-items=yes&marketplace=yes&flow=no,"<script src=""https://fareharbor.com/embeds/script/calendar/orlandoaleline/items/169507/?asn=fhdn&asn-ref=miamistylerentals&ref=miamistylerentals&bookable-only=yes&full-items=yes&marketplace=yes&flow=no""></script>",https://fareharbor.com/embeds/book/orlandoaleline/items/169507/?asn=fhdn&asn-ref=miamistylerentals&ref=miamistylerentals&bookable-only=yes&full-items=yes&marketplace=yes&flow=no,https://cdn.filestackcontent.com/4fGcSIcRtaNVsWJlxas6
Ultimate Scuba LLC,okaydivers,info@ultscuba.com,(407) 591-0966,United States/Florida/De Leon Springs,-81.361127,29.132617,316972,Scuba Skills Update,Scuba-Water Activities,1,33,0,0,0,0,0,0,https://fareharbor.com/embeds/calendar/okaydivers/items/316972/?asn=fhdn&asn-ref=miamistylerentals&ref=miamistylerentals&bookable-only=yes&full-items=yes&marketplace=yes&flow=no,"<script src=""https://fareharbor.com/embeds/script/calendar/okaydivers/items/316972/?asn=fhdn&asn-ref=miamistylerentals&ref=miamistylerentals&bookable-only=yes&full-items=yes&marketplace=yes&flow=no""></script>",https://fareharbor.com/embeds/book/okaydivers/items/316972/?asn=fhdn&asn-ref=miamistylerentals&ref=miamistylerentals&bookable-only=yes&full-items=yes&marketplace=yes&flow=no,https://cdn.filestackcontent.com/OvdJrNEkTPDL9TomKpGr
Ultimate Scuba LLC,okaydivers,info@ultscuba.com,(407) 591-0966,United States/Florida/Orlando,,,439969,RAID Open Water 20,Water Activities,1,33,0,0,0,0,0,0,https://fareharbor.com/embeds/calendar/okaydivers/items/439969/?asn=fhdn&asn-ref=miamistylerentals&ref=miamistylerentals&bookable-only=yes&full-items=yes&marketplace=yes&flow=no,"<script src=""https://fareharbor.com/embeds/script/calendar/okaydivers/items/439969/?asn=fhdn&asn-ref=miamistylerentals&ref=miamistylerentals&bookable-only=yes&full-items=yes&marketplace=yes&flow=no""></script>",https://fareharbor.com/embeds/book/okaydivers/items/439969/?asn=fhdn&asn-ref=miamistylerentals&ref=miamistylerentals&bookable-only=yes&full-items=yes&marketplace=yes&flow=no,https://cdn.filestackcontent.com/j7EHtCeT1CSLd7As6x5X
Ultimate Scuba LLC,okaydivers,info@ultscuba.com,(407) 591-0966,United States/Florida/Orlando,,,491235,RAID Advanced 35,Scuba,1,33,0,0,0,0,0,0,https://fareharbor.com/embeds/calendar/okaydivers/items/491235/?asn=fhdn&asn-ref=miamistylerentals&ref=miamistylerentals&bookable-only=yes&full-items=yes&marketplace=yes&flow=no,"<script src=""https://fareharbor.com/embeds/script/calendar/okaydivers/items/491235/?asn=fhdn&asn-ref=miamistylerentals&ref=miamistylerentals&bookable-only=yes&full-items=yes&marketplace=yes&flow=no""></script>",https://fareharbor.com/embeds/book/okaydivers/items/491235/?asn=fhdn&asn-ref=miamistylerentals&ref=miamistylerentals&bookable-only=yes&full-items=yes&marketplace=yes&flow=no,https://cdn.filestackcontent.com/cJPj9g1lR1Oi03zlYooV
The Lonely Dog Immersive Experience,thelonelydogimmersiveexperience,info@lonelydogorlando.com,844-566-3593,United States/Florida/Orlando,,,576089,Lonely Dog: Immersive Art Story Telling Experience,,4,33,0,0,0,0,0,0,https://fareharbor.com/embeds/calendar/thelonelydogimmersiveexperience/items/576089/?asn=fhdn&asn-ref=miamistylerentals&ref=miamistylerentals&bookable-only=yes&full-items=yes&marketplace=yes&flow=no,"<script src=""https://fareharbor.com/embeds/script/calendar/thelonelydogimmersiveexperience/items/576089/?asn=fhdn&asn-ref=miamistylerentals&ref=miamistylerentals&bookable-only=yes&full-items=yes&marketplace=yes&flow=no""></script>",https://fareharbor.com/embeds/book/thelonelydogimmersiveexperience/items/576089/?asn=fhdn&asn-ref=miamistylerentals&ref=miamistylerentals&bookable-only=yes&full-items=yes&marketplace=yes&flow=no,https://cdn.filestackcontent.com/BvWN7nblRuSX7HzHmEvv
Trident Charters,tridentcharters,reservations@tridentcharters.com,(340) 998-2500,U.S. Virgin Islands/St. Thomas,,,587814,Valkyrie - USVI Private Sunset Cruise,Boat Tour,2,33,0,0,0,0,0,0,https://fareharbor.com/embeds/calendar/tridentcharters/items/587814/?asn=fhdn&asn-ref=miamistylerentals&ref=miamistylerentals&bookable-only=yes&full-items=yes&marketplace=yes&flow=no,"<script src=""https://fareharbor.com/embeds/script/calendar/tridentcharters/items/587814/?asn=fhdn&asn-ref=miamistylerentals&ref=miamistylerentals&bookable-only=yes&full-items=yes&marketplace=yes&flow=no""></script>",https://fareharbor.com/embeds/book/tridentcharters/items/587814/?asn=fhdn&asn-ref=miamistylerentals&ref=miamistylerentals&bookable-only=yes&full-items=yes&marketplace=yes&flow=no,https://cdn.filestackcontent.com/lWuEAwFWROqpttYHmGna
Otter Paddle Orlando,otterpaddleorlando,info@otterpaddleorlando.com,407-952-2481,United States/Florida/Winter Park,,,504384,1 Hour Paddle Board Rental,Rentals-Water Activities,1,32,0,0,0,0,0,0,https://fareharbor.com/embeds/calendar/otterpaddleorlando/items/504384/?asn=fhdn&asn-ref=miamistylerentals&ref=miamistylerentals&bookable-only=yes&full-items=yes&marketplace=yes&flow=no,"<script src=""https://fareharbor.com/embeds/script/calendar/otterpaddleorlando/items/504384/?asn=fhdn&asn-ref=miamistylerentals&ref=miamistylerentals&bookable-only=yes&full-items=yes&marketplace=yes&flow=no""></script>",https://fareharbor.com/embeds/book/otterpaddleorlando/items/504384/?asn=fhdn&asn-ref=miamistylerentals&ref=miamistylerentals&bookable-only=yes&full-items=yes&marketplace=yes&flow=no,https://cdn.filestackcontent.com/iFoDyIg3Q422KRSTvHog
Ultimate Scuba LLC,okaydivers,info@ultscuba.com,(407) 591-0966,United States/Florida/Pompano Beach,,,554132,Dive Excursion in Pompano Beach,Scuba,1,32,0,0,0,0,0,0,https://fareharbor.com/embeds/calendar/okaydivers/items/554132/?asn=fhdn&asn-ref=miamistylerentals&ref=miamistylerentals&bookable-only=yes&full-items=yes&marketplace=yes&flow=no,"<script src=""https://fareharbor.com/embeds/script/calendar/okaydivers/items/554132/?asn=fhdn&asn-ref=miamistylerentals&ref=miamistylerentals&bookable-only=yes&full-items=yes&marketplace=yes&flow=no""></script>",https://fareharbor.com/embeds/book/okaydivers/items/554132/?asn=fhdn&asn-ref=miamistylerentals&ref=miamistylerentals&bookable-only=yes&full-items=yes&marketplace=yes&flow=no,
Bounce The City - Orlando FL,btm-orlando-fl,info@bouncethemall.com,,United States/Florida/Orlando,,,496768,All Ages Session,,4,31,0,0,0,0,0,0,https://fareharbor.com/embeds/calendar/btm-orlando-fl/items/496768/?asn=fhdn&asn-ref=miamistylerentals&ref=miamistylerentals&bookable-only=yes&full-items=yes&marketplace=yes&flow=no,"<script src=""https://fareharbor.com/embeds/script/calendar/btm-orlando-fl/items/496768/?asn=fhdn&asn-ref=miamistylerentals&ref=miamistylerentals&bookable-only=yes&full-items=yes&marketplace=yes&flow=no""></script>",https://fareharbor.com/embeds/book/btm-orlando-fl/items/496768/?asn=fhdn&asn-ref=miamistylerentals&ref=miamistylerentals&bookable-only=yes&full-items=yes&marketplace=yes&flow=no,https://cdn.filestackcontent.com/rwanMTiq45wFN9q6sYgt
Bounce The City - Orlando FL,btm-orlando-fl,info@bouncethemall.com,,United States/Florida/Orlando,,,496779,Junior Session,,4,31,0,0,0,0,0,0,https://fareharbor.com/embeds/calendar/btm-orlando-fl/items/496779/?asn=fhdn&asn-ref=miamistylerentals&ref=miamistylerentals&bookable-only=yes&full-items=yes&marketplace=yes&flow=no,"<script src=""https://fareharbor.com/embeds/script/calendar/btm-orlando-fl/items/496779/?asn=fhdn&asn-ref=miamistylerentals&ref=miamistylerentals&bookable-only=yes&full-items=yes&marketplace=yes&flow=no""></script>",https://fareharbor.com/embeds/book/btm-orlando-fl/items/496779/?asn=fhdn&asn-ref=miamistylerentals&ref=miamistylerentals&bookable-only=yes&full-items=yes&marketplace=yes&flow=no,https://cdn.filestackcontent.com/SiZR2nCkRCuy5eyOLeo7
Central Florida Boating Association,cflboating,info@cflboating.org,407-205-2654,United States/Florida/Orlando,,,549535,Precision Docking  & Boat Handling,,4,31,0,0,0,0,0,0,https://fareharbor.com/embeds/calendar/cflboating/items/549535/?asn=fhdn&asn-ref=miamistylerentals&ref=miamistylerentals&bookable-only=yes&full-items=yes&marketplace=yes&flow=no,"<script src=""https://fareharbor.com/embeds/script/calendar/cflboating/items/549535/?asn=fhdn&asn-ref=miamistylerentals&ref=miamistylerentals&bookable-only=yes&full-items=yes&marketplace=yes&flow=no""></script>",https://fareharbor.com/embeds/book/cflboating/items/549535/?asn=fhdn&asn-ref=miamistylerentals&ref=miamistylerentals&bookable-only=yes&full-items=yes&marketplace=yes&flow=no,https://cdn.filestackcontent.com/wLwyV7GkT220unXYI3OX
Original Orlando Tours,originalorlando-bbmamericallc,info@originalorlando.com,(407) 986-8687,United States/Florida/Orlando,,,579167,Hello Neighbor! The Mister Rogers Walking Tour,Walking Tour,1,31,9,1,3,7,9,16,https://fareharbor.com/embeds/calendar/originalorlando-bbmamericallc/items/579167/?asn=fhdn&asn-ref=miamistylerentals&ref=miamistylerentals&bookable-only=yes&full-items=yes&marketplace=yes&flow=no,"<script src=""https://fareharbor.com/embeds/script/calendar/originalorlando-bbmamericallc/items/579167/?asn=fhdn&asn-ref=miamistylerentals&ref=miamistylerentals&bookable-only=yes&full-items=yes&marketplace=yes&flow=no""></script>",https://fareharbor.com/embeds/book/originalorlando-bbmamericallc/items/579167/?asn=fhdn&asn-ref=miamistylerentals&ref=miamistylerentals&bookable-only=yes&full-items=yes&marketplace=yes&flow=no,https://cdn.filestackcontent.com/Dm74LqUQSfGw1p82SqBs
Original Orlando Tours,originalorlando-bbmamericallc,info@originalorlando.com,(407) 986-8687,United States/Florida/Winter Park,-81.352016,28.595212,604147,Celebrities & Secrets of Winter Park + Boat Tour,Boat Tour,1,31,0,0,0,0,0,0,https://fareharbor.com/embeds/calendar/originalorlando-bbmamericallc/items/604147/?asn=fhdn&asn-ref=miamistylerentals&ref=miamistylerentals&bookable-only=yes&full-items=yes&marketplace=yes&flow=no,"<script src=""https://fareharbor.com/embeds/script/calendar/originalorlando-bbmamericallc/items/604147/?asn=fhdn&asn-ref=miamistylerentals&ref=miamistylerentals&bookable-only=yes&full-items=yes&marketplace=yes&flow=no""></script>",https://fareharbor.com/embeds/book/originalorlando-bbmamericallc/items/604147/?asn=fhdn&asn-ref=miamistylerentals&ref=miamistylerentals&bookable-only=yes&full-items=yes&marketplace=yes&flow=no,https://cdn.filestackcontent.com/RPuddvHDSGiy4bFVWJ0A
Original Orlando Tours,originalorlando-bbmamericallc,info@originalorlando.com,(407) 986-8687,United States/Florida/Winter Park,,,679744,Winter Park Old Fashioned Christmas Cruise,,1,31,0,0,0,0,0,0,https://fareharbor.com/embeds/calendar/originalorlando-bbmamericallc/items/679744/?asn=fhdn&asn-ref=miamistylerentals&ref=miamistylerentals&bookable-only=yes&full-items=yes&marketplace=yes&flow=no,"<script src=""https://fareharbor.com/embeds/script/calendar/originalorlando-bbmamericallc/items/679744/?asn=fhdn&asn-ref=miamistylerentals&ref=miamistylerentals&bookable-only=yes&full-items=yes&marketplace=yes&flow=no""></script>",https://fareharbor.com/embeds/book/originalorlando-bbmamericallc/items/679744/?asn=fhdn&asn-ref=miamistylerentals&ref=miamistylerentals&bookable-only=yes&full-items=yes&marketplace=yes&flow=no,https://cdn.filestackcontent.com/uK5XhUcTRci6qKZvPK1W
Ultimate Scuba LLC,okaydivers,info@ultscuba.com,(407) 591-0966,United States/Florida/Orlando,,,413617,SSI Recreational Advanced Courses,Scuba,1,30,0,0,0,0,0,0,https://fareharbor.com/embeds/calendar/okaydivers/items/413617/?asn=fhdn&asn-ref=miamistylerentals&ref=miamistylerentals&bookable-only=yes&full-items=yes&marketplace=yes&flow=no,"<script src=""https://fareharbor.com/embeds/script/calendar/okaydivers/items/413617/?asn=fhdn&asn-ref=miamistylerentals&ref=miamistylerentals&bookable-only=yes&full-items=yes&marketplace=yes&flow=no""></script>",https://fareharbor.com/embeds/book/okaydivers/items/413617/?asn=fhdn&asn-ref=miamistylerentals&ref=miamistylerentals&bookable-only=yes&full-items=yes&marketplace=yes&flow=no,https://cdn.filestackcontent.com/2BzFqE2TGiBEJ9usZOPP
Wandering Palm,wanderingpalmadventures,tracy@wanderingpalmadventures.com,1-407-476-1694,United States/Florida/Winter Garden,-81.587047,28.565711,475102,The Olive Oil Exposé: Learn Why Not All Olive Oils Are Created Equal,,3,30,1,0,1,1,1,1,https://fareharbor.com/embeds/calendar/wanderingpalmadventures/items/475102/?asn=fhdn&asn-ref=miamistylerentals&ref=miamistylerentals&bookable-only=yes&full-items=yes&marketplace=yes&flow=no,"<script src=""https://fareharbor.com/embeds/script/calendar/wanderingpalmadventures/items/475102/?asn=fhdn&asn-ref=miamistylerentals&ref=miamistylerentals&bookable-only=yes&full-items=yes&marketplace=yes&flow=no""></script>",https://fareharbor.com/embeds/book/wanderingpalmadventures/items/475102/?asn=fhdn&asn-ref=miamistylerentals&ref=miamistylerentals&bookable-only=yes&full-items=yes&marketplace=yes&flow=no,https://cdn.filestackcontent.com/mFWfqfs4QyKO6El7Gvqv
Stroke of Art,stroke-of-art,info@stroke-of-art.com,14079007501,United States/Florida/Orlando,-81.469162,28.440177,547922,6-Week Sculpture Workshop: Explore Hand-Building Techniques,Other,1,30,1,0,1,1,1,0,https://fareharbor.com/embeds/calendar/stroke-of-art/items/547922/?asn=fhdn&asn-ref=miamistylerentals&ref=miamistylerentals&bookable-only=yes&full-items=yes&marketplace=yes&flow=no,"<script src=""https://fareharbor.com/embeds/script/calendar/stroke-of-art/items/547922/?asn=fhdn&asn-ref=miamistylerentals&ref=miamistylerentals&bookable-only=yes&full-items=yes&marketplace=yes&flow=no""></script>",https://fareharbor.com/embeds/book/stroke-of-art/items/547922/?asn=fhdn&asn-ref=miamistylerentals&ref=miamistylerentals&bookable-only=yes&full-items=yes&marketplace=yes&flow=no,https://cdn.filestackcontent.com/t7OHkYRQCjUFs0DjKX3w
Central Florida Boating Association,cflboating,info@cflboating.org,407-205-2654,United States/Florida/St. Cloud,-81.251862,28.278267,573052,Introduction to Powerboat and Precision Boat Handling,,3,30,0,0,0,0,0,0,https://fareharbor.com/embeds/calendar/cflboating/items/573052/?asn=fhdn&asn-ref=miamistylerentals&ref=miamistylerentals&bookable-only=yes&full-items=yes&marketplace=yes&flow=no,"<script src=""https://fareharbor.com/embeds/script/calendar/cflboating/items/573052/?asn=fhdn&asn-ref=miamistylerentals&ref=miamistylerentals&bookable-only=yes&full-items=yes&marketplace=yes&flow=no""></script>",https://fareharbor.com/embeds/book/cflboating/items/573052/?asn=fhdn&asn-ref=miamistylerentals&ref=miamistylerentals&bookable-only=yes&full-items=yes&marketplace=yes&flow=no,https://cdn.filestackcontent.com/zeIDrVEnQcO4gzH5hckE
Original Orlando Tours,originalorlando-bbmamericallc,info@originalorlando.com,(407) 986-8687,United States/Florida/Winter Park,-81.351156,28.594705,579116,Ghosts of Winter Park,Walking Tour,1,30,2,0,1,1,2,11,https://fareharbor.com/embeds/calendar/originalorlando-bbmamericallc/items/579116/?asn=fhdn&asn-ref=miamistylerentals&ref=miamistylerentals&bookable-only=yes&full-items=yes&marketplace=yes&flow=no,"<script src=""https://fareharbor.com/embeds/script/calendar/originalorlando-bbmamericallc/items/579116/?asn=fhdn&asn-ref=miamistylerentals&ref=miamistylerentals&bookable-only=yes&full-items=yes&marketplace=yes&flow=no""></script>",https://fareharbor.com/embeds/book/originalorlando-bbmamericallc/items/579116/?asn=fhdn&asn-ref=miamistylerentals&ref=miamistylerentals&bookable-only=yes&full-items=yes&marketplace=yes&flow=no,https://cdn.filestackcontent.com/HShKGJhjRPWad8BsJOlT
Conrad Orlando,conradorlando,ORLCI.Recreation@ConradHotels.com,(407) 387-2000,United States/Florida/Orlando,-81.378927,28.538383,640960,Learn to Draw Class,,1,30,20,0,4,12,20,26,https://fareharbor.com/embeds/calendar/conradorlando/items/640960/?asn=fhdn&asn-ref=miamistylerentals&ref=miamistylerentals&bookable-only=yes&full-items=yes&marketplace=yes&flow=no,"<script src=""https://fareharbor.com/embeds/script/calendar/conradorlando/items/640960/?asn=fhdn&asn-ref=miamistylerentals&ref=miamistylerentals&bookable-only=yes&full-items=yes&marketplace=yes&flow=no""></script>",https://fareharbor.com/embeds/book/conradorlando/items/640960/?asn=fhdn&asn-ref=miamistylerentals&ref=miamistylerentals&bookable-only=yes&full-items=yes&marketplace=yes&flow=no,https://cdn.filestackcontent.com/QxdEbxvGSfiDxA60rqf9
Stroke of Art,stroke-of-art,info@stroke-of-art.com,14079007501,United States/Florida/Orlando,-81.469162,28.440177,674449,Mug Making Workshop,Workshop,1,30,0,0,0,0,0,0,https://fareharbor.com/embeds/calendar/stroke-of-art/items/674449/?asn=fhdn&asn-ref=miamistylerentals&ref=miamistylerentals&bookable-only=yes&full-items=yes&marketplace=yes&flow=no,"<script src=""https://fareharbor.com/embeds/script/calendar/stroke-of-art/items/674449/?asn=fhdn&asn-ref=miamistylerentals&ref=miamistylerentals&bookable-only=yes&full-items=yes&marketplace=yes&flow=no""></script>",https://fareharbor.com/embeds/book/stroke-of-art/items/674449/?asn=fhdn&asn-ref=miamistylerentals&ref=miamistylerentals&bookable-only=yes&full-items=yes&marketplace=yes&flow=no,https://cdn.filestackcontent.com/9oQJl8zQaHJkB5xaTZZw
Stroke of Art,stroke-of-art,info@stroke-of-art.com,14079007501,United States/Florida/Orlando,-81.469162,28.440177,722122,Intermediate Wheel Throwing: 6-Week Pottery Session,,1,30,12,1,5,7,12,24,https://fareharbor.com/embeds/calendar/stroke-of-art/items/722122/?asn=fhdn&asn-ref=miamistylerentals&ref=miamistylerentals&bookable-only=yes&full-items=yes&marketplace=yes&flow=no,"<script src=""https://fareharbor.com/embeds/script/calendar/stroke-of-art/items/722122/?asn=fhdn&asn-ref=miamistylerentals&ref=miamistylerentals&bookable-only=yes&full-items=yes&marketplace=yes&flow=no""></script>",https://fareharbor.com/embeds/book/stroke-of-art/items/722122/?asn=fhdn&asn-ref=miamistylerentals&ref=miamistylerentals&bookable-only=yes&full-items=yes&marketplace=yes&flow=no,https://cdn.filestackcontent.com/5wD7r7PxS6C4Hi2Yv8jA
All Guest Services,allguestservices,orders@allguest.com,1.800.393.1775,United States/Florida/Orlando,,,63854,2-Day Walt Disney World® - Park Hopper,,1,29,0,0,0,0,0,0,https://fareharbor.com/embeds/calendar/allguestservices/items/63854/?asn=fhdn&asn-ref=miamistylerentals&ref=miamistylerentals&bookable-only=yes&full-items=yes&marketplace=yes&flow=no,"<script src=""https://fareharbor.com/embeds/script/calendar/allguestservices/items/63854/?asn=fhdn&asn-ref=miamistylerentals&ref=miamistylerentals&bookable-only=yes&full-items=yes&marketplace=yes&flow=no""></script>",https://fareharbor.com/embeds/book/allguestservices/items/63854/?asn=fhdn&asn-ref=miamistylerentals&ref=miamistylerentals&bookable-only=yes&full-items=yes&marketplace=yes&flow=no,https://cdn.filestackcontent.com/Oaxh553gScG5OowRA5fZ
All Guest Services,allguestservices,orders@allguest.com,1.800.393.1775,United States/Florida/Orlando,,,63942,3-Day Walt Disney World® - 1 Park Per Day,,1,29,0,0,0,0,0,0,https://fareharbor.com/embeds/calendar/allguestservices/items/63942/?asn=fhdn&asn-ref=miamistylerentals&ref=miamistylerentals&bookable-only=yes&full-items=yes&marketplace=yes&flow=no,"<script src=""https://fareharbor.com/embeds/script/calendar/allguestservices/items/63942/?asn=fhdn&asn-ref=miamistylerentals&ref=miamistylerentals&bookable-only=yes&full-items=yes&marketplace=yes&flow=no""></script>",https://fareharbor.com/embeds/book/allguestservices/items/63942/?asn=fhdn&asn-ref=miamistylerentals&ref=miamistylerentals&bookable-only=yes&full-items=yes&marketplace=yes&flow=no,https://cdn.filestackcontent.com/AMRwP44yQGCzl10rFwoh
All Guest Services,allguestservices,orders@allguest.com,1.800.393.1775,United States/Florida/Orlando,,,63943,4-Day Walt Disney World® - 1 Park Per Day,,1,29,0,0,0,0,0,0,https://fareharbor.com/embeds/calendar/allguestservices/items/63943/?asn=fhdn&asn-ref=miamistylerentals&ref=miamistylerentals&bookable-only=yes&full-items=yes&marketplace=yes&flow=no,"<script src=""https://fareharbor.com/embeds/script/calendar/allguestservices/items/63943/?asn=fhdn&asn-ref=miamistylerentals&ref=miamistylerentals&bookable-only=yes&full-items=yes&marketplace=yes&flow=no""></script>",https://fareharbor.com/embeds/book/allguestservices/items/63943/?asn=fhdn&asn-ref=miamistylerentals&ref=miamistylerentals&bookable-only=yes&full-items=yes&marketplace=yes&flow=no,https://cdn.filestackcontent.com/qJmltUHRF6r8SQRsiMGb
All Guest Services,allguestservices,orders@allguest.com,1.800.393.1775,United States/Florida/Orlando,,,63961,3-Day Walt Disney World® - Park Hopper,,1,29,0,0,0,0,0,0,https://fareharbor.com/embeds/calendar/allguestservices/items/63961/?asn=fhdn&asn-ref=miamistylerentals&ref=miamistylerentals&bookable-only=yes&full-items=yes&marketplace=yes&flow=no,"<script src=""https://fareharbor.com/embeds/script/calendar/allguestservices/items/63961/?asn=fhdn&asn-ref=miamistylerentals&ref=miamistylerentals&bookable-only=yes&full-items=yes&marketplace=yes&flow=no""></script>",https://fareharbor.com/embeds/book/allguestservices/items/63961/?asn=fhdn&asn-ref=miamistylerentals&ref=miamistylerentals&bookable-only=yes&full-items=yes&marketplace=yes&flow=no,https://cdn.filestackcontent.com/kcQmfpULQ3Sbjk3Tn1Ok
All Guest Services,allguestservices,orders@allguest.com,1.800.393.1775,United States/Florida/Orlando,,,64889,1-Day Park-To-Park Universal Orlando Peak Tickets,,1,29,0,0,0,0,0,0,https://fareharbor.com/embeds/calendar/allguestservices/items/64889/?asn=fhdn&asn-ref=miamistylerentals&ref=miamistylerentals&bookable-only=yes&full-items=yes&marketplace=yes&flow=no,"<script src=""https://fareharbor.com/embeds/script/calendar/allguestservices/items/64889/?asn=fhdn&asn-ref=miamistylerentals&ref=miamistylerentals&bookable-only=yes&full-items=yes&marketplace=yes&flow=no""></script>",https://fareharbor.com/embeds/book/allguestservices/items/64889/?asn=fhdn&asn-ref=miamistylerentals&ref=miamistylerentals&bookable-only=yes&full-items=yes&marketplace=yes&flow=no,https://cdn.filestackcontent.com/woE8JIkETW2iWL3l6Drf
All Guest Services,allguestservices,orders@allguest.com,1.800.393.1775,United States/Florida/Orlando,,,65113,Ripley's Believe It Or Not Tickets,,1,29,0,0,0,0,0,0,https://fareharbor.com/embeds/calendar/allguestservices/items/65113/?asn=fhdn&asn-ref=miamistylerentals&ref=miamistylerentals&bookable-only=yes&full-items=yes&marketplace=yes&flow=no,"<script src=""https://fareharbor.com/embeds/script/calendar/allguestservices/items/65113/?asn=fhdn&asn-ref=miamistylerentals&ref=miamistylerentals&bookable-only=yes&full-items=yes&marketplace=yes&flow=no""></script>",https://fareharbor.com/embeds/book/allguestservices/items/65113/?asn=fhdn&asn-ref=miamistylerentals&ref=miamistylerentals&bookable-only=yes&full-items=yes&marketplace=yes&flow=no,https://cdn.filestackcontent.com/aRkMg4A8ScSO9YbrRXOf
All Guest Services,allguestservices,orders@allguest.com,1.800.393.1775,United States/Florida/Orlando,,,65114,Gatorland Regular Admission Tickets,,1,29,0,0,0,0,0,0,https://fareharbor.com/embeds/calendar/allguestservices/items/65114/?asn=fhdn&asn-ref=miamistylerentals&ref=miamistylerentals&bookable-only=yes&full-items=yes&marketplace=yes&flow=no,"<script src=""https://fareharbor.com/embeds/script/calendar/allguestservices/items/65114/?asn=fhdn&asn-ref=miamistylerentals&ref=miamistylerentals&bookable-only=yes&full-items=yes&marketplace=yes&flow=no""></script>",https://fareharbor.com/embeds/book/allguestservices/items/65114/?asn=fhdn&asn-ref=miamistylerentals&ref=miamistylerentals&bookable-only=yes&full-items=yes&marketplace=yes&flow=no,https://cdn.filestackcontent.com/nVHTOO4JTNq22Whe1d0m
All Guest Services,allguestservices,orders@allguest.com,1.800.393.1775,United States/Florida/Orlando,,,65124,Wild Florida Airboats - 1 Hour Tickets,,1,29,0,0,0,0,0,0,https://fareharbor.com/embeds/calendar/allguestservices/items/65124/?asn=fhdn&asn-ref=miamistylerentals&ref=miamistylerentals&bookable-only=yes&full-items=yes&marketplace=yes&flow=no,"<script src=""https://fareharbor.com/embeds/script/calendar/allguestservices/items/65124/?asn=fhdn&asn-ref=miamistylerentals&ref=miamistylerentals&bookable-only=yes&full-items=yes&marketplace=yes&flow=no""></script>",https://fareharbor.com/embeds/book/allguestservices/items/65124/?asn=fhdn&asn-ref=miamistylerentals&ref=miamistylerentals&bookable-only=yes&full-items=yes&marketplace=yes&flow=no,https://cdn.filestackcontent.com/Pq2Qp5JAQbyKIJnlqLOY
All Guest Services,allguestservices,orders@allguest.com,1.800.393.1775,United States/Florida/Orlando,,,65127,Fun Spot 1-Day 1-Park Unlimted Armband - All Ages Tickets,,1,29,0,0,0,0,0,0,https://fareharbor.com/embeds/calendar/allguestservices/items/65127/?asn=fhdn&asn-ref=miamistylerentals&ref=miamistylerentals&bookable-only=yes&full-items=yes&marketplace=yes&flow=no,"<script src=""https://fareharbor.com/embeds/script/calendar/allguestservices/items/65127/?asn=fhdn&asn-ref=miamistylerentals&ref=miamistylerentals&bookable-only=yes&full-items=yes&marketplace=yes&flow=no""></script>",https://fareharbor.com/embeds/book/allguestservices/items/65127/?asn=fhdn&asn-ref=miamistylerentals&ref=miamistylerentals&bookable-only=yes&full-items=yes&marketplace=yes&flow=no,https://cdn.filestackcontent.com/iJQ6No2hSrCzCOVlEoQI
All Guest Services,allguestservices,orders@allguest.com,1.800.393.1775,United States/Florida/Orlando,,,65132,"Gatorland Screamin Zipline | (All Ages) 37"" Or Taller Tickets",,1,29,0,0,0,0,0,0,https://fareharbor.com/embeds/calendar/allguestservices/items/65132/?asn=fhdn&asn-ref=miamistylerentals&ref=miamistylerentals&bookable-only=yes&full-items=yes&marketplace=yes&flow=no,"<script src=""https://fareharbor.com/embeds/script/calendar/allguestservices/items/65132/?asn=fhdn&asn-ref=miamistylerentals&ref=miamistylerentals&bookable-only=yes&full-items=yes&marketplace=yes&flow=no""></script>",https://fareharbor.com/embeds/book/allguestservices/items/65132/?asn=fhdn&asn-ref=miamistylerentals&ref=miamistylerentals&bookable-only=yes&full-items=yes&marketplace=yes&flow=no,https://cdn.filestackcontent.com/WekC8xcPSCeNStSqFcvI
All Guest Services,allguestservices,orders@allguest.com,1.800.393.1775,United States/Florida/Orlando,,,76522,1-Day 1-Park Universal Islands of Adventure,,1,29,0,0,0,0,0,0,https://fareharbor.com/embeds/calendar/allguestservices/items/76522/?asn=fhdn&asn-ref=miamistylerentals&ref=miamistylerentals&bookable-only=yes&full-items=yes&marketplace=yes&flow=no,"<script src=""https://fareharbor.com/embeds/script/calendar/allguestservices/items/76522/?asn=fhdn&asn-ref=miamistylerentals&ref=miamistylerentals&bookable-only=yes&full-items=yes&marketplace=yes&flow=no""></script>",https://fareharbor.com/embeds/book/allguestservices/items/76522/?asn=fhdn&asn-ref=miamistylerentals&ref=miamistylerentals&bookable-only=yes&full-items=yes&marketplace=yes&flow=no,https://cdn.filestackcontent.com/yYutbZByQWazS4ZfwgNe
All Guest Services,allguestservices,orders@allguest.com,1.800.393.1775,United States/Florida/Orlando,,,76589,Medieval Times Dinner and Tournament,,1,29,0,0,0,0,0,0,https://fareharbor.com/embeds/calendar/allguestservices/items/76589/?asn=fhdn&asn-ref=miamistylerentals&ref=miamistylerentals&bookable-only=yes&full-items=yes&marketplace=yes&flow=no,"<script src=""https://fareharbor.com/embeds/script/calendar/allguestservices/items/76589/?asn=fhdn&asn-ref=miamistylerentals&ref=miamistylerentals&bookable-only=yes&full-items=yes&marketplace=yes&flow=no""></script>",https://fareharbor.com/embeds/book/allguestservices/items/76589/?asn=fhdn&asn-ref=miamistylerentals&ref=miamistylerentals&bookable-only=yes&full-items=yes&marketplace=yes&flow=no,https://cdn.filestackcontent.com/ahlfMPFkTsqWiDweGTfv
All Guest Services,allguestservices,orders@allguest.com,1.800.393.1775,United States/Florida/Orlando,,,76596,Sleuth’s Comedy Mystery,,1,29,0,0,0,0,0,0,https://fareharbor.com/embeds/calendar/allguestservices/items/76596/?asn=fhdn&asn-ref=miamistylerentals&ref=miamistylerentals&bookable-only=yes&full-items=yes&marketplace=yes&flow=no,"<script src=""https://fareharbor.com/embeds/script/calendar/allguestservices/items/76596/?asn=fhdn&asn-ref=miamistylerentals&ref=miamistylerentals&bookable-only=yes&full-items=yes&marketplace=yes&flow=no""></script>",https://fareharbor.com/embeds/book/allguestservices/items/76596/?asn=fhdn&asn-ref=miamistylerentals&ref=miamistylerentals&bookable-only=yes&full-items=yes&marketplace=yes&flow=no,https://cdn.filestackcontent.com/JbFVCtduS9KkgDuHB86O
All Guest Services,allguestservices,orders@allguest.com,1.800.393.1775,United States/Florida/Orlando,,,76601,Wonder Works Ultimate Combo,,1,29,0,0,0,0,0,0,https://fareharbor.com/embeds/calendar/allguestservices/items/76601/?asn=fhdn&asn-ref=miamistylerentals&ref=miamistylerentals&bookable-only=yes&full-items=yes&marketplace=yes&flow=no,"<script src=""https://fareharbor.com/embeds/script/calendar/allguestservices/items/76601/?asn=fhdn&asn-ref=miamistylerentals&ref=miamistylerentals&bookable-only=yes&full-items=yes&marketplace=yes&flow=no""></script>",https://fareharbor.com/embeds/book/allguestservices/items/76601/?asn=fhdn&asn-ref=miamistylerentals&ref=miamistylerentals&bookable-only=yes&full-items=yes&marketplace=yes&flow=no,https://cdn.filestackcontent.com/aktVDIZYSzCtC2tr7j6i
All Guest Services,allguestservices,orders@allguest.com,1.800.393.1775,United States/Florida/Orlando,,,76605,Mango's Tropical Café Dinner & Show,,1,29,0,0,0,0,0,0,https://fareharbor.com/embeds/calendar/allguestservices/items/76605/?asn=fhdn&asn-ref=miamistylerentals&ref=miamistylerentals&bookable-only=yes&full-items=yes&marketplace=yes&flow=no,"<script src=""https://fareharbor.com/embeds/script/calendar/allguestservices/items/76605/?asn=fhdn&asn-ref=miamistylerentals&ref=miamistylerentals&bookable-only=yes&full-items=yes&marketplace=yes&flow=no""></script>",https://fareharbor.com/embeds/book/allguestservices/items/76605/?asn=fhdn&asn-ref=miamistylerentals&ref=miamistylerentals&bookable-only=yes&full-items=yes&marketplace=yes&flow=no,https://cdn.filestackcontent.com/6DHVw0ppQ9i4Hzq5diVw
International Heli-Tours,orlandohelitours,info@orlandohelitours.com,407-239-8687,United States/Florida/Orlando,-81.485338,28.384652,118138,SeaWorld Adventure • Orlando,Air Activities,1,29,0,0,0,0,0,0,https://fareharbor.com/embeds/calendar/orlandohelitours/items/118138/?asn=fhdn&asn-ref=miamistylerentals&ref=miamistylerentals&bookable-only=yes&full-items=yes&marketplace=yes&flow=no,"<script src=""https://fareharbor.com/embeds/script/calendar/orlandohelitours/items/118138/?asn=fhdn&asn-ref=miamistylerentals&ref=miamistylerentals&bookable-only=yes&full-items=yes&marketplace=yes&flow=no""></script>",https://fareharbor.com/embeds/book/orlandohelitours/items/118138/?asn=fhdn&asn-ref=miamistylerentals&ref=miamistylerentals&bookable-only=yes&full-items=yes&marketplace=yes&flow=no,https://cdn.filestackcontent.com/0juZFac8RAG296Iyknjt
All Guest Services,allguestservices,orders@allguest.com,1.800.393.1775,United States/Florida/Orlando,,,193843,Walt Disney World® 4 Park Magic Ticket,,1,29,0,0,0,0,0,0,https://fareharbor.com/embeds/calendar/allguestservices/items/193843/?asn=fhdn&asn-ref=miamistylerentals&ref=miamistylerentals&bookable-only=yes&full-items=yes&marketplace=yes&flow=no,"<script src=""https://fareharbor.com/embeds/script/calendar/allguestservices/items/193843/?asn=fhdn&asn-ref=miamistylerentals&ref=miamistylerentals&bookable-only=yes&full-items=yes&marketplace=yes&flow=no""></script>",https://fareharbor.com/embeds/book/allguestservices/items/193843/?asn=fhdn&asn-ref=miamistylerentals&ref=miamistylerentals&bookable-only=yes&full-items=yes&marketplace=yes&flow=no,https://cdn.filestackcontent.com/K3pM0RKSDmzuUjrD0S0g
All Guest Services,allguestservices,orders@allguest.com,1.800.393.1775,United States/Florida/Orlando,,,193847,Walt Disney World® 4 Park Magic Ticket + Water Parks + NBA,,1,29,0,0,0,0,0,0,https://fareharbor.com/embeds/calendar/allguestservices/items/193847/?asn=fhdn&asn-ref=miamistylerentals&ref=miamistylerentals&bookable-only=yes&full-items=yes&marketplace=yes&flow=no,"<script src=""https://fareharbor.com/embeds/script/calendar/allguestservices/items/193847/?asn=fhdn&asn-ref=miamistylerentals&ref=miamistylerentals&bookable-only=yes&full-items=yes&marketplace=yes&flow=no""></script>",https://fareharbor.com/embeds/book/allguestservices/items/193847/?asn=fhdn&asn-ref=miamistylerentals&ref=miamistylerentals&bookable-only=yes&full-items=yes&marketplace=yes&flow=no,https://cdn.filestackcontent.com/jKBf3jvPTYuVhrAyNvr7
All Guest Services,allguestservices,orders@allguest.com,1.800.393.1775,United States/Florida/Orlando,,,228580,Margaritaville's Island H2O Live,,1,29,0,0,0,0,0,0,https://fareharbor.com/embeds/calendar/allguestservices/items/228580/?asn=fhdn&asn-ref=miamistylerentals&ref=miamistylerentals&bookable-only=yes&full-items=yes&marketplace=yes&flow=no,"<script src=""https://fareharbor.com/embeds/script/calendar/allguestservices/items/228580/?asn=fhdn&asn-ref=miamistylerentals&ref=miamistylerentals&bookable-only=yes&full-items=yes&marketplace=yes&flow=no""></script>",https://fareharbor.com/embeds/book/allguestservices/items/228580/?asn=fhdn&asn-ref=miamistylerentals&ref=miamistylerentals&bookable-only=yes&full-items=yes&marketplace=yes&flow=no,https://cdn.filestackcontent.com/PxObjvZTrmIGJOYMohrm
All Guest Services,allguestservices,orders@allguest.com,1.800.393.1775,United States/Florida/Orlando,,,228663,Universal's Halloween Horror Nights,,1,29,0,0,0,0,0,0,https://fareharbor.com/embeds/calendar/allguestservices/items/228663/?asn=fhdn&asn-ref=miamistylerentals&ref=miamistylerentals&bookable-only=yes&full-items=yes&marketplace=yes&flow=no,"<script src=""https://fareharbor.com/embeds/script/calendar/allguestservices/items/228663/?asn=fhdn&asn-ref=miamistylerentals&ref=miamistylerentals&bookable-only=yes&full-items=yes&marketplace=yes&flow=no""></script>",https://fareharbor.com/embeds/book/allguestservices/items/228663/?asn=fhdn&asn-ref=miamistylerentals&ref=miamistylerentals&bookable-only=yes&full-items=yes&marketplace=yes&flow=no,https://cdn.filestackcontent.com/keSxGopPS4ebFmH1UDPU
Shooters World - Orlando,shootersworld-orlando,info@shootersworld.com,407-500-4867,United States/Florida/Orlando,,,246302,Multi-State Permit Class (Concealed Carry),,1,29,7,1,6,7,7,7,https://fareharbor.com/embeds/calendar/shootersworld-orlando/items/246302/?asn=fhdn&asn-ref=miamistylerentals&ref=miamistylerentals&bookable-only=yes&full-items=yes&marketplace=yes&flow=no,"<script src=""https://fareharbor.com/embeds/script/calendar/shootersworld-orlando/items/246302/?asn=fhdn&asn-ref=miamistylerentals&ref=miamistylerentals&bookable-only=yes&full-items=yes&marketplace=yes&flow=no""></script>",https://fareharbor.com/embeds/book/shootersworld-orlando/items/246302/?asn=fhdn&asn-ref=miamistylerentals&ref=miamistylerentals&bookable-only=yes&full-items=yes&marketplace=yes&flow=no,https://cdn.filestackcontent.com/VoJnU4pTRSTRBjrspZPi
Fabulous Buses,fabulousbuses,info@fabulousbuses.com,(407)885-1252,United States/Florida/Orlando,,,288645,Double Tree: Hollywood Studios,,1,29,1167,91,390,778,1167,2336,https://fareharbor.com/embeds/calendar/fabulousbuses/items/288645/?asn=fhdn&asn-ref=miamistylerentals&ref=miamistylerentals&bookable-only=yes&full-items=yes&marketplace=yes&flow=no,"<script src=""https://fareharbor.com/embeds/script/calendar/fabulousbuses/items/288645/?asn=fhdn&asn-ref=miamistylerentals&ref=miamistylerentals&bookable-only=yes&full-items=yes&marketplace=yes&flow=no""></script>",https://fareharbor.com/embeds/book/fabulousbuses/items/288645/?asn=fhdn&asn-ref=miamistylerentals&ref=miamistylerentals&bookable-only=yes&full-items=yes&marketplace=yes&flow=no,https://cdn.filestackcontent.com/5Or9DDRmQZK9bucnOtI4
All Guest Services,allguestservices,orders@allguest.com,1.800.393.1775,United States/Florida/Orlando,,,288982,Universal FL Bus Shuttle Route A,,1,29,0,0,0,0,0,0,https://fareharbor.com/embeds/calendar/allguestservices/items/288982/?asn=fhdn&asn-ref=miamistylerentals&ref=miamistylerentals&bookable-only=yes&full-items=yes&marketplace=yes&flow=no,"<script src=""https://fareharbor.com/embeds/script/calendar/allguestservices/items/288982/?asn=fhdn&asn-ref=miamistylerentals&ref=miamistylerentals&bookable-only=yes&full-items=yes&marketplace=yes&flow=no""></script>",https://fareharbor.com/embeds/book/allguestservices/items/288982/?asn=fhdn&asn-ref=miamistylerentals&ref=miamistylerentals&bookable-only=yes&full-items=yes&marketplace=yes&flow=no,https://cdn.filestackcontent.com/h43CvtdZThq8io40JOdB
All Guest Services,allguestservices,orders@allguest.com,1.800.393.1775,United States/Florida/Orlando,,,289198,Walt Disney World FL Bus Shuttle Route,,1,29,0,0,0,0,0,0,https://fareharbor.com/embeds/calendar/allguestservices/items/289198/?asn=fhdn&asn-ref=miamistylerentals&ref=miamistylerentals&bookable-only=yes&full-items=yes&marketplace=yes&flow=no,"<script src=""https://fareharbor.com/embeds/script/calendar/allguestservices/items/289198/?asn=fhdn&asn-ref=miamistylerentals&ref=miamistylerentals&bookable-only=yes&full-items=yes&marketplace=yes&flow=no""></script>",https://fareharbor.com/embeds/book/allguestservices/items/289198/?asn=fhdn&asn-ref=miamistylerentals&ref=miamistylerentals&bookable-only=yes&full-items=yes&marketplace=yes&flow=no,https://cdn.filestackcontent.com/41RoqRz0QxeaX8eS9pkL
Fabulous Buses,fabulousbuses,info@fabulousbuses.com,(407)885-1252,United States/Florida/Orlando,,,291695,Request Charter,,1,29,90,7,30,60,90,180,https://fareharbor.com/embeds/calendar/fabulousbuses/items/291695/?asn=fhdn&asn-ref=miamistylerentals&ref=miamistylerentals&bookable-only=yes&full-items=yes&marketplace=yes&flow=no,"<script src=""https://fareharbor.com/embeds/script/calendar/fabulousbuses/items/291695/?asn=fhdn&asn-ref=miamistylerentals&ref=miamistylerentals&bookable-only=yes&full-items=yes&marketplace=yes&flow=no""></script>",https://fareharbor.com/embeds/book/fabulousbuses/items/291695/?asn=fhdn&asn-ref=miamistylerentals&ref=miamistylerentals&bookable-only=yes&full-items=yes&marketplace=yes&flow=no,https://cdn.filestackcontent.com/LsL41GUuSgCP4nCNVzOw
Ultimate Scuba LLC,okaydivers,info@ultscuba.com,(407) 591-0966,United States/Florida/Orlando,,,317098,SSI Navigation,Water Activities,1,29,0,0,0,0,0,0,https://fareharbor.com/embeds/calendar/okaydivers/items/317098/?asn=fhdn&asn-ref=miamistylerentals&ref=miamistylerentals&bookable-only=yes&full-items=yes&marketplace=yes&flow=no,"<script src=""https://fareharbor.com/embeds/script/calendar/okaydivers/items/317098/?asn=fhdn&asn-ref=miamistylerentals&ref=miamistylerentals&bookable-only=yes&full-items=yes&marketplace=yes&flow=no""></script>",https://fareharbor.com/embeds/book/okaydivers/items/317098/?asn=fhdn&asn-ref=miamistylerentals&ref=miamistylerentals&bookable-only=yes&full-items=yes&marketplace=yes&flow=no,
Ultimate Scuba LLC,okaydivers,info@ultscuba.com,(407) 591-0966,United States/Florida/Hudson,-82.70121,28.345715,317112,SSI Deep Diving,Water Activities,1,29,1,0,1,1,1,2,https://fareharbor.com/embeds/calendar/okaydivers/items/317112/?asn=fhdn&asn-ref=miamistylerentals&ref=miamistylerentals&bookable-only=yes&full-items=yes&marketplace=yes&flow=no,"<script src=""https://fareharbor.com/embeds/script/calendar/okaydivers/items/317112/?asn=fhdn&asn-ref=miamistylerentals&ref=miamistylerentals&bookable-only=yes&full-items=yes&marketplace=yes&flow=no""></script>",https://fareharbor.com/embeds/book/okaydivers/items/317112/?asn=fhdn&asn-ref=miamistylerentals&ref=miamistylerentals&bookable-only=yes&full-items=yes&marketplace=yes&flow=no,
Ultimate Scuba LLC,okaydivers,info@ultscuba.com,(407) 591-0966,United States/Florida/Orlando,,,317118,SSI Night Diving & Limited Visibility,Water Activities,1,29,0,0,0,0,0,0,https://fareharbor.com/embeds/calendar/okaydivers/items/317118/?asn=fhdn&asn-ref=miamistylerentals&ref=miamistylerentals&bookable-only=yes&full-items=yes&marketplace=yes&flow=no,"<script src=""https://fareharbor.com/embeds/script/calendar/okaydivers/items/317118/?asn=fhdn&asn-ref=miamistylerentals&ref=miamistylerentals&bookable-only=yes&full-items=yes&marketplace=yes&flow=no""></script>",https://fareharbor.com/embeds/book/okaydivers/items/317118/?asn=fhdn&asn-ref=miamistylerentals&ref=miamistylerentals&bookable-only=yes&full-items=yes&marketplace=yes&flow=no,
Ultimate Scuba LLC,okaydivers,info@ultscuba.com,(407) 591-0966,United States/Florida/Orlando,,,317145,SSI React Right,Scuba,1,29,1,0,1,1,1,1,https://fareharbor.com/embeds/calendar/okaydivers/items/317145/?asn=fhdn&asn-ref=miamistylerentals&ref=miamistylerentals&bookable-only=yes&full-items=yes&marketplace=yes&flow=no,"<script src=""https://fareharbor.com/embeds/script/calendar/okaydivers/items/317145/?asn=fhdn&asn-ref=miamistylerentals&ref=miamistylerentals&bookable-only=yes&full-items=yes&marketplace=yes&flow=no""></script>",https://fareharbor.com/embeds/book/okaydivers/items/317145/?asn=fhdn&asn-ref=miamistylerentals&ref=miamistylerentals&bookable-only=yes&full-items=yes&marketplace=yes&flow=no,
Ultimate Scuba LLC,okaydivers,info@ultscuba.com,(407) 591-0966,United States/Florida/Orlando,,,317152,Science of Diving,Water Activities,1,29,0,0,0,0,0,0,https://fareharbor.com/embeds/calendar/okaydivers/items/317152/?asn=fhdn&asn-ref=miamistylerentals&ref=miamistylerentals&bookable-only=yes&full-items=yes&marketplace=yes&flow=no,"<script src=""https://fareharbor.com/embeds/script/calendar/okaydivers/items/317152/?asn=fhdn&asn-ref=miamistylerentals&ref=miamistylerentals&bookable-only=yes&full-items=yes&marketplace=yes&flow=no""></script>",https://fareharbor.com/embeds/book/okaydivers/items/317152/?asn=fhdn&asn-ref=miamistylerentals&ref=miamistylerentals&bookable-only=yes&full-items=yes&marketplace=yes&flow=no,
All Guest Services,allguestservices,orders@allguest.com,1.800.393.1775,United States/Florida/Orlando,,,319613,SeaWorld Aquatica Maingate D,,1,29,0,0,0,0,0,0,https://fareharbor.com/embeds/calendar/allguestservices/items/319613/?asn=fhdn&asn-ref=miamistylerentals&ref=miamistylerentals&bookable-only=yes&full-items=yes&marketplace=yes&flow=no,"<script src=""https://fareharbor.com/embeds/script/calendar/allguestservices/items/319613/?asn=fhdn&asn-ref=miamistylerentals&ref=miamistylerentals&bookable-only=yes&full-items=yes&marketplace=yes&flow=no""></script>",https://fareharbor.com/embeds/book/allguestservices/items/319613/?asn=fhdn&asn-ref=miamistylerentals&ref=miamistylerentals&bookable-only=yes&full-items=yes&marketplace=yes&flow=no,https://cdn.filestackcontent.com/NJQ51MekTsGHHo1YixpJ
All Guest Services,allguestservices,orders@allguest.com,1.800.393.1775,United States/Florida/Orlando,,,319638,SeaWorld Aquatica Maingate DE,,1,29,0,0,0,0,0,0,https://fareharbor.com/embeds/calendar/allguestservices/items/319638/?asn=fhdn&asn-ref=miamistylerentals&ref=miamistylerentals&bookable-only=yes&full-items=yes&marketplace=yes&flow=no,"<script src=""https://fareharbor.com/embeds/script/calendar/allguestservices/items/319638/?asn=fhdn&asn-ref=miamistylerentals&ref=miamistylerentals&bookable-only=yes&full-items=yes&marketplace=yes&flow=no""></script>",https://fareharbor.com/embeds/book/allguestservices/items/319638/?asn=fhdn&asn-ref=miamistylerentals&ref=miamistylerentals&bookable-only=yes&full-items=yes&marketplace=yes&flow=no,https://cdn.filestackcontent.com/YVnkkmhnSfSUOYto08A7
All Guest Services,allguestservices,orders@allguest.com,1.800.393.1775,United States/Florida/Orlando,,,319842,Discovery Cove MainGate DE,,1,29,0,0,0,0,0,0,https://fareharbor.com/embeds/calendar/allguestservices/items/319842/?asn=fhdn&asn-ref=miamistylerentals&ref=miamistylerentals&bookable-only=yes&full-items=yes&marketplace=yes&flow=no,"<script src=""https://fareharbor.com/embeds/script/calendar/allguestservices/items/319842/?asn=fhdn&asn-ref=miamistylerentals&ref=miamistylerentals&bookable-only=yes&full-items=yes&marketplace=yes&flow=no""></script>",https://fareharbor.com/embeds/book/allguestservices/items/319842/?asn=fhdn&asn-ref=miamistylerentals&ref=miamistylerentals&bookable-only=yes&full-items=yes&marketplace=yes&flow=no,https://cdn.filestackcontent.com/ioguY1DQTe39GJMfshG0
Fabulous Buses,fabulousbuses,info@fabulousbuses.com,(407)885-1252,United States/Florida/Orlando,,,320825,Hilton Orlando International Drive -Disney,,1,29,180,14,60,120,180,359,https://fareharbor.com/embeds/calendar/fabulousbuses/items/320825/?asn=fhdn&asn-ref=miamistylerentals&ref=miamistylerentals&bookable-only=yes&full-items=yes&marketplace=yes&flow=no,"<script src=""https://fareharbor.com/embeds/script/calendar/fabulousbuses/items/320825/?asn=fhdn&asn-ref=miamistylerentals&ref=miamistylerentals&bookable-only=yes&full-items=yes&marketplace=yes&flow=no""></script>",https://fareharbor.com/embeds/book/fabulousbuses/items/320825/?asn=fhdn&asn-ref=miamistylerentals&ref=miamistylerentals&bookable-only=yes&full-items=yes&marketplace=yes&flow=no,https://cdn.filestackcontent.com/HxH5L3qoSqa38YsGO8ZV
All Guest Services,allguestservices,orders@allguest.com,1.800.393.1775,United States/Florida/Orlando,,,322790,Maingate WDW Shuttle at Marriott Village,,1,29,0,0,0,0,0,0,https://fareharbor.com/embeds/calendar/allguestservices/items/322790/?asn=fhdn&asn-ref=miamistylerentals&ref=miamistylerentals&bookable-only=yes&full-items=yes&marketplace=yes&flow=no,"<script src=""https://fareharbor.com/embeds/script/calendar/allguestservices/items/322790/?asn=fhdn&asn-ref=miamistylerentals&ref=miamistylerentals&bookable-only=yes&full-items=yes&marketplace=yes&flow=no""></script>",https://fareharbor.com/embeds/book/allguestservices/items/322790/?asn=fhdn&asn-ref=miamistylerentals&ref=miamistylerentals&bookable-only=yes&full-items=yes&marketplace=yes&flow=no,https://cdn.filestackcontent.com/3QpBRn3RTRkHlUjezysO
Venture Outdoors,ventureoutdoorsllc,astrid@ventureoutdoorsflorida.com,1-407-267-9950,United States/Florida/Deltona,-81.2671,28.890946,341511,ACA Skills Assessment - Level 1,Water Activities,1,29,0,0,0,0,0,0,https://fareharbor.com/embeds/calendar/ventureoutdoorsllc/items/341511/?asn=fhdn&asn-ref=miamistylerentals&ref=miamistylerentals&bookable-only=yes&full-items=yes&marketplace=yes&flow=no,"<script src=""https://fareharbor.com/embeds/script/calendar/ventureoutdoorsllc/items/341511/?asn=fhdn&asn-ref=miamistylerentals&ref=miamistylerentals&bookable-only=yes&full-items=yes&marketplace=yes&flow=no""></script>",https://fareharbor.com/embeds/book/ventureoutdoorsllc/items/341511/?asn=fhdn&asn-ref=miamistylerentals&ref=miamistylerentals&bookable-only=yes&full-items=yes&marketplace=yes&flow=no,https://cdn.filestackcontent.com/ELJc6LM0QiyoAXKg5yJD
Venture Outdoors,ventureoutdoorsllc,astrid@ventureoutdoorsflorida.com,1-407-267-9950,United States/Florida/Deltona,-81.2671,28.890946,341520,ACA Skills Assessment - Level 2,Water Activities,1,29,0,0,0,0,0,0,https://fareharbor.com/embeds/calendar/ventureoutdoorsllc/items/341520/?asn=fhdn&asn-ref=miamistylerentals&ref=miamistylerentals&bookable-only=yes&full-items=yes&marketplace=yes&flow=no,"<script src=""https://fareharbor.com/embeds/script/calendar/ventureoutdoorsllc/items/341520/?asn=fhdn&asn-ref=miamistylerentals&ref=miamistylerentals&bookable-only=yes&full-items=yes&marketplace=yes&flow=no""></script>",https://fareharbor.com/embeds/book/ventureoutdoorsllc/items/341520/?asn=fhdn&asn-ref=miamistylerentals&ref=miamistylerentals&bookable-only=yes&full-items=yes&marketplace=yes&flow=no,https://cdn.filestackcontent.com/zhltJHfRTKdmPd3h47RO
Venture Outdoors,ventureoutdoorsllc,astrid@ventureoutdoorsflorida.com,1-407-267-9950,United States/Florida/Deltona,-81.2671,28.890946,341570,Private Instruction,Private-Water Activities,1,29,1,1,1,1,1,1,https://fareharbor.com/embeds/calendar/ventureoutdoorsllc/items/341570/?asn=fhdn&asn-ref=miamistylerentals&ref=miamistylerentals&bookable-only=yes&full-items=yes&marketplace=yes&flow=no,"<script src=""https://fareharbor.com/embeds/script/calendar/ventureoutdoorsllc/items/341570/?asn=fhdn&asn-ref=miamistylerentals&ref=miamistylerentals&bookable-only=yes&full-items=yes&marketplace=yes&flow=no""></script>",https://fareharbor.com/embeds/book/ventureoutdoorsllc/items/341570/?asn=fhdn&asn-ref=miamistylerentals&ref=miamistylerentals&bookable-only=yes&full-items=yes&marketplace=yes&flow=no,https://cdn.filestackcontent.com/qsjD7CMAS6KUmZwyAjCd
Venture Outdoors,ventureoutdoorsllc,astrid@ventureoutdoorsflorida.com,1-407-267-9950,United States/Florida/Deltona,-81.2671,28.890946,341957,Introduction to Kayaking,Kayak,1,29,0,0,0,0,0,0,https://fareharbor.com/embeds/calendar/ventureoutdoorsllc/items/341957/?asn=fhdn&asn-ref=miamistylerentals&ref=miamistylerentals&bookable-only=yes&full-items=yes&marketplace=yes&flow=no,"<script src=""https://fareharbor.com/embeds/script/calendar/ventureoutdoorsllc/items/341957/?asn=fhdn&asn-ref=miamistylerentals&ref=miamistylerentals&bookable-only=yes&full-items=yes&marketplace=yes&flow=no""></script>",https://fareharbor.com/embeds/book/ventureoutdoorsllc/items/341957/?asn=fhdn&asn-ref=miamistylerentals&ref=miamistylerentals&bookable-only=yes&full-items=yes&marketplace=yes&flow=no,https://cdn.filestackcontent.com/v3XJLftiRNmLiZthsD9o
Venture Outdoors,ventureoutdoorsllc,astrid@ventureoutdoorsflorida.com,1-407-267-9950,United States/Florida/Chuluota,-81.123812,28.63136,342309,Kayaking Essentials,Kayak,1,29,0,0,0,0,0,0,https://fareharbor.com/embeds/calendar/ventureoutdoorsllc/items/342309/?asn=fhdn&asn-ref=miamistylerentals&ref=miamistylerentals&bookable-only=yes&full-items=yes&marketplace=yes&flow=no,"<script src=""https://fareharbor.com/embeds/script/calendar/ventureoutdoorsllc/items/342309/?asn=fhdn&asn-ref=miamistylerentals&ref=miamistylerentals&bookable-only=yes&full-items=yes&marketplace=yes&flow=no""></script>",https://fareharbor.com/embeds/book/ventureoutdoorsllc/items/342309/?asn=fhdn&asn-ref=miamistylerentals&ref=miamistylerentals&bookable-only=yes&full-items=yes&marketplace=yes&flow=no,https://cdn.filestackcontent.com/7KQ1V1Z6SOat6zv7jFLn
Ultimate Scuba LLC,okaydivers,info@ultscuba.com,(407) 591-0966,United States/Florida/Orlando,,,440630,RAID Sidemount,Water Activities,1,29,0,0,0,0,0,0,https://fareharbor.com/embeds/calendar/okaydivers/items/440630/?asn=fhdn&asn-ref=miamistylerentals&ref=miamistylerentals&bookable-only=yes&full-items=yes&marketplace=yes&flow=no,"<script src=""https://fareharbor.com/embeds/script/calendar/okaydivers/items/440630/?asn=fhdn&asn-ref=miamistylerentals&ref=miamistylerentals&bookable-only=yes&full-items=yes&marketplace=yes&flow=no""></script>",https://fareharbor.com/embeds/book/okaydivers/items/440630/?asn=fhdn&asn-ref=miamistylerentals&ref=miamistylerentals&bookable-only=yes&full-items=yes&marketplace=yes&flow=no,
Ultimate Scuba LLC,okaydivers,info@ultscuba.com,(407) 591-0966,United States/Florida/Orlando,,,492264,SSI Assistant Instructor,Water Activities,1,29,0,0,0,0,0,0,https://fareharbor.com/embeds/calendar/okaydivers/items/492264/?asn=fhdn&asn-ref=miamistylerentals&ref=miamistylerentals&bookable-only=yes&full-items=yes&marketplace=yes&flow=no,"<script src=""https://fareharbor.com/embeds/script/calendar/okaydivers/items/492264/?asn=fhdn&asn-ref=miamistylerentals&ref=miamistylerentals&bookable-only=yes&full-items=yes&marketplace=yes&flow=no""></script>",https://fareharbor.com/embeds/book/okaydivers/items/492264/?asn=fhdn&asn-ref=miamistylerentals&ref=miamistylerentals&bookable-only=yes&full-items=yes&marketplace=yes&flow=no,
Venture Outdoors,ventureoutdoorsllc,astrid@ventureoutdoorsflorida.com,1-407-267-9950,United States/Florida/Deltona,-81.2671,28.890946,506107,ACA Skills Assessment - Level 3,Water Activities,1,29,0,0,0,0,0,0,https://fareharbor.com/embeds/calendar/ventureoutdoorsllc/items/506107/?asn=fhdn&asn-ref=miamistylerentals&ref=miamistylerentals&bookable-only=yes&full-items=yes&marketplace=yes&flow=no,"<script src=""https://fareharbor.com/embeds/script/calendar/ventureoutdoorsllc/items/506107/?asn=fhdn&asn-ref=miamistylerentals&ref=miamistylerentals&bookable-only=yes&full-items=yes&marketplace=yes&flow=no""></script>",https://fareharbor.com/embeds/book/ventureoutdoorsllc/items/506107/?asn=fhdn&asn-ref=miamistylerentals&ref=miamistylerentals&bookable-only=yes&full-items=yes&marketplace=yes&flow=no,https://cdn.filestackcontent.com/uaGiuUqmRm0mdMH7cNo1
Stroke of Art,stroke-of-art,info@stroke-of-art.com,14079007501,United States/Florida/Orlando,-81.469162,28.440177,548072,2026 Summer Art Camp: 1 Week Camp,Other,1,29,1,0,1,1,1,1,https://fareharbor.com/embeds/calendar/stroke-of-art/items/548072/?asn=fhdn&asn-ref=miamistylerentals&ref=miamistylerentals&bookable-only=yes&full-items=yes&marketplace=yes&flow=no,"<script src=""https://fareharbor.com/embeds/script/calendar/stroke-of-art/items/548072/?asn=fhdn&asn-ref=miamistylerentals&ref=miamistylerentals&bookable-only=yes&full-items=yes&marketplace=yes&flow=no""></script>",https://fareharbor.com/embeds/book/stroke-of-art/items/548072/?asn=fhdn&asn-ref=miamistylerentals&ref=miamistylerentals&bookable-only=yes&full-items=yes&marketplace=yes&flow=no,https://cdn.filestackcontent.com/uEpYOb0SviXFEK3PpeN0
Stroke of Art,stroke-of-art,info@stroke-of-art.com,14079007501,United States/Florida/Orlando,-81.469162,28.440177,548074,Kids Birthday Party Ceramics,Private,1,29,0,0,0,0,0,0,https://fareharbor.com/embeds/calendar/stroke-of-art/items/548074/?asn=fhdn&asn-ref=miamistylerentals&ref=miamistylerentals&bookable-only=yes&full-items=yes&marketplace=yes&flow=no,"<script src=""https://fareharbor.com/embeds/script/calendar/stroke-of-art/items/548074/?asn=fhdn&asn-ref=miamistylerentals&ref=miamistylerentals&bookable-only=yes&full-items=yes&marketplace=yes&flow=no""></script>",https://fareharbor.com/embeds/book/stroke-of-art/items/548074/?asn=fhdn&asn-ref=miamistylerentals&ref=miamistylerentals&bookable-only=yes&full-items=yes&marketplace=yes&flow=no,https://cdn.filestackcontent.com/2RTNUcmTp6bhoAlv7Azf
Stroke of Art,stroke-of-art,info@stroke-of-art.com,14079007501,United States/Florida/Orlando,-81.469162,28.440177,548079,Kids Birthday Party Canvas Painting,Private,1,29,0,0,0,0,0,0,https://fareharbor.com/embeds/calendar/stroke-of-art/items/548079/?asn=fhdn&asn-ref=miamistylerentals&ref=miamistylerentals&bookable-only=yes&full-items=yes&marketplace=yes&flow=no,"<script src=""https://fareharbor.com/embeds/script/calendar/stroke-of-art/items/548079/?asn=fhdn&asn-ref=miamistylerentals&ref=miamistylerentals&bookable-only=yes&full-items=yes&marketplace=yes&flow=no""></script>",https://fareharbor.com/embeds/book/stroke-of-art/items/548079/?asn=fhdn&asn-ref=miamistylerentals&ref=miamistylerentals&bookable-only=yes&full-items=yes&marketplace=yes&flow=no,https://cdn.filestackcontent.com/vkQ6cOkLR5WVFnqPo6sY
Stroke of Art,stroke-of-art,info@stroke-of-art.com,14079007501,United States/Florida/Orlando,-81.469162,28.440177,548080,Kids Birthday Party Clay Sculpture,Private,1,29,0,0,0,0,0,0,https://fareharbor.com/embeds/calendar/stroke-of-art/items/548080/?asn=fhdn&asn-ref=miamistylerentals&ref=miamistylerentals&bookable-only=yes&full-items=yes&marketplace=yes&flow=no,"<script src=""https://fareharbor.com/embeds/script/calendar/stroke-of-art/items/548080/?asn=fhdn&asn-ref=miamistylerentals&ref=miamistylerentals&bookable-only=yes&full-items=yes&marketplace=yes&flow=no""></script>",https://fareharbor.com/embeds/book/stroke-of-art/items/548080/?asn=fhdn&asn-ref=miamistylerentals&ref=miamistylerentals&bookable-only=yes&full-items=yes&marketplace=yes&flow=no,https://cdn.filestackcontent.com/ELCZsdLcTTWM18mk7Xk5
Stroke of Art,stroke-of-art,info@stroke-of-art.com,14079007501,United States/Florida/Orlando,-81.469162,28.440177,548082,Adult Party at Stroke Of Art,Private,1,29,0,0,0,0,0,0,https://fareharbor.com/embeds/calendar/stroke-of-art/items/548082/?asn=fhdn&asn-ref=miamistylerentals&ref=miamistylerentals&bookable-only=yes&full-items=yes&marketplace=yes&flow=no,"<script src=""https://fareharbor.com/embeds/script/calendar/stroke-of-art/items/548082/?asn=fhdn&asn-ref=miamistylerentals&ref=miamistylerentals&bookable-only=yes&full-items=yes&marketplace=yes&flow=no""></script>",https://fareharbor.com/embeds/book/stroke-of-art/items/548082/?asn=fhdn&asn-ref=miamistylerentals&ref=miamistylerentals&bookable-only=yes&full-items=yes&marketplace=yes&flow=no,https://cdn.filestackcontent.com/itAk1G8VR62e2wv4ZrpT
Stroke of Art,stroke-of-art,info@stroke-of-art.com,14079007501,United States/Florida/Orlando,-81.469162,28.440177,548084,Corporate Or Team Building Event,Private,1,29,0,0,0,0,0,0,https://fareharbor.com/embeds/calendar/stroke-of-art/items/548084/?asn=fhdn&asn-ref=miamistylerentals&ref=miamistylerentals&bookable-only=yes&full-items=yes&marketplace=yes&flow=no,"<script src=""https://fareharbor.com/embeds/script/calendar/stroke-of-art/items/548084/?asn=fhdn&asn-ref=miamistylerentals&ref=miamistylerentals&bookable-only=yes&full-items=yes&marketplace=yes&flow=no""></script>",https://fareharbor.com/embeds/book/stroke-of-art/items/548084/?asn=fhdn&asn-ref=miamistylerentals&ref=miamistylerentals&bookable-only=yes&full-items=yes&marketplace=yes&flow=no,https://cdn.filestackcontent.com/KNd59AmHTGakkON9jZYE
Stroke of Art,stroke-of-art,info@stroke-of-art.com,14079007501,United States/Florida/Orlando,-81.469162,28.440177,549360,Kids Pottery Wheel Birthday Party,Private,1,29,0,0,0,0,0,0,https://fareharbor.com/embeds/calendar/stroke-of-art/items/549360/?asn=fhdn&asn-ref=miamistylerentals&ref=miamistylerentals&bookable-only=yes&full-items=yes&marketplace=yes&flow=no,"<script src=""https://fareharbor.com/embeds/script/calendar/stroke-of-art/items/549360/?asn=fhdn&asn-ref=miamistylerentals&ref=miamistylerentals&bookable-only=yes&full-items=yes&marketplace=yes&flow=no""></script>",https://fareharbor.com/embeds/book/stroke-of-art/items/549360/?asn=fhdn&asn-ref=miamistylerentals&ref=miamistylerentals&bookable-only=yes&full-items=yes&marketplace=yes&flow=no,https://cdn.filestackcontent.com/Hehq4ZoaRFS4IPJ5Z4gU
Westgate Lakes Resort & Spa,westgatelakeresorts,,(407) 345-0000,United States/Florida/Orlando,,,553872,Westgate University Owner Services,,1,29,133,14,56,112,133,140,https://fareharbor.com/embeds/calendar/westgatelakeresorts/items/553872/?asn=fhdn&asn-ref=miamistylerentals&ref=miamistylerentals&bookable-only=yes&full-items=yes&marketplace=yes&flow=no,"<script src=""https://fareharbor.com/embeds/script/calendar/westgatelakeresorts/items/553872/?asn=fhdn&asn-ref=miamistylerentals&ref=miamistylerentals&bookable-only=yes&full-items=yes&marketplace=yes&flow=no""></script>",https://fareharbor.com/embeds/book/westgatelakeresorts/items/553872/?asn=fhdn&asn-ref=miamistylerentals&ref=miamistylerentals&bookable-only=yes&full-items=yes&marketplace=yes&flow=no,
Adventures in Florida,adventuresinflorida,info@adventuresinflorida.com,(407) 924-3375,United States/Florida/PT CANAVERAL,,,692978,Private Bioluminescence Tour,Kayak,1,29,0,0,0,0,0,0,https://fareharbor.com/embeds/calendar/adventuresinflorida/items/692978/?asn=fhdn&asn-ref=miamistylerentals&ref=miamistylerentals&bookable-only=yes&full-items=yes&marketplace=yes&flow=no,"<script src=""https://fareharbor.com/embeds/script/calendar/adventuresinflorida/items/692978/?asn=fhdn&asn-ref=miamistylerentals&ref=miamistylerentals&bookable-only=yes&full-items=yes&marketplace=yes&flow=no""></script>",https://fareharbor.com/embeds/book/adventuresinflorida/items/692978/?asn=fhdn&asn-ref=miamistylerentals&ref=miamistylerentals&bookable-only=yes&full-items=yes&marketplace=yes&flow=no,https://cdn.filestackcontent.com/v6ojnl7RTSmDfz6S5Etp
Original Orlando Tours,originalorlando-bbmamericallc,info@originalorlando.com,(407) 986-8687,United States/Florida/Orlando,,,579173,Hello Neighbor! The Mister Rogers Walking Tour + Boat,Walking Tour,1,26,2,2,2,2,2,2,https://fareharbor.com/embeds/calendar/originalorlando-bbmamericallc/items/579173/?asn=fhdn&asn-ref=miamistylerentals&ref=miamistylerentals&bookable-only=yes&full-items=yes&marketplace=yes&flow=no,"<script src=""https://fareharbor.com/embeds/script/calendar/originalorlando-bbmamericallc/items/579173/?asn=fhdn&asn-ref=miamistylerentals&ref=miamistylerentals&bookable-only=yes&full-items=yes&marketplace=yes&flow=no""></script>",https://fareharbor.com/embeds/book/originalorlando-bbmamericallc/items/579173/?asn=fhdn&asn-ref=miamistylerentals&ref=miamistylerentals&bookable-only=yes&full-items=yes&marketplace=yes&flow=no,https://cdn.filestackcontent.com/k0qId4GjSF2V6fSpYON1
All Guest Services,allguestservices,orders@allguest.com,1.800.393.1775,United States/Florida/Orlando,,,65088,Madame Tussauds And Sea Life Aquarium - Combo Experience,,0,25,0,0,0,0,0,0,https://fareharbor.com/embeds/calendar/allguestservices/items/65088/?asn=fhdn&asn-ref=miamistylerentals&ref=miamistylerentals&bookable-only=yes&full-items=yes&marketplace=yes&flow=no,"<script src=""https://fareharbor.com/embeds/script/calendar/allguestservices/items/65088/?asn=fhdn&asn-ref=miamistylerentals&ref=miamistylerentals&bookable-only=yes&full-items=yes&marketplace=yes&flow=no""></script>",https://fareharbor.com/embeds/book/allguestservices/items/65088/?asn=fhdn&asn-ref=miamistylerentals&ref=miamistylerentals&bookable-only=yes&full-items=yes&marketplace=yes&flow=no,https://cdn.filestackcontent.com/aQfGaafMTUCxA77g65Rg
All Guest Services,allguestservices,orders@allguest.com,1.800.393.1775,United States/Florida/Orlando,,,65093,Madame Tussauds And The Wheel at ICON Park-Combo Experience,,0,25,0,0,0,0,0,0,https://fareharbor.com/embeds/calendar/allguestservices/items/65093/?asn=fhdn&asn-ref=miamistylerentals&ref=miamistylerentals&bookable-only=yes&full-items=yes&marketplace=yes&flow=no,"<script src=""https://fareharbor.com/embeds/script/calendar/allguestservices/items/65093/?asn=fhdn&asn-ref=miamistylerentals&ref=miamistylerentals&bookable-only=yes&full-items=yes&marketplace=yes&flow=no""></script>",https://fareharbor.com/embeds/book/allguestservices/items/65093/?asn=fhdn&asn-ref=miamistylerentals&ref=miamistylerentals&bookable-only=yes&full-items=yes&marketplace=yes&flow=no,https://cdn.filestackcontent.com/TgpZOQQeSa62b6TRGoaE
All Guest Services,allguestservices,orders@allguest.com,1.800.393.1775,United States/Florida/Orlando,,,65095,"Madame Tussauds, Sea Life And The Wheel at ICON Park - Combo Experience",,0,25,0,0,0,0,0,0,https://fareharbor.com/embeds/calendar/allguestservices/items/65095/?asn=fhdn&asn-ref=miamistylerentals&ref=miamistylerentals&bookable-only=yes&full-items=yes&marketplace=yes&flow=no,"<script src=""https://fareharbor.com/embeds/script/calendar/allguestservices/items/65095/?asn=fhdn&asn-ref=miamistylerentals&ref=miamistylerentals&bookable-only=yes&full-items=yes&marketplace=yes&flow=no""></script>",https://fareharbor.com/embeds/book/allguestservices/items/65095/?asn=fhdn&asn-ref=miamistylerentals&ref=miamistylerentals&bookable-only=yes&full-items=yes&marketplace=yes&flow=no,https://cdn.filestackcontent.com/JD7R0Q5yT6l8OscTTv2o
All Guest Services,allguestservices,orders@allguest.com,1.800.393.1775,United States/Florida/Orlando,,,76525,2-Park 1-Day Universal Park To Park,,0,25,0,0,0,0,0,0,https://fareharbor.com/embeds/calendar/allguestservices/items/76525/?asn=fhdn&asn-ref=miamistylerentals&ref=miamistylerentals&bookable-only=yes&full-items=yes&marketplace=yes&flow=no,"<script src=""https://fareharbor.com/embeds/script/calendar/allguestservices/items/76525/?asn=fhdn&asn-ref=miamistylerentals&ref=miamistylerentals&bookable-only=yes&full-items=yes&marketplace=yes&flow=no""></script>",https://fareharbor.com/embeds/book/allguestservices/items/76525/?asn=fhdn&asn-ref=miamistylerentals&ref=miamistylerentals&bookable-only=yes&full-items=yes&marketplace=yes&flow=no,https://cdn.filestackcontent.com/PdoIB8poSs2Awr9oDlGI
All Guest Services,allguestservices,orders@allguest.com,1.800.393.1775,United States/Florida/Orlando,,,76609,Blue Man Group Tier 1,,0,25,0,0,0,0,0,0,https://fareharbor.com/embeds/calendar/allguestservices/items/76609/?asn=fhdn&asn-ref=miamistylerentals&ref=miamistylerentals&bookable-only=yes&full-items=yes&marketplace=yes&flow=no,"<script src=""https://fareharbor.com/embeds/script/calendar/allguestservices/items/76609/?asn=fhdn&asn-ref=miamistylerentals&ref=miamistylerentals&bookable-only=yes&full-items=yes&marketplace=yes&flow=no""></script>",https://fareharbor.com/embeds/book/allguestservices/items/76609/?asn=fhdn&asn-ref=miamistylerentals&ref=miamistylerentals&bookable-only=yes&full-items=yes&marketplace=yes&flow=no,https://cdn.filestackcontent.com/KI9MeaNjSJ6UmhpzsQUA
All Guest Services,allguestservices,orders@allguest.com,1.800.393.1775,United States/Florida/Orlando,,,76613,Universal's Volcano Bay,,0,25,0,0,0,0,0,0,https://fareharbor.com/embeds/calendar/allguestservices/items/76613/?asn=fhdn&asn-ref=miamistylerentals&ref=miamistylerentals&bookable-only=yes&full-items=yes&marketplace=yes&flow=no,"<script src=""https://fareharbor.com/embeds/script/calendar/allguestservices/items/76613/?asn=fhdn&asn-ref=miamistylerentals&ref=miamistylerentals&bookable-only=yes&full-items=yes&marketplace=yes&flow=no""></script>",https://fareharbor.com/embeds/book/allguestservices/items/76613/?asn=fhdn&asn-ref=miamistylerentals&ref=miamistylerentals&bookable-only=yes&full-items=yes&marketplace=yes&flow=no,https://cdn.filestackcontent.com/pVjOfIu7QkKjR23dRoZc
Jewel - Orlando,jewelorlando,info@jewelorlando.com,407-206-5102,United States/Florida/Orlando,,,200299,Jewel Tickets,,2,25,0,0,0,0,0,0,https://fareharbor.com/embeds/calendar/jewelorlando/items/200299/?asn=fhdn&asn-ref=miamistylerentals&ref=miamistylerentals&bookable-only=yes&full-items=yes&marketplace=yes&flow=no,"<script src=""https://fareharbor.com/embeds/script/calendar/jewelorlando/items/200299/?asn=fhdn&asn-ref=miamistylerentals&ref=miamistylerentals&bookable-only=yes&full-items=yes&marketplace=yes&flow=no""></script>",https://fareharbor.com/embeds/book/jewelorlando/items/200299/?asn=fhdn&asn-ref=miamistylerentals&ref=miamistylerentals&bookable-only=yes&full-items=yes&marketplace=yes&flow=no,https://cdn.filestackcontent.com/AC8HJGXR66qZlxtlz6rg
All Guest Services,allguestservices,orders@allguest.com,1.800.393.1775,United States/Florida/Orlando,,,289197,Magic Kingdom Crown City Shuttle,,0,25,0,0,0,0,0,0,https://fareharbor.com/embeds/calendar/allguestservices/items/289197/?asn=fhdn&asn-ref=miamistylerentals&ref=miamistylerentals&bookable-only=yes&full-items=yes&marketplace=yes&flow=no,"<script src=""https://fareharbor.com/embeds/script/calendar/allguestservices/items/289197/?asn=fhdn&asn-ref=miamistylerentals&ref=miamistylerentals&bookable-only=yes&full-items=yes&marketplace=yes&flow=no""></script>",https://fareharbor.com/embeds/book/allguestservices/items/289197/?asn=fhdn&asn-ref=miamistylerentals&ref=miamistylerentals&bookable-only=yes&full-items=yes&marketplace=yes&flow=no,
All Guest Services,allguestservices,orders@allguest.com,1.800.393.1775,United States/Florida/Orlando,,,296196,Universal Crown City Shuttle A,,0,25,0,0,0,0,0,0,https://fareharbor.com/embeds/calendar/allguestservices/items/296196/?asn=fhdn&asn-ref=miamistylerentals&ref=miamistylerentals&bookable-only=yes&full-items=yes&marketplace=yes&flow=no,"<script src=""https://fareharbor.com/embeds/script/calendar/allguestservices/items/296196/?asn=fhdn&asn-ref=miamistylerentals&ref=miamistylerentals&bookable-only=yes&full-items=yes&marketplace=yes&flow=no""></script>",https://fareharbor.com/embeds/book/allguestservices/items/296196/?asn=fhdn&asn-ref=miamistylerentals&ref=miamistylerentals&bookable-only=yes&full-items=yes&marketplace=yes&flow=no,
All Guest Services,allguestservices,orders@allguest.com,1.800.393.1775,United States/Florida/Orlando,,,296309,SeaWorld/Universal Crown City Shutte Route B,,0,25,0,0,0,0,0,0,https://fareharbor.com/embeds/calendar/allguestservices/items/296309/?asn=fhdn&asn-ref=miamistylerentals&ref=miamistylerentals&bookable-only=yes&full-items=yes&marketplace=yes&flow=no,"<script src=""https://fareharbor.com/embeds/script/calendar/allguestservices/items/296309/?asn=fhdn&asn-ref=miamistylerentals&ref=miamistylerentals&bookable-only=yes&full-items=yes&marketplace=yes&flow=no""></script>",https://fareharbor.com/embeds/book/allguestservices/items/296309/?asn=fhdn&asn-ref=miamistylerentals&ref=miamistylerentals&bookable-only=yes&full-items=yes&marketplace=yes&flow=no,
All Guest Services,allguestservices,orders@allguest.com,1.800.393.1775,United States/Florida/Orlando,,,315270,Shuttle US\SW\WDW (BW Gateway),,0,25,0,0,0,0,0,0,https://fareharbor.com/embeds/calendar/allguestservices/items/315270/?asn=fhdn&asn-ref=miamistylerentals&ref=miamistylerentals&bookable-only=yes&full-items=yes&marketplace=yes&flow=no,"<script src=""https://fareharbor.com/embeds/script/calendar/allguestservices/items/315270/?asn=fhdn&asn-ref=miamistylerentals&ref=miamistylerentals&bookable-only=yes&full-items=yes&marketplace=yes&flow=no""></script>",https://fareharbor.com/embeds/book/allguestservices/items/315270/?asn=fhdn&asn-ref=miamistylerentals&ref=miamistylerentals&bookable-only=yes&full-items=yes&marketplace=yes&flow=no,
All Guest Services,allguestservices,orders@allguest.com,1.800.393.1775,United States/Florida/Orlando,,,320029,OPO FL Shuttle,,0,25,0,0,0,0,0,0,https://fareharbor.com/embeds/calendar/allguestservices/items/320029/?asn=fhdn&asn-ref=miamistylerentals&ref=miamistylerentals&bookable-only=yes&full-items=yes&marketplace=yes&flow=no,"<script src=""https://fareharbor.com/embeds/script/calendar/allguestservices/items/320029/?asn=fhdn&asn-ref=miamistylerentals&ref=miamistylerentals&bookable-only=yes&full-items=yes&marketplace=yes&flow=no""></script>",https://fareharbor.com/embeds/book/allguestservices/items/320029/?asn=fhdn&asn-ref=miamistylerentals&ref=miamistylerentals&bookable-only=yes&full-items=yes&marketplace=yes&flow=no,
All Guest Services,allguestservices,orders@allguest.com,1.800.393.1775,United States/Florida/Orlando,,,325805,Maingate Shuttle at Renaissance,,0,25,0,0,0,0,0,0,https://fareharbor.com/embeds/calendar/allguestservices/items/325805/?asn=fhdn&asn-ref=miamistylerentals&ref=miamistylerentals&bookable-only=yes&full-items=yes&marketplace=yes&flow=no,"<script src=""https://fareharbor.com/embeds/script/calendar/allguestservices/items/325805/?asn=fhdn&asn-ref=miamistylerentals&ref=miamistylerentals&bookable-only=yes&full-items=yes&marketplace=yes&flow=no""></script>",https://fareharbor.com/embeds/book/allguestservices/items/325805/?asn=fhdn&asn-ref=miamistylerentals&ref=miamistylerentals&bookable-only=yes&full-items=yes&marketplace=yes&flow=no,
All Guest Services,allguestservices,orders@allguest.com,1.800.393.1775,United States/Florida/Orlando,,,340837,WDW Encore+Margaritavile,,0,25,0,0,0,0,0,0,https://fareharbor.com/embeds/calendar/allguestservices/items/340837/?asn=fhdn&asn-ref=miamistylerentals&ref=miamistylerentals&bookable-only=yes&full-items=yes&marketplace=yes&flow=no,"<script src=""https://fareharbor.com/embeds/script/calendar/allguestservices/items/340837/?asn=fhdn&asn-ref=miamistylerentals&ref=miamistylerentals&bookable-only=yes&full-items=yes&marketplace=yes&flow=no""></script>",https://fareharbor.com/embeds/book/allguestservices/items/340837/?asn=fhdn&asn-ref=miamistylerentals&ref=miamistylerentals&bookable-only=yes&full-items=yes&marketplace=yes&flow=no,
All Guest Services,allguestservices,orders@allguest.com,1.800.393.1775,United States/Florida/Orlando,,,340845,SW/US Encore & MRO,,0,25,0,0,0,0,0,0,https://fareharbor.com/embeds/calendar/allguestservices/items/340845/?asn=fhdn&asn-ref=miamistylerentals&ref=miamistylerentals&bookable-only=yes&full-items=yes&marketplace=yes&flow=no,"<script src=""https://fareharbor.com/embeds/script/calendar/allguestservices/items/340845/?asn=fhdn&asn-ref=miamistylerentals&ref=miamistylerentals&bookable-only=yes&full-items=yes&marketplace=yes&flow=no""></script>",https://fareharbor.com/embeds/book/allguestservices/items/340845/?asn=fhdn&asn-ref=miamistylerentals&ref=miamistylerentals&bookable-only=yes&full-items=yes&marketplace=yes&flow=no,
All Guest Services,allguestservices,orders@allguest.com,1.800.393.1775,United States/Florida/Orlando,,,346575,WDW Tuscany + Parc,,0,25,0,0,0,0,0,0,https://fareharbor.com/embeds/calendar/allguestservices/items/346575/?asn=fhdn&asn-ref=miamistylerentals&ref=miamistylerentals&bookable-only=yes&full-items=yes&marketplace=yes&flow=no,"<script src=""https://fareharbor.com/embeds/script/calendar/allguestservices/items/346575/?asn=fhdn&asn-ref=miamistylerentals&ref=miamistylerentals&bookable-only=yes&full-items=yes&marketplace=yes&flow=no""></script>",https://fareharbor.com/embeds/book/allguestservices/items/346575/?asn=fhdn&asn-ref=miamistylerentals&ref=miamistylerentals&bookable-only=yes&full-items=yes&marketplace=yes&flow=no,
All Guest Services,allguestservices,orders@allguest.com,1.800.393.1775,United States/Florida/Orlando,,,346578,SW/US Tucany + Parc,,0,25,0,0,0,0,0,0,https://fareharbor.com/embeds/calendar/allguestservices/items/346578/?asn=fhdn&asn-ref=miamistylerentals&ref=miamistylerentals&bookable-only=yes&full-items=yes&marketplace=yes&flow=no,"<script src=""https://fareharbor.com/embeds/script/calendar/allguestservices/items/346578/?asn=fhdn&asn-ref=miamistylerentals&ref=miamistylerentals&bookable-only=yes&full-items=yes&marketplace=yes&flow=no""></script>",https://fareharbor.com/embeds/book/allguestservices/items/346578/?asn=fhdn&asn-ref=miamistylerentals&ref=miamistylerentals&bookable-only=yes&full-items=yes&marketplace=yes&flow=no,
All Guest Services,allguestservices,orders@allguest.com,1.800.393.1775,United States/Florida/Orlando,,,346896,WDW/US/SW Las Palmeras + Vista,,0,25,0,0,0,0,0,0,https://fareharbor.com/embeds/calendar/allguestservices/items/346896/?asn=fhdn&asn-ref=miamistylerentals&ref=miamistylerentals&bookable-only=yes&full-items=yes&marketplace=yes&flow=no,"<script src=""https://fareharbor.com/embeds/script/calendar/allguestservices/items/346896/?asn=fhdn&asn-ref=miamistylerentals&ref=miamistylerentals&bookable-only=yes&full-items=yes&marketplace=yes&flow=no""></script>",https://fareharbor.com/embeds/book/allguestservices/items/346896/?asn=fhdn&asn-ref=miamistylerentals&ref=miamistylerentals&bookable-only=yes&full-items=yes&marketplace=yes&flow=no,
Shooters World - Orlando,shootersworld-orlando,info@shootersworld.com,407-500-4867,United States/Florida/Orlando,,,250704,HR-218 Qualification,,1,24,4,0,2,4,4,4,https://fareharbor.com/embeds/calendar/shootersworld-orlando/items/250704/?asn=fhdn&asn-ref=miamistylerentals&ref=miamistylerentals&bookable-only=yes&full-items=yes&marketplace=yes&flow=no,"<script src=""https://fareharbor.com/embeds/script/calendar/shootersworld-orlando/items/250704/?asn=fhdn&asn-ref=miamistylerentals&ref=miamistylerentals&bookable-only=yes&full-items=yes&marketplace=yes&flow=no""></script>",https://fareharbor.com/embeds/book/shootersworld-orlando/items/250704/?asn=fhdn&asn-ref=miamistylerentals&ref=miamistylerentals&bookable-only=yes&full-items=yes&marketplace=yes&flow=no,https://cdn.filestackcontent.com/EsNE0x29SYyO9OvMqgwB
Ultimate Scuba LLC,okaydivers,info@ultscuba.com,(407) 591-0966,United States/Florida/Orlando,,,317187,Dive Guide / Divemaster,,1,24,2,0,1,1,2,3,https://fareharbor.com/embeds/calendar/okaydivers/items/317187/?asn=fhdn&asn-ref=miamistylerentals&ref=miamistylerentals&bookable-only=yes&full-items=yes&marketplace=yes&flow=no,"<script src=""https://fareharbor.com/embeds/script/calendar/okaydivers/items/317187/?asn=fhdn&asn-ref=miamistylerentals&ref=miamistylerentals&bookable-only=yes&full-items=yes&marketplace=yes&flow=no""></script>",https://fareharbor.com/embeds/book/okaydivers/items/317187/?asn=fhdn&asn-ref=miamistylerentals&ref=miamistylerentals&bookable-only=yes&full-items=yes&marketplace=yes&flow=no,https://cdn.filestackcontent.com/wyCcllxyTzaqXpHaEuTr
Ultimate Scuba LLC,okaydivers,info@ultscuba.com,(407) 591-0966,United States/Florida/Orlando,,,598685,SSI Extended Range Nitrox,,1,24,0,0,0,0,0,0,https://fareharbor.com/embeds/calendar/okaydivers/items/598685/?asn=fhdn&asn-ref=miamistylerentals&ref=miamistylerentals&bookable-only=yes&full-items=yes&marketplace=yes&flow=no,"<script src=""https://fareharbor.com/embeds/script/calendar/okaydivers/items/598685/?asn=fhdn&asn-ref=miamistylerentals&ref=miamistylerentals&bookable-only=yes&full-items=yes&marketplace=yes&flow=no""></script>",https://fareharbor.com/embeds/book/okaydivers/items/598685/?asn=fhdn&asn-ref=miamistylerentals&ref=miamistylerentals&bookable-only=yes&full-items=yes&marketplace=yes&flow=no,https://cdn.filestackcontent.com/IwnOyLIYTiierOJi5OoT
Ultimate Scuba LLC,okaydivers,info@ultscuba.com,(407) 591-0966,United States/Florida/Orlando,,,598703,SSI Extended Range,,1,24,0,0,0,0,0,0,https://fareharbor.com/embeds/calendar/okaydivers/items/598703/?asn=fhdn&asn-ref=miamistylerentals&ref=miamistylerentals&bookable-only=yes&full-items=yes&marketplace=yes&flow=no,"<script src=""https://fareharbor.com/embeds/script/calendar/okaydivers/items/598703/?asn=fhdn&asn-ref=miamistylerentals&ref=miamistylerentals&bookable-only=yes&full-items=yes&marketplace=yes&flow=no""></script>",https://fareharbor.com/embeds/book/okaydivers/items/598703/?asn=fhdn&asn-ref=miamistylerentals&ref=miamistylerentals&bookable-only=yes&full-items=yes&marketplace=yes&flow=no,https://cdn.filestackcontent.com/q84Ke6jSQKS2PWeP2OeA
Ultimate Scuba LLC,okaydivers,info@ultscuba.com,(407) 591-0966,United States/Florida/Orlando,,,598718,Extended Range Sidemount,,1,24,0,0,0,0,0,0,https://fareharbor.com/embeds/calendar/okaydivers/items/598718/?asn=fhdn&asn-ref=miamistylerentals&ref=miamistylerentals&bookable-only=yes&full-items=yes&marketplace=yes&flow=no,"<script src=""https://fareharbor.com/embeds/script/calendar/okaydivers/items/598718/?asn=fhdn&asn-ref=miamistylerentals&ref=miamistylerentals&bookable-only=yes&full-items=yes&marketplace=yes&flow=no""></script>",https://fareharbor.com/embeds/book/okaydivers/items/598718/?asn=fhdn&asn-ref=miamistylerentals&ref=miamistylerentals&bookable-only=yes&full-items=yes&marketplace=yes&flow=no,https://cdn.filestackcontent.com/VvfgTShWTJS7YjIwR541
Otter Paddle Orlando,otterpaddleorlando,info@otterpaddleorlando.com,407-952-2481,United States/Florida/Winter Park,,,701870,Winter Park Guided Tour,,1,24,0,0,0,0,0,0,https://fareharbor.com/embeds/calendar/otterpaddleorlando/items/701870/?asn=fhdn&asn-ref=miamistylerentals&ref=miamistylerentals&bookable-only=yes&full-items=yes&marketplace=yes&flow=no,"<script src=""https://fareharbor.com/embeds/script/calendar/otterpaddleorlando/items/701870/?asn=fhdn&asn-ref=miamistylerentals&ref=miamistylerentals&bookable-only=yes&full-items=yes&marketplace=yes&flow=no""></script>",https://fareharbor.com/embeds/book/otterpaddleorlando/items/701870/?asn=fhdn&asn-ref=miamistylerentals&ref=miamistylerentals&bookable-only=yes&full-items=yes&marketplace=yes&flow=no,https://cdn.filestackcontent.com/w6fbBd6ZRTWsfKI3YIPP
Original Orlando Tours,originalorlando-bbmamericallc,info@originalorlando.com,(407) 986-8687,United States/Florida/Orlando,,,604065,Fred & Joanne - A Winter Park Love Story,Walking Tour,1,23,0,0,0,0,0,0,https://fareharbor.com/embeds/calendar/originalorlando-bbmamericallc/items/604065/?asn=fhdn&asn-ref=miamistylerentals&ref=miamistylerentals&bookable-only=yes&full-items=yes&marketplace=yes&flow=no,"<script src=""https://fareharbor.com/embeds/script/calendar/originalorlando-bbmamericallc/items/604065/?asn=fhdn&asn-ref=miamistylerentals&ref=miamistylerentals&bookable-only=yes&full-items=yes&marketplace=yes&flow=no""></script>",https://fareharbor.com/embeds/book/originalorlando-bbmamericallc/items/604065/?asn=fhdn&asn-ref=miamistylerentals&ref=miamistylerentals&bookable-only=yes&full-items=yes&marketplace=yes&flow=no,https://cdn.filestackcontent.com/fVwjFTfLSROuaSBSMf2t
Ultimate Scuba LLC,okaydivers,info@ultscuba.com,(407) 591-0966,United States/Florida/Orlando,,,692028,SSI Cavern and Cenote,,1,23,0,0,0,0,0,0,https://fareharbor.com/embeds/calendar/okaydivers/items/692028/?asn=fhdn&asn-ref=miamistylerentals&ref=miamistylerentals&bookable-only=yes&full-items=yes&marketplace=yes&flow=no,"<script src=""https://fareharbor.com/embeds/script/calendar/okaydivers/items/692028/?asn=fhdn&asn-ref=miamistylerentals&ref=miamistylerentals&bookable-only=yes&full-items=yes&marketplace=yes&flow=no""></script>",https://fareharbor.com/embeds/book/okaydivers/items/692028/?asn=fhdn&asn-ref=miamistylerentals&ref=miamistylerentals&bookable-only=yes&full-items=yes&marketplace=yes&flow=no,https://cdn.filestackcontent.com/YaHtlgshRBSjHLOa2Lsb
Ultimate Scuba LLC,okaydivers,info@ultscuba.com,(407) 591-0966,United States/Florida/Orlando,,,388899,Decompression Dive,,1,22,0,0,0,0,0,0,https://fareharbor.com/embeds/calendar/okaydivers/items/388899/?asn=fhdn&asn-ref=miamistylerentals&ref=miamistylerentals&bookable-only=yes&full-items=yes&marketplace=yes&flow=no,"<script src=""https://fareharbor.com/embeds/script/calendar/okaydivers/items/388899/?asn=fhdn&asn-ref=miamistylerentals&ref=miamistylerentals&bookable-only=yes&full-items=yes&marketplace=yes&flow=no""></script>",https://fareharbor.com/embeds/book/okaydivers/items/388899/?asn=fhdn&asn-ref=miamistylerentals&ref=miamistylerentals&bookable-only=yes&full-items=yes&marketplace=yes&flow=no,https://cdn.filestackcontent.com/kEDsH2tARqK4LZ7k8XAB
Ultimate Scuba LLC,okaydivers,info@ultscuba.com,(407) 591-0966,United States/Florida/Orlando,,,492230,RAID Advanced Wreck,,1,22,0,0,0,0,0,0,https://fareharbor.com/embeds/calendar/okaydivers/items/492230/?asn=fhdn&asn-ref=miamistylerentals&ref=miamistylerentals&bookable-only=yes&full-items=yes&marketplace=yes&flow=no,"<script src=""https://fareharbor.com/embeds/script/calendar/okaydivers/items/492230/?asn=fhdn&asn-ref=miamistylerentals&ref=miamistylerentals&bookable-only=yes&full-items=yes&marketplace=yes&flow=no""></script>",https://fareharbor.com/embeds/book/okaydivers/items/492230/?asn=fhdn&asn-ref=miamistylerentals&ref=miamistylerentals&bookable-only=yes&full-items=yes&marketplace=yes&flow=no,https://cdn.filestackcontent.com/K0EJGbKQ9q63IWHnReeQ
Shooters World - Orlando,shootersworld-orlando,info@shootersworld.com,407-500-4867,United States/Florida/Orlando,,,578637,Develop a Personal & Home Protection Plan,,1,22,0,0,0,0,0,0,https://fareharbor.com/embeds/calendar/shootersworld-orlando/items/578637/?asn=fhdn&asn-ref=miamistylerentals&ref=miamistylerentals&bookable-only=yes&full-items=yes&marketplace=yes&flow=no,"<script src=""https://fareharbor.com/embeds/script/calendar/shootersworld-orlando/items/578637/?asn=fhdn&asn-ref=miamistylerentals&ref=miamistylerentals&bookable-only=yes&full-items=yes&marketplace=yes&flow=no""></script>",https://fareharbor.com/embeds/book/shootersworld-orlando/items/578637/?asn=fhdn&asn-ref=miamistylerentals&ref=miamistylerentals&bookable-only=yes&full-items=yes&marketplace=yes&flow=no,https://cdn.filestackcontent.com/4yfzM0xLQAOkWhUcuj4g
Ultimate Scuba LLC,okaydivers,info@ultscuba.com,(407) 591-0966,United States/Florida/Orlando,,,581823,SSI Extended Range Foundations,,1,22,0,0,0,0,0,0,https://fareharbor.com/embeds/calendar/okaydivers/items/581823/?asn=fhdn&asn-ref=miamistylerentals&ref=miamistylerentals&bookable-only=yes&full-items=yes&marketplace=yes&flow=no,"<script src=""https://fareharbor.com/embeds/script/calendar/okaydivers/items/581823/?asn=fhdn&asn-ref=miamistylerentals&ref=miamistylerentals&bookable-only=yes&full-items=yes&marketplace=yes&flow=no""></script>",https://fareharbor.com/embeds/book/okaydivers/items/581823/?asn=fhdn&asn-ref=miamistylerentals&ref=miamistylerentals&bookable-only=yes&full-items=yes&marketplace=yes&flow=no,https://cdn.filestackcontent.com/4qyaQ0OuSnG1BKPoBJsn
Ultimate Scuba LLC,okaydivers,info@ultscuba.com,(407) 591-0966,United States/Florida/Orlando,,,694212,SSI Advanced Open Water Diving,,1,22,0,0,0,0,0,0,https://fareharbor.com/embeds/calendar/okaydivers/items/694212/?asn=fhdn&asn-ref=miamistylerentals&ref=miamistylerentals&bookable-only=yes&full-items=yes&marketplace=yes&flow=no,"<script src=""https://fareharbor.com/embeds/script/calendar/okaydivers/items/694212/?asn=fhdn&asn-ref=miamistylerentals&ref=miamistylerentals&bookable-only=yes&full-items=yes&marketplace=yes&flow=no""></script>",https://fareharbor.com/embeds/book/okaydivers/items/694212/?asn=fhdn&asn-ref=miamistylerentals&ref=miamistylerentals&bookable-only=yes&full-items=yes&marketplace=yes&flow=no,https://cdn.filestackcontent.com/2wqwaGfwTx6jFbviaopt
Otter Paddle Orlando,otterpaddleorlando,info@otterpaddleorlando.com,407-952-2481,United States/Florida/Winter Park,,,701531,2 Hour Paddle Board Rental,,1,22,0,0,0,0,0,0,https://fareharbor.com/embeds/calendar/otterpaddleorlando/items/701531/?asn=fhdn&asn-ref=miamistylerentals&ref=miamistylerentals&bookable-only=yes&full-items=yes&marketplace=yes&flow=no,"<script src=""https://fareharbor.com/embeds/script/calendar/otterpaddleorlando/items/701531/?asn=fhdn&asn-ref=miamistylerentals&ref=miamistylerentals&bookable-only=yes&full-items=yes&marketplace=yes&flow=no""></script>",https://fareharbor.com/embeds/book/otterpaddleorlando/items/701531/?asn=fhdn&asn-ref=miamistylerentals&ref=miamistylerentals&bookable-only=yes&full-items=yes&marketplace=yes&flow=no,https://cdn.filestackcontent.com/FmLoMIGgTa2F3iaJPeNu
Native Bass Fishing Charters LLC,nativebassfishing,Nativebassfishing@gmail.com,407 455 4521,United States/Florida/Orlando,,,499628,Saltwater Fishing Charters,,4,21,0,0,0,0,0,0,https://fareharbor.com/embeds/calendar/nativebassfishing/items/499628/?asn=fhdn&asn-ref=miamistylerentals&ref=miamistylerentals&bookable-only=yes&full-items=yes&marketplace=yes&flow=no,"<script src=""https://fareharbor.com/embeds/script/calendar/nativebassfishing/items/499628/?asn=fhdn&asn-ref=miamistylerentals&ref=miamistylerentals&bookable-only=yes&full-items=yes&marketplace=yes&flow=no""></script>",https://fareharbor.com/embeds/book/nativebassfishing/items/499628/?asn=fhdn&asn-ref=miamistylerentals&ref=miamistylerentals&bookable-only=yes&full-items=yes&marketplace=yes&flow=no,https://cdn.filestackcontent.com/ekRn6MwdTraF93YAfwaq
Vaudeville Variety Revue,vaudevillevariety-orlando,info@teatromartinifl.com,407-206-5102,United States/Florida/Orlando,,,523845,Dinner and Show,,1,21,0,0,0,0,0,0,https://fareharbor.com/embeds/calendar/vaudevillevariety-orlando/items/523845/?asn=fhdn&asn-ref=miamistylerentals&ref=miamistylerentals&bookable-only=yes&full-items=yes&marketplace=yes&flow=no,"<script src=""https://fareharbor.com/embeds/script/calendar/vaudevillevariety-orlando/items/523845/?asn=fhdn&asn-ref=miamistylerentals&ref=miamistylerentals&bookable-only=yes&full-items=yes&marketplace=yes&flow=no""></script>",https://fareharbor.com/embeds/book/vaudevillevariety-orlando/items/523845/?asn=fhdn&asn-ref=miamistylerentals&ref=miamistylerentals&bookable-only=yes&full-items=yes&marketplace=yes&flow=no,https://cdn.filestackcontent.com/l3CNSOu6TRaxA4rxQo4D
Original Orlando Tours,originalorlando-bbmamericallc,info@originalorlando.com,(407) 986-8687,United States/Florida/Orlando,,,579156,"Peacocks, Presidents, and Puzzles + Boat Tour",Walking Tour,1,21,0,0,0,0,0,0,https://fareharbor.com/embeds/calendar/originalorlando-bbmamericallc/items/579156/?asn=fhdn&asn-ref=miamistylerentals&ref=miamistylerentals&bookable-only=yes&full-items=yes&marketplace=yes&flow=no,"<script src=""https://fareharbor.com/embeds/script/calendar/originalorlando-bbmamericallc/items/579156/?asn=fhdn&asn-ref=miamistylerentals&ref=miamistylerentals&bookable-only=yes&full-items=yes&marketplace=yes&flow=no""></script>",https://fareharbor.com/embeds/book/originalorlando-bbmamericallc/items/579156/?asn=fhdn&asn-ref=miamistylerentals&ref=miamistylerentals&bookable-only=yes&full-items=yes&marketplace=yes&flow=no,https://cdn.filestackcontent.com/VxK9lMoQjGIlZNg1goPg
Original Orlando Tours,originalorlando-bbmamericallc,info@originalorlando.com,(407) 986-8687,United States/Florida/Orlando,,,586188,Winter Park Arts and Culture Walking Tour,Walking Tour,1,21,0,0,0,0,0,0,https://fareharbor.com/embeds/calendar/originalorlando-bbmamericallc/items/586188/?asn=fhdn&asn-ref=miamistylerentals&ref=miamistylerentals&bookable-only=yes&full-items=yes&marketplace=yes&flow=no,"<script src=""https://fareharbor.com/embeds/script/calendar/originalorlando-bbmamericallc/items/586188/?asn=fhdn&asn-ref=miamistylerentals&ref=miamistylerentals&bookable-only=yes&full-items=yes&marketplace=yes&flow=no""></script>",https://fareharbor.com/embeds/book/originalorlando-bbmamericallc/items/586188/?asn=fhdn&asn-ref=miamistylerentals&ref=miamistylerentals&bookable-only=yes&full-items=yes&marketplace=yes&flow=no,https://cdn.filestackcontent.com/lOLOr0aTximVkK0dqQ3t
Stroke of Art,stroke-of-art,info@stroke-of-art.com,14079007501,United States/Florida/Orlando,-81.469162,28.440177,680173,KokeDamas Workshop,,1,21,0,0,0,0,0,0,https://fareharbor.com/embeds/calendar/stroke-of-art/items/680173/?asn=fhdn&asn-ref=miamistylerentals&ref=miamistylerentals&bookable-only=yes&full-items=yes&marketplace=yes&flow=no,"<script src=""https://fareharbor.com/embeds/script/calendar/stroke-of-art/items/680173/?asn=fhdn&asn-ref=miamistylerentals&ref=miamistylerentals&bookable-only=yes&full-items=yes&marketplace=yes&flow=no""></script>",https://fareharbor.com/embeds/book/stroke-of-art/items/680173/?asn=fhdn&asn-ref=miamistylerentals&ref=miamistylerentals&bookable-only=yes&full-items=yes&marketplace=yes&flow=no,https://cdn.filestackcontent.com/rEOfeFtWQ1quzme3lStp
Stroke of Art,stroke-of-art,info@stroke-of-art.com,14079007501,United States/Florida/Orlando,-81.469162,28.440177,719606,KokeDamas Workshop Orchids,,1,21,0,0,0,0,0,0,https://fareharbor.com/embeds/calendar/stroke-of-art/items/719606/?asn=fhdn&asn-ref=miamistylerentals&ref=miamistylerentals&bookable-only=yes&full-items=yes&marketplace=yes&flow=no,"<script src=""https://fareharbor.com/embeds/script/calendar/stroke-of-art/items/719606/?asn=fhdn&asn-ref=miamistylerentals&ref=miamistylerentals&bookable-only=yes&full-items=yes&marketplace=yes&flow=no""></script>",https://fareharbor.com/embeds/book/stroke-of-art/items/719606/?asn=fhdn&asn-ref=miamistylerentals&ref=miamistylerentals&bookable-only=yes&full-items=yes&marketplace=yes&flow=no,https://cdn.filestackcontent.com/2ZthDF4lTTu4wvk0sITf
Epic Paddle Adventures,epicpaddleadventures,epicpaddleadventures@gmail.com,(407) 300-8781,United States/Florida/Orlando,,,526879,Admin Schedule,SUP,0,20,0,0,0,0,0,0,https://fareharbor.com/embeds/calendar/epicpaddleadventures/items/526879/?asn=fhdn&asn-ref=miamistylerentals&ref=miamistylerentals&bookable-only=yes&full-items=yes&marketplace=yes&flow=no,"<script src=""https://fareharbor.com/embeds/script/calendar/epicpaddleadventures/items/526879/?asn=fhdn&asn-ref=miamistylerentals&ref=miamistylerentals&bookable-only=yes&full-items=yes&marketplace=yes&flow=no""></script>",https://fareharbor.com/embeds/book/epicpaddleadventures/items/526879/?asn=fhdn&asn-ref=miamistylerentals&ref=miamistylerentals&bookable-only=yes&full-items=yes&marketplace=yes&flow=no,
Stroke of Art,stroke-of-art,info@stroke-of-art.com,14079007501,United States/Florida/Orlando,-81.469162,28.440177,679112,Ramen Bowl Workshop,,1,20,0,0,0,0,0,0,https://fareharbor.com/embeds/calendar/stroke-of-art/items/679112/?asn=fhdn&asn-ref=miamistylerentals&ref=miamistylerentals&bookable-only=yes&full-items=yes&marketplace=yes&flow=no,"<script src=""https://fareharbor.com/embeds/script/calendar/stroke-of-art/items/679112/?asn=fhdn&asn-ref=miamistylerentals&ref=miamistylerentals&bookable-only=yes&full-items=yes&marketplace=yes&flow=no""></script>",https://fareharbor.com/embeds/book/stroke-of-art/items/679112/?asn=fhdn&asn-ref=miamistylerentals&ref=miamistylerentals&bookable-only=yes&full-items=yes&marketplace=yes&flow=no,https://cdn.filestackcontent.com/JTcahKk3SyizFvnTvodn
Adventures in Florida,adventuresinflorida,info@adventuresinflorida.com,(407) 924-3375,United States/Florida/Orlando,,,694385,Okefenokee Swamp & Suwannee Wilderness Kayaking,Kayak,1,20,0,0,0,0,0,0,https://fareharbor.com/embeds/calendar/adventuresinflorida/items/694385/?asn=fhdn&asn-ref=miamistylerentals&ref=miamistylerentals&bookable-only=yes&full-items=yes&marketplace=yes&flow=no,"<script src=""https://fareharbor.com/embeds/script/calendar/adventuresinflorida/items/694385/?asn=fhdn&asn-ref=miamistylerentals&ref=miamistylerentals&bookable-only=yes&full-items=yes&marketplace=yes&flow=no""></script>",https://fareharbor.com/embeds/book/adventuresinflorida/items/694385/?asn=fhdn&asn-ref=miamistylerentals&ref=miamistylerentals&bookable-only=yes&full-items=yes&marketplace=yes&flow=no,https://cdn.filestackcontent.com/RLpMjxSpQNCq8Wq4s7tY
Adventures in Florida,adventuresinflorida,info@adventuresinflorida.com,(407) 924-3375,United States/Florida/Orlando,,,694395,Western North Carolina Kayaking Trip,Kayak,1,20,0,0,0,0,0,0,https://fareharbor.com/embeds/calendar/adventuresinflorida/items/694395/?asn=fhdn&asn-ref=miamistylerentals&ref=miamistylerentals&bookable-only=yes&full-items=yes&marketplace=yes&flow=no,"<script src=""https://fareharbor.com/embeds/script/calendar/adventuresinflorida/items/694395/?asn=fhdn&asn-ref=miamistylerentals&ref=miamistylerentals&bookable-only=yes&full-items=yes&marketplace=yes&flow=no""></script>",https://fareharbor.com/embeds/book/adventuresinflorida/items/694395/?asn=fhdn&asn-ref=miamistylerentals&ref=miamistylerentals&bookable-only=yes&full-items=yes&marketplace=yes&flow=no,https://cdn.filestackcontent.com/n64ZGUbfQSdSyevpO9Hm
Adventures in Florida,adventuresinflorida,info@adventuresinflorida.com,(407) 924-3375,United States/Florida/Orlando,,,694399,Paddle the Peace,Kayak,1,20,0,0,0,0,0,0,https://fareharbor.com/embeds/calendar/adventuresinflorida/items/694399/?asn=fhdn&asn-ref=miamistylerentals&ref=miamistylerentals&bookable-only=yes&full-items=yes&marketplace=yes&flow=no,"<script src=""https://fareharbor.com/embeds/script/calendar/adventuresinflorida/items/694399/?asn=fhdn&asn-ref=miamistylerentals&ref=miamistylerentals&bookable-only=yes&full-items=yes&marketplace=yes&flow=no""></script>",https://fareharbor.com/embeds/book/adventuresinflorida/items/694399/?asn=fhdn&asn-ref=miamistylerentals&ref=miamistylerentals&bookable-only=yes&full-items=yes&marketplace=yes&flow=no,https://cdn.filestackcontent.com/erOkDSkoREKBjVSeRasA
Adventures in Florida,adventuresinflorida,info@adventuresinflorida.com,(407) 924-3375,United States/Florida/Orlando,,,694405,Get Back into the Wild! With lacoochee River,Kayak,1,20,0,0,0,0,0,0,https://fareharbor.com/embeds/calendar/adventuresinflorida/items/694405/?asn=fhdn&asn-ref=miamistylerentals&ref=miamistylerentals&bookable-only=yes&full-items=yes&marketplace=yes&flow=no,"<script src=""https://fareharbor.com/embeds/script/calendar/adventuresinflorida/items/694405/?asn=fhdn&asn-ref=miamistylerentals&ref=miamistylerentals&bookable-only=yes&full-items=yes&marketplace=yes&flow=no""></script>",https://fareharbor.com/embeds/book/adventuresinflorida/items/694405/?asn=fhdn&asn-ref=miamistylerentals&ref=miamistylerentals&bookable-only=yes&full-items=yes&marketplace=yes&flow=no,https://cdn.filestackcontent.com/NCPrPHH5Qgu8Yjwqs7HP
Adventures in Florida,adventuresinflorida,info@adventuresinflorida.com,(407) 924-3375,United States/Florida/Orlando,,,694410,Everglades Sea Kayaking Trip,Kayak,1,20,0,0,0,0,0,0,https://fareharbor.com/embeds/calendar/adventuresinflorida/items/694410/?asn=fhdn&asn-ref=miamistylerentals&ref=miamistylerentals&bookable-only=yes&full-items=yes&marketplace=yes&flow=no,"<script src=""https://fareharbor.com/embeds/script/calendar/adventuresinflorida/items/694410/?asn=fhdn&asn-ref=miamistylerentals&ref=miamistylerentals&bookable-only=yes&full-items=yes&marketplace=yes&flow=no""></script>",https://fareharbor.com/embeds/book/adventuresinflorida/items/694410/?asn=fhdn&asn-ref=miamistylerentals&ref=miamistylerentals&bookable-only=yes&full-items=yes&marketplace=yes&flow=no,https://cdn.filestackcontent.com/DH8K4y7cS12du8iWDmSp
Adventures in Florida,adventuresinflorida,info@adventuresinflorida.com,(407) 924-3375,United States/Florida/Orlando,,,694414,Buffalo River Arkansas Kayaking Trip,Kayak,1,20,0,0,0,0,0,0,https://fareharbor.com/embeds/calendar/adventuresinflorida/items/694414/?asn=fhdn&asn-ref=miamistylerentals&ref=miamistylerentals&bookable-only=yes&full-items=yes&marketplace=yes&flow=no,"<script src=""https://fareharbor.com/embeds/script/calendar/adventuresinflorida/items/694414/?asn=fhdn&asn-ref=miamistylerentals&ref=miamistylerentals&bookable-only=yes&full-items=yes&marketplace=yes&flow=no""></script>",https://fareharbor.com/embeds/book/adventuresinflorida/items/694414/?asn=fhdn&asn-ref=miamistylerentals&ref=miamistylerentals&bookable-only=yes&full-items=yes&marketplace=yes&flow=no,https://cdn.filestackcontent.com/iT1rDA0BRY2PTy8Yn0Q1
Adventures in Florida,adventuresinflorida,info@adventuresinflorida.com,(407) 924-3375,United States/Florida/Orlando,,,694424,The Very Best of Southwest Virginia Kayaking,Kayak,1,20,0,0,0,0,0,0,https://fareharbor.com/embeds/calendar/adventuresinflorida/items/694424/?asn=fhdn&asn-ref=miamistylerentals&ref=miamistylerentals&bookable-only=yes&full-items=yes&marketplace=yes&flow=no,"<script src=""https://fareharbor.com/embeds/script/calendar/adventuresinflorida/items/694424/?asn=fhdn&asn-ref=miamistylerentals&ref=miamistylerentals&bookable-only=yes&full-items=yes&marketplace=yes&flow=no""></script>",https://fareharbor.com/embeds/book/adventuresinflorida/items/694424/?asn=fhdn&asn-ref=miamistylerentals&ref=miamistylerentals&bookable-only=yes&full-items=yes&marketplace=yes&flow=no,https://cdn.filestackcontent.com/I2kd7FnkRIO74qckV95U
Ultimate Scuba LLC,okaydivers,info@ultscuba.com,(407) 591-0966,United States/Florida/Orlando,,,695001,DAN Basic Life Support: CPR and First Aid + DAN Emergency Oxygen for Diving Injuries,,1,20,0,0,0,0,0,0,https://fareharbor.com/embeds/calendar/okaydivers/items/695001/?asn=fhdn&asn-ref=miamistylerentals&ref=miamistylerentals&bookable-only=yes&full-items=yes&marketplace=yes&flow=no,"<script src=""https://fareharbor.com/embeds/script/calendar/okaydivers/items/695001/?asn=fhdn&asn-ref=miamistylerentals&ref=miamistylerentals&bookable-only=yes&full-items=yes&marketplace=yes&flow=no""></script>",https://fareharbor.com/embeds/book/okaydivers/items/695001/?asn=fhdn&asn-ref=miamistylerentals&ref=miamistylerentals&bookable-only=yes&full-items=yes&marketplace=yes&flow=no,https://cdn.filestackcontent.com/rpOApnDTgyBuitKoxLaM
KT Artistry,ktartistry,ktartistry1@gmail.com,402/699/9252,United States/Florida/Orlando,,,72782,Wood Sign Classes,,1,19,0,0,0,0,0,0,https://fareharbor.com/embeds/calendar/ktartistry/items/72782/?asn=fhdn&asn-ref=miamistylerentals&ref=miamistylerentals&bookable-only=yes&full-items=yes&marketplace=yes&flow=no,"<script src=""https://fareharbor.com/embeds/script/calendar/ktartistry/items/72782/?asn=fhdn&asn-ref=miamistylerentals&ref=miamistylerentals&bookable-only=yes&full-items=yes&marketplace=yes&flow=no""></script>",https://fareharbor.com/embeds/book/ktartistry/items/72782/?asn=fhdn&asn-ref=miamistylerentals&ref=miamistylerentals&bookable-only=yes&full-items=yes&marketplace=yes&flow=no,https://cdn.filestackcontent.com/6chlhSn6S0i824NKbyVc
Beach Sand Sculptures,beachsandsculptures,info@BeachSandSculptures.com,850-622-1066,United States/Florida/Orlando,,,163501,REDFLAGS-30A - Ed Walline,Castle-Water Activities,1,19,0,0,0,0,0,0,https://fareharbor.com/embeds/calendar/beachsandsculptures/items/163501/?asn=fhdn&asn-ref=miamistylerentals&ref=miamistylerentals&bookable-only=yes&full-items=yes&marketplace=yes&flow=no,"<script src=""https://fareharbor.com/embeds/script/calendar/beachsandsculptures/items/163501/?asn=fhdn&asn-ref=miamistylerentals&ref=miamistylerentals&bookable-only=yes&full-items=yes&marketplace=yes&flow=no""></script>",https://fareharbor.com/embeds/book/beachsandsculptures/items/163501/?asn=fhdn&asn-ref=miamistylerentals&ref=miamistylerentals&bookable-only=yes&full-items=yes&marketplace=yes&flow=no,https://cdn.filestackcontent.com/SaPXBqdhSmjPeM4ancu5
EM Group - Titanic: The Artifact Exhibition - Orlando,titanicorlando,reservationsorl@emgroup.com,407-248-1166,United States/Florida/Orlando,,,214725,Titanic First Class Dinner Gala,,1,19,0,0,0,0,0,0,https://fareharbor.com/embeds/calendar/titanicorlando/items/214725/?asn=fhdn&asn-ref=miamistylerentals&ref=miamistylerentals&bookable-only=yes&full-items=yes&marketplace=yes&flow=no,"<script src=""https://fareharbor.com/embeds/script/calendar/titanicorlando/items/214725/?asn=fhdn&asn-ref=miamistylerentals&ref=miamistylerentals&bookable-only=yes&full-items=yes&marketplace=yes&flow=no""></script>",https://fareharbor.com/embeds/book/titanicorlando/items/214725/?asn=fhdn&asn-ref=miamistylerentals&ref=miamistylerentals&bookable-only=yes&full-items=yes&marketplace=yes&flow=no,
Shooters World - Orlando,shootersworld-orlando,info@shootersworld.com,407-500-4867,United States/Florida/Orlando,,,250699,First Shots,,1,19,0,0,0,0,0,0,https://fareharbor.com/embeds/calendar/shootersworld-orlando/items/250699/?asn=fhdn&asn-ref=miamistylerentals&ref=miamistylerentals&bookable-only=yes&full-items=yes&marketplace=yes&flow=no,"<script src=""https://fareharbor.com/embeds/script/calendar/shootersworld-orlando/items/250699/?asn=fhdn&asn-ref=miamistylerentals&ref=miamistylerentals&bookable-only=yes&full-items=yes&marketplace=yes&flow=no""></script>",https://fareharbor.com/embeds/book/shootersworld-orlando/items/250699/?asn=fhdn&asn-ref=miamistylerentals&ref=miamistylerentals&bookable-only=yes&full-items=yes&marketplace=yes&flow=no,https://cdn.filestackcontent.com/HkUI1udSWqkOKNPDOpoR
Shooters World - Orlando,shootersworld-orlando,info@shootersworld.com,407-500-4867,United States/Florida/Orlando,,,250726,Ladies-Only: Introduction to Handguns,,1,19,0,0,0,0,0,0,https://fareharbor.com/embeds/calendar/shootersworld-orlando/items/250726/?asn=fhdn&asn-ref=miamistylerentals&ref=miamistylerentals&bookable-only=yes&full-items=yes&marketplace=yes&flow=no,"<script src=""https://fareharbor.com/embeds/script/calendar/shootersworld-orlando/items/250726/?asn=fhdn&asn-ref=miamistylerentals&ref=miamistylerentals&bookable-only=yes&full-items=yes&marketplace=yes&flow=no""></script>",https://fareharbor.com/embeds/book/shootersworld-orlando/items/250726/?asn=fhdn&asn-ref=miamistylerentals&ref=miamistylerentals&bookable-only=yes&full-items=yes&marketplace=yes&flow=no,https://cdn.filestackcontent.com/qWE0MPybRBqMocyMSkHL
Shooters World - Orlando,shootersworld-orlando,info@shootersworld.com,407-500-4867,United States/Florida/Orlando,,,250745,G-License Requalification,,1,19,2,0,1,2,2,2,https://fareharbor.com/embeds/calendar/shootersworld-orlando/items/250745/?asn=fhdn&asn-ref=miamistylerentals&ref=miamistylerentals&bookable-only=yes&full-items=yes&marketplace=yes&flow=no,"<script src=""https://fareharbor.com/embeds/script/calendar/shootersworld-orlando/items/250745/?asn=fhdn&asn-ref=miamistylerentals&ref=miamistylerentals&bookable-only=yes&full-items=yes&marketplace=yes&flow=no""></script>",https://fareharbor.com/embeds/book/shootersworld-orlando/items/250745/?asn=fhdn&asn-ref=miamistylerentals&ref=miamistylerentals&bookable-only=yes&full-items=yes&marketplace=yes&flow=no,https://cdn.filestackcontent.com/ONNMaGWRT4inkt2EUprW
EM Group - Titanic: The Artifact Exhibition - Orlando,titanicorlando,reservationsorl@emgroup.com,407-248-1166,United States/Florida/Orlando,,,263319,"Omens, Premonitions and Superstitions Guided Tour",,1,19,0,0,0,0,0,0,https://fareharbor.com/embeds/calendar/titanicorlando/items/263319/?asn=fhdn&asn-ref=miamistylerentals&ref=miamistylerentals&bookable-only=yes&full-items=yes&marketplace=yes&flow=no,"<script src=""https://fareharbor.com/embeds/script/calendar/titanicorlando/items/263319/?asn=fhdn&asn-ref=miamistylerentals&ref=miamistylerentals&bookable-only=yes&full-items=yes&marketplace=yes&flow=no""></script>",https://fareharbor.com/embeds/book/titanicorlando/items/263319/?asn=fhdn&asn-ref=miamistylerentals&ref=miamistylerentals&bookable-only=yes&full-items=yes&marketplace=yes&flow=no,
EM Group - Titanic: The Artifact Exhibition - Orlando,titanicorlando,reservationsorl@emgroup.com,407-248-1166,United States/Florida/Orlando,,,295136,Titanic Adventure for Kids Guided Tour,,1,19,0,0,0,0,0,0,https://fareharbor.com/embeds/calendar/titanicorlando/items/295136/?asn=fhdn&asn-ref=miamistylerentals&ref=miamistylerentals&bookable-only=yes&full-items=yes&marketplace=yes&flow=no,"<script src=""https://fareharbor.com/embeds/script/calendar/titanicorlando/items/295136/?asn=fhdn&asn-ref=miamistylerentals&ref=miamistylerentals&bookable-only=yes&full-items=yes&marketplace=yes&flow=no""></script>",https://fareharbor.com/embeds/book/titanicorlando/items/295136/?asn=fhdn&asn-ref=miamistylerentals&ref=miamistylerentals&bookable-only=yes&full-items=yes&marketplace=yes&flow=no,
EM Group - Titanic: The Artifact Exhibition - Orlando,titanicorlando,reservationsorl@emgroup.com,407-248-1166,United States/Florida/Orlando,,,295138,Ship of Dreams Guided Tour,,1,19,0,0,0,0,0,0,https://fareharbor.com/embeds/calendar/titanicorlando/items/295138/?asn=fhdn&asn-ref=miamistylerentals&ref=miamistylerentals&bookable-only=yes&full-items=yes&marketplace=yes&flow=no,"<script src=""https://fareharbor.com/embeds/script/calendar/titanicorlando/items/295138/?asn=fhdn&asn-ref=miamistylerentals&ref=miamistylerentals&bookable-only=yes&full-items=yes&marketplace=yes&flow=no""></script>",https://fareharbor.com/embeds/book/titanicorlando/items/295138/?asn=fhdn&asn-ref=miamistylerentals&ref=miamistylerentals&bookable-only=yes&full-items=yes&marketplace=yes&flow=no,
Shooters World - Orlando,shootersworld-orlando,info@shootersworld.com,407-500-4867,United States/Florida/Orlando,,,305262,Private Lesson,,1,19,2,2,2,2,2,1,https://fareharbor.com/embeds/calendar/shootersworld-orlando/items/305262/?asn=fhdn&asn-ref=miamistylerentals&ref=miamistylerentals&bookable-only=yes&full-items=yes&marketplace=yes&flow=no,"<script src=""https://fareharbor.com/embeds/script/calendar/shootersworld-orlando/items/305262/?asn=fhdn&asn-ref=miamistylerentals&ref=miamistylerentals&bookable-only=yes&full-items=yes&marketplace=yes&flow=no""></script>",https://fareharbor.com/embeds/book/shootersworld-orlando/items/305262/?asn=fhdn&asn-ref=miamistylerentals&ref=miamistylerentals&bookable-only=yes&full-items=yes&marketplace=yes&flow=no,https://cdn.filestackcontent.com/KyqFmzJiQemnxjYtWJMn
Shooters World - Orlando,shootersworld-orlando,info@shootersworld.com,407-500-4867,United States/Florida/Orlando,,,305908,Home Defense Fundamentals,,1,19,0,0,0,0,0,0,https://fareharbor.com/embeds/calendar/shootersworld-orlando/items/305908/?asn=fhdn&asn-ref=miamistylerentals&ref=miamistylerentals&bookable-only=yes&full-items=yes&marketplace=yes&flow=no,"<script src=""https://fareharbor.com/embeds/script/calendar/shootersworld-orlando/items/305908/?asn=fhdn&asn-ref=miamistylerentals&ref=miamistylerentals&bookable-only=yes&full-items=yes&marketplace=yes&flow=no""></script>",https://fareharbor.com/embeds/book/shootersworld-orlando/items/305908/?asn=fhdn&asn-ref=miamistylerentals&ref=miamistylerentals&bookable-only=yes&full-items=yes&marketplace=yes&flow=no,https://cdn.filestackcontent.com/Ncmdr8OSZifogHZUg7Fb
Shooters World - Orlando,shootersworld-orlando,info@shootersworld.com,407-500-4867,United States/Florida/Orlando,,,306194,Ladies-Only: Multi-State Permit Class (Concealed Carry),,1,19,0,0,0,0,0,0,https://fareharbor.com/embeds/calendar/shootersworld-orlando/items/306194/?asn=fhdn&asn-ref=miamistylerentals&ref=miamistylerentals&bookable-only=yes&full-items=yes&marketplace=yes&flow=no,"<script src=""https://fareharbor.com/embeds/script/calendar/shootersworld-orlando/items/306194/?asn=fhdn&asn-ref=miamistylerentals&ref=miamistylerentals&bookable-only=yes&full-items=yes&marketplace=yes&flow=no""></script>",https://fareharbor.com/embeds/book/shootersworld-orlando/items/306194/?asn=fhdn&asn-ref=miamistylerentals&ref=miamistylerentals&bookable-only=yes&full-items=yes&marketplace=yes&flow=no,https://cdn.filestackcontent.com/fiVrrsc1QEGNLC5d3W3j
Shooters World - Orlando,shootersworld-orlando,info@shootersworld.com,407-500-4867,United States/Florida/Orlando,,,306197,Introduction to Handguns,,1,19,0,0,0,0,0,0,https://fareharbor.com/embeds/calendar/shootersworld-orlando/items/306197/?asn=fhdn&asn-ref=miamistylerentals&ref=miamistylerentals&bookable-only=yes&full-items=yes&marketplace=yes&flow=no,"<script src=""https://fareharbor.com/embeds/script/calendar/shootersworld-orlando/items/306197/?asn=fhdn&asn-ref=miamistylerentals&ref=miamistylerentals&bookable-only=yes&full-items=yes&marketplace=yes&flow=no""></script>",https://fareharbor.com/embeds/book/shootersworld-orlando/items/306197/?asn=fhdn&asn-ref=miamistylerentals&ref=miamistylerentals&bookable-only=yes&full-items=yes&marketplace=yes&flow=no,https://cdn.filestackcontent.com/r1ZnJCkeQRe3GCdObqIE
Shooters World - Orlando,shootersworld-orlando,info@shootersworld.com,407-500-4867,United States/Florida/Orlando,,,309310,Browning M1919 Machine Gun Experience,,1,19,0,0,0,0,0,0,https://fareharbor.com/embeds/calendar/shootersworld-orlando/items/309310/?asn=fhdn&asn-ref=miamistylerentals&ref=miamistylerentals&bookable-only=yes&full-items=yes&marketplace=yes&flow=no,"<script src=""https://fareharbor.com/embeds/script/calendar/shootersworld-orlando/items/309310/?asn=fhdn&asn-ref=miamistylerentals&ref=miamistylerentals&bookable-only=yes&full-items=yes&marketplace=yes&flow=no""></script>",https://fareharbor.com/embeds/book/shootersworld-orlando/items/309310/?asn=fhdn&asn-ref=miamistylerentals&ref=miamistylerentals&bookable-only=yes&full-items=yes&marketplace=yes&flow=no,https://cdn.filestackcontent.com/ixvoUVEKR6a3g56wVHSL
International Heli-Tours,orlandohelitours,info@orlandohelitours.com,407-239-8687,United States/Florida/Orlando,-81.47302,28.435146,314795,Universal • New Orlando Location,,1,19,0,0,0,0,0,0,https://fareharbor.com/embeds/calendar/orlandohelitours/items/314795/?asn=fhdn&asn-ref=miamistylerentals&ref=miamistylerentals&bookable-only=yes&full-items=yes&marketplace=yes&flow=no,"<script src=""https://fareharbor.com/embeds/script/calendar/orlandohelitours/items/314795/?asn=fhdn&asn-ref=miamistylerentals&ref=miamistylerentals&bookable-only=yes&full-items=yes&marketplace=yes&flow=no""></script>",https://fareharbor.com/embeds/book/orlandohelitours/items/314795/?asn=fhdn&asn-ref=miamistylerentals&ref=miamistylerentals&bookable-only=yes&full-items=yes&marketplace=yes&flow=no,https://cdn.filestackcontent.com/75hPRuzTRdKlyCo9aYKu
International Heli-Tours,orlandohelitours,info@orlandohelitours.com,407-239-8687,United States/Florida/Orlando,-81.47302,28.435146,314797,SeaWorld • New Orlando Location,,1,19,0,0,0,0,0,0,https://fareharbor.com/embeds/calendar/orlandohelitours/items/314797/?asn=fhdn&asn-ref=miamistylerentals&ref=miamistylerentals&bookable-only=yes&full-items=yes&marketplace=yes&flow=no,"<script src=""https://fareharbor.com/embeds/script/calendar/orlandohelitours/items/314797/?asn=fhdn&asn-ref=miamistylerentals&ref=miamistylerentals&bookable-only=yes&full-items=yes&marketplace=yes&flow=no""></script>",https://fareharbor.com/embeds/book/orlandohelitours/items/314797/?asn=fhdn&asn-ref=miamistylerentals&ref=miamistylerentals&bookable-only=yes&full-items=yes&marketplace=yes&flow=no,https://cdn.filestackcontent.com/ulZcpGTTxGNQ9nOs0E89
Ultimate Scuba LLC,okaydivers,info@ultscuba.com,(407) 591-0966,United States/Florida/Orlando,,,317119,SSI Search and Recovery,,1,19,0,0,0,0,0,0,https://fareharbor.com/embeds/calendar/okaydivers/items/317119/?asn=fhdn&asn-ref=miamistylerentals&ref=miamistylerentals&bookable-only=yes&full-items=yes&marketplace=yes&flow=no,"<script src=""https://fareharbor.com/embeds/script/calendar/okaydivers/items/317119/?asn=fhdn&asn-ref=miamistylerentals&ref=miamistylerentals&bookable-only=yes&full-items=yes&marketplace=yes&flow=no""></script>",https://fareharbor.com/embeds/book/okaydivers/items/317119/?asn=fhdn&asn-ref=miamistylerentals&ref=miamistylerentals&bookable-only=yes&full-items=yes&marketplace=yes&flow=no,
Ultimate Scuba LLC,okaydivers,info@ultscuba.com,(407) 591-0966,United States/Florida/Pompano Beach,,,317122,Boat Diving,,1,19,0,0,0,0,0,0,https://fareharbor.com/embeds/calendar/okaydivers/items/317122/?asn=fhdn&asn-ref=miamistylerentals&ref=miamistylerentals&bookable-only=yes&full-items=yes&marketplace=yes&flow=no,"<script src=""https://fareharbor.com/embeds/script/calendar/okaydivers/items/317122/?asn=fhdn&asn-ref=miamistylerentals&ref=miamistylerentals&bookable-only=yes&full-items=yes&marketplace=yes&flow=no""></script>",https://fareharbor.com/embeds/book/okaydivers/items/317122/?asn=fhdn&asn-ref=miamistylerentals&ref=miamistylerentals&bookable-only=yes&full-items=yes&marketplace=yes&flow=no,
Ultimate Scuba LLC,okaydivers,info@ultscuba.com,(407) 591-0966,United States/Florida/Orlando,,,317130,Wreck Diving,,1,19,0,0,0,0,0,0,https://fareharbor.com/embeds/calendar/okaydivers/items/317130/?asn=fhdn&asn-ref=miamistylerentals&ref=miamistylerentals&bookable-only=yes&full-items=yes&marketplace=yes&flow=no,"<script src=""https://fareharbor.com/embeds/script/calendar/okaydivers/items/317130/?asn=fhdn&asn-ref=miamistylerentals&ref=miamistylerentals&bookable-only=yes&full-items=yes&marketplace=yes&flow=no""></script>",https://fareharbor.com/embeds/book/okaydivers/items/317130/?asn=fhdn&asn-ref=miamistylerentals&ref=miamistylerentals&bookable-only=yes&full-items=yes&marketplace=yes&flow=no,
Ultimate Scuba LLC,okaydivers,info@ultscuba.com,(407) 591-0966,United States/Florida/Orlando,,,317131,Photo and Video,,1,19,0,0,0,0,0,0,https://fareharbor.com/embeds/calendar/okaydivers/items/317131/?asn=fhdn&asn-ref=miamistylerentals&ref=miamistylerentals&bookable-only=yes&full-items=yes&marketplace=yes&flow=no,"<script src=""https://fareharbor.com/embeds/script/calendar/okaydivers/items/317131/?asn=fhdn&asn-ref=miamistylerentals&ref=miamistylerentals&bookable-only=yes&full-items=yes&marketplace=yes&flow=no""></script>",https://fareharbor.com/embeds/book/okaydivers/items/317131/?asn=fhdn&asn-ref=miamistylerentals&ref=miamistylerentals&bookable-only=yes&full-items=yes&marketplace=yes&flow=no,
Ultimate Scuba LLC,okaydivers,info@ultscuba.com,(407) 591-0966,United States/Florida/Orlando,,,317134,Perfect Buoyancy,,1,19,0,0,0,0,0,0,https://fareharbor.com/embeds/calendar/okaydivers/items/317134/?asn=fhdn&asn-ref=miamistylerentals&ref=miamistylerentals&bookable-only=yes&full-items=yes&marketplace=yes&flow=no,"<script src=""https://fareharbor.com/embeds/script/calendar/okaydivers/items/317134/?asn=fhdn&asn-ref=miamistylerentals&ref=miamistylerentals&bookable-only=yes&full-items=yes&marketplace=yes&flow=no""></script>",https://fareharbor.com/embeds/book/okaydivers/items/317134/?asn=fhdn&asn-ref=miamistylerentals&ref=miamistylerentals&bookable-only=yes&full-items=yes&marketplace=yes&flow=no,
Ultimate Scuba LLC,okaydivers,info@ultscuba.com,(407) 591-0966,United States/Florida/Orlando,,,317156,Marine Ecology,,1,19,0,0,0,0,0,0,https://fareharbor.com/embeds/calendar/okaydivers/items/317156/?asn=fhdn&asn-ref=miamistylerentals&ref=miamistylerentals&bookable-only=yes&full-items=yes&marketplace=yes&flow=no,"<script src=""https://fareharbor.com/embeds/script/calendar/okaydivers/items/317156/?asn=fhdn&asn-ref=miamistylerentals&ref=miamistylerentals&bookable-only=yes&full-items=yes&marketplace=yes&flow=no""></script>",https://fareharbor.com/embeds/book/okaydivers/items/317156/?asn=fhdn&asn-ref=miamistylerentals&ref=miamistylerentals&bookable-only=yes&full-items=yes&marketplace=yes&flow=no,
Ultimate Scuba LLC,okaydivers,info@ultscuba.com,(407) 591-0966,United States/Florida/Orlando,,,317173,Equipment Techniques,,1,19,0,0,0,0,0,0,https://fareharbor.com/embeds/calendar/okaydivers/items/317173/?asn=fhdn&asn-ref=miamistylerentals&ref=miamistylerentals&bookable-only=yes&full-items=yes&marketplace=yes&flow=no,"<script src=""https://fareharbor.com/embeds/script/calendar/okaydivers/items/317173/?asn=fhdn&asn-ref=miamistylerentals&ref=miamistylerentals&bookable-only=yes&full-items=yes&marketplace=yes&flow=no""></script>",https://fareharbor.com/embeds/book/okaydivers/items/317173/?asn=fhdn&asn-ref=miamistylerentals&ref=miamistylerentals&bookable-only=yes&full-items=yes&marketplace=yes&flow=no,
International Exotics LLC,internationalexotics,Alex@Internationalexotics.com,(888)799-7677,United States/Florida/Orlando,,,343984,Lamborghini Huracan | Green,,1,19,0,0,0,0,0,0,https://fareharbor.com/embeds/calendar/internationalexotics/items/343984/?asn=fhdn&asn-ref=miamistylerentals&ref=miamistylerentals&bookable-only=yes&full-items=yes&marketplace=yes&flow=no,"<script src=""https://fareharbor.com/embeds/script/calendar/internationalexotics/items/343984/?asn=fhdn&asn-ref=miamistylerentals&ref=miamistylerentals&bookable-only=yes&full-items=yes&marketplace=yes&flow=no""></script>",https://fareharbor.com/embeds/book/internationalexotics/items/343984/?asn=fhdn&asn-ref=miamistylerentals&ref=miamistylerentals&bookable-only=yes&full-items=yes&marketplace=yes&flow=no,https://cdn.filestackcontent.com/YdjupnCLTuCEYoFnHSkR
International Exotics LLC,internationalexotics,Alex@Internationalexotics.com,(888)799-7677,United States/Florida/Orlando,,,343989,Ferrari 488 Spider | Red,,1,19,0,0,0,0,0,0,https://fareharbor.com/embeds/calendar/internationalexotics/items/343989/?asn=fhdn&asn-ref=miamistylerentals&ref=miamistylerentals&bookable-only=yes&full-items=yes&marketplace=yes&flow=no,"<script src=""https://fareharbor.com/embeds/script/calendar/internationalexotics/items/343989/?asn=fhdn&asn-ref=miamistylerentals&ref=miamistylerentals&bookable-only=yes&full-items=yes&marketplace=yes&flow=no""></script>",https://fareharbor.com/embeds/book/internationalexotics/items/343989/?asn=fhdn&asn-ref=miamistylerentals&ref=miamistylerentals&bookable-only=yes&full-items=yes&marketplace=yes&flow=no,https://cdn.filestackcontent.com/7r34rnRQgWzvwruMZWl0
Ultimate Scuba LLC,okaydivers,info@ultscuba.com,(407) 591-0966,United States/Florida/Orlando,,,350116,Advanced Wreck Diving,,1,19,0,0,0,0,0,0,https://fareharbor.com/embeds/calendar/okaydivers/items/350116/?asn=fhdn&asn-ref=miamistylerentals&ref=miamistylerentals&bookable-only=yes&full-items=yes&marketplace=yes&flow=no,"<script src=""https://fareharbor.com/embeds/script/calendar/okaydivers/items/350116/?asn=fhdn&asn-ref=miamistylerentals&ref=miamistylerentals&bookable-only=yes&full-items=yes&marketplace=yes&flow=no""></script>",https://fareharbor.com/embeds/book/okaydivers/items/350116/?asn=fhdn&asn-ref=miamistylerentals&ref=miamistylerentals&bookable-only=yes&full-items=yes&marketplace=yes&flow=no,
Lake Fairview Marina,lakefairviewmarina,info@lakefairviewmarina.com,407-295-0117,United States/Florida/Orlando,-81.41513,28.59617,375480,16ft Catamaran Rental,,1,19,0,0,0,0,0,416,https://fareharbor.com/embeds/calendar/lakefairviewmarina/items/375480/?asn=fhdn&asn-ref=miamistylerentals&ref=miamistylerentals&bookable-only=yes&full-items=yes&marketplace=yes&flow=no,"<script src=""https://fareharbor.com/embeds/script/calendar/lakefairviewmarina/items/375480/?asn=fhdn&asn-ref=miamistylerentals&ref=miamistylerentals&bookable-only=yes&full-items=yes&marketplace=yes&flow=no""></script>",https://fareharbor.com/embeds/book/lakefairviewmarina/items/375480/?asn=fhdn&asn-ref=miamistylerentals&ref=miamistylerentals&bookable-only=yes&full-items=yes&marketplace=yes&flow=no,https://cdn.filestackcontent.com/ydfGZfXSSMSmYUDgAOWO
Lake Fairview Marina,lakefairviewmarina,info@lakefairviewmarina.com,407-295-0117,United States/Florida/Orlando,-81.41513,28.59617,375486,Waterside Tiki Hut Rental,,1,19,0,0,0,0,0,0,https://fareharbor.com/embeds/calendar/lakefairviewmarina/items/375486/?asn=fhdn&asn-ref=miamistylerentals&ref=miamistylerentals&bookable-only=yes&full-items=yes&marketplace=yes&flow=no,"<script src=""https://fareharbor.com/embeds/script/calendar/lakefairviewmarina/items/375486/?asn=fhdn&asn-ref=miamistylerentals&ref=miamistylerentals&bookable-only=yes&full-items=yes&marketplace=yes&flow=no""></script>",https://fareharbor.com/embeds/book/lakefairviewmarina/items/375486/?asn=fhdn&asn-ref=miamistylerentals&ref=miamistylerentals&bookable-only=yes&full-items=yes&marketplace=yes&flow=no,https://cdn.filestackcontent.com/4sW5nnMRcylZ41uIo9TA
Shooters World - Orlando,shootersworld-orlando,info@shootersworld.com,407-500-4867,United States/Florida/Orlando,,,378616,G-License,,1,19,0,0,0,0,0,0,https://fareharbor.com/embeds/calendar/shootersworld-orlando/items/378616/?asn=fhdn&asn-ref=miamistylerentals&ref=miamistylerentals&bookable-only=yes&full-items=yes&marketplace=yes&flow=no,"<script src=""https://fareharbor.com/embeds/script/calendar/shootersworld-orlando/items/378616/?asn=fhdn&asn-ref=miamistylerentals&ref=miamistylerentals&bookable-only=yes&full-items=yes&marketplace=yes&flow=no""></script>",https://fareharbor.com/embeds/book/shootersworld-orlando/items/378616/?asn=fhdn&asn-ref=miamistylerentals&ref=miamistylerentals&bookable-only=yes&full-items=yes&marketplace=yes&flow=no,https://cdn.filestackcontent.com/RnU3DcOMS9mpLvFNfV8A
Shooters World - Orlando,shootersworld-orlando,info@shootersworld.com,407-500-4867,United States/Florida/Orlando,,,392341,Women's Defensive Pistol,,1,19,0,0,0,0,0,0,https://fareharbor.com/embeds/calendar/shootersworld-orlando/items/392341/?asn=fhdn&asn-ref=miamistylerentals&ref=miamistylerentals&bookable-only=yes&full-items=yes&marketplace=yes&flow=no,"<script src=""https://fareharbor.com/embeds/script/calendar/shootersworld-orlando/items/392341/?asn=fhdn&asn-ref=miamistylerentals&ref=miamistylerentals&bookable-only=yes&full-items=yes&marketplace=yes&flow=no""></script>",https://fareharbor.com/embeds/book/shootersworld-orlando/items/392341/?asn=fhdn&asn-ref=miamistylerentals&ref=miamistylerentals&bookable-only=yes&full-items=yes&marketplace=yes&flow=no,https://cdn.filestackcontent.com/Gm80AB01QmS98NeBlKNX
Shooters World - Orlando,shootersworld-orlando,info@shootersworld.com,407-500-4867,United States/Florida/Orlando,,,392370,Gun Safety for Children,,1,19,0,0,0,0,0,0,https://fareharbor.com/embeds/calendar/shootersworld-orlando/items/392370/?asn=fhdn&asn-ref=miamistylerentals&ref=miamistylerentals&bookable-only=yes&full-items=yes&marketplace=yes&flow=no,"<script src=""https://fareharbor.com/embeds/script/calendar/shootersworld-orlando/items/392370/?asn=fhdn&asn-ref=miamistylerentals&ref=miamistylerentals&bookable-only=yes&full-items=yes&marketplace=yes&flow=no""></script>",https://fareharbor.com/embeds/book/shootersworld-orlando/items/392370/?asn=fhdn&asn-ref=miamistylerentals&ref=miamistylerentals&bookable-only=yes&full-items=yes&marketplace=yes&flow=no,https://cdn.filestackcontent.com/31U1H3TIW8T76WytTwiQ
EM Group - Titanic: The Artifact Exhibition - Orlando,titanicorlando,reservationsorl@emgroup.com,407-248-1166,United States/Florida/Orlando,,,433478,TITANIC Speaker Series,,1,19,0,0,0,0,0,0,https://fareharbor.com/embeds/calendar/titanicorlando/items/433478/?asn=fhdn&asn-ref=miamistylerentals&ref=miamistylerentals&bookable-only=yes&full-items=yes&marketplace=yes&flow=no,"<script src=""https://fareharbor.com/embeds/script/calendar/titanicorlando/items/433478/?asn=fhdn&asn-ref=miamistylerentals&ref=miamistylerentals&bookable-only=yes&full-items=yes&marketplace=yes&flow=no""></script>",https://fareharbor.com/embeds/book/titanicorlando/items/433478/?asn=fhdn&asn-ref=miamistylerentals&ref=miamistylerentals&bookable-only=yes&full-items=yes&marketplace=yes&flow=no,
Ultimate Scuba LLC,okaydivers,info@ultscuba.com,(407) 591-0966,United States/Florida/Orlando,,,444959,RAID Nitrox Diver,,1,19,0,0,0,0,0,0,https://fareharbor.com/embeds/calendar/okaydivers/items/444959/?asn=fhdn&asn-ref=miamistylerentals&ref=miamistylerentals&bookable-only=yes&full-items=yes&marketplace=yes&flow=no,"<script src=""https://fareharbor.com/embeds/script/calendar/okaydivers/items/444959/?asn=fhdn&asn-ref=miamistylerentals&ref=miamistylerentals&bookable-only=yes&full-items=yes&marketplace=yes&flow=no""></script>",https://fareharbor.com/embeds/book/okaydivers/items/444959/?asn=fhdn&asn-ref=miamistylerentals&ref=miamistylerentals&bookable-only=yes&full-items=yes&marketplace=yes&flow=no,
EM Group - Titanic: The Artifact Exhibition - Orlando,titanicorlando,reservationsorl@emgroup.com,407-248-1166,United States/Florida/Orlando,,,447615,Titanic Teatime,,1,19,0,0,0,0,0,0,https://fareharbor.com/embeds/calendar/titanicorlando/items/447615/?asn=fhdn&asn-ref=miamistylerentals&ref=miamistylerentals&bookable-only=yes&full-items=yes&marketplace=yes&flow=no,"<script src=""https://fareharbor.com/embeds/script/calendar/titanicorlando/items/447615/?asn=fhdn&asn-ref=miamistylerentals&ref=miamistylerentals&bookable-only=yes&full-items=yes&marketplace=yes&flow=no""></script>",https://fareharbor.com/embeds/book/titanicorlando/items/447615/?asn=fhdn&asn-ref=miamistylerentals&ref=miamistylerentals&bookable-only=yes&full-items=yes&marketplace=yes&flow=no,
EM Group - Titanic: The Artifact Exhibition - Orlando,titanicorlando,reservationsorl@emgroup.com,407-248-1166,United States/Florida/Orlando,,,454030,TITANIC Teacher Night,,1,19,0,0,0,0,0,0,https://fareharbor.com/embeds/calendar/titanicorlando/items/454030/?asn=fhdn&asn-ref=miamistylerentals&ref=miamistylerentals&bookable-only=yes&full-items=yes&marketplace=yes&flow=no,"<script src=""https://fareharbor.com/embeds/script/calendar/titanicorlando/items/454030/?asn=fhdn&asn-ref=miamistylerentals&ref=miamistylerentals&bookable-only=yes&full-items=yes&marketplace=yes&flow=no""></script>",https://fareharbor.com/embeds/book/titanicorlando/items/454030/?asn=fhdn&asn-ref=miamistylerentals&ref=miamistylerentals&bookable-only=yes&full-items=yes&marketplace=yes&flow=no,
Ultimate Scuba LLC,okaydivers,info@ultscuba.com,(407) 591-0966,United States/Florida/Orlando,,,460165,RAID Oxygen Administration,,1,19,0,0,0,0,0,0,https://fareharbor.com/embeds/calendar/okaydivers/items/460165/?asn=fhdn&asn-ref=miamistylerentals&ref=miamistylerentals&bookable-only=yes&full-items=yes&marketplace=yes&flow=no,"<script src=""https://fareharbor.com/embeds/script/calendar/okaydivers/items/460165/?asn=fhdn&asn-ref=miamistylerentals&ref=miamistylerentals&bookable-only=yes&full-items=yes&marketplace=yes&flow=no""></script>",https://fareharbor.com/embeds/book/okaydivers/items/460165/?asn=fhdn&asn-ref=miamistylerentals&ref=miamistylerentals&bookable-only=yes&full-items=yes&marketplace=yes&flow=no,
Ultimate Scuba LLC,okaydivers,info@ultscuba.com,(407) 591-0966,United States/Florida/Orlando,,,473375,RAID Try Dive,,1,19,0,0,0,0,0,0,https://fareharbor.com/embeds/calendar/okaydivers/items/473375/?asn=fhdn&asn-ref=miamistylerentals&ref=miamistylerentals&bookable-only=yes&full-items=yes&marketplace=yes&flow=no,"<script src=""https://fareharbor.com/embeds/script/calendar/okaydivers/items/473375/?asn=fhdn&asn-ref=miamistylerentals&ref=miamistylerentals&bookable-only=yes&full-items=yes&marketplace=yes&flow=no""></script>",https://fareharbor.com/embeds/book/okaydivers/items/473375/?asn=fhdn&asn-ref=miamistylerentals&ref=miamistylerentals&bookable-only=yes&full-items=yes&marketplace=yes&flow=no,
Ultimate Scuba LLC,okaydivers,info@ultscuba.com,(407) 591-0966,United States/Florida/Orlando,,,473733,Key Largo Trip,,1,19,0,0,0,0,0,0,https://fareharbor.com/embeds/calendar/okaydivers/items/473733/?asn=fhdn&asn-ref=miamistylerentals&ref=miamistylerentals&bookable-only=yes&full-items=yes&marketplace=yes&flow=no,"<script src=""https://fareharbor.com/embeds/script/calendar/okaydivers/items/473733/?asn=fhdn&asn-ref=miamistylerentals&ref=miamistylerentals&bookable-only=yes&full-items=yes&marketplace=yes&flow=no""></script>",https://fareharbor.com/embeds/book/okaydivers/items/473733/?asn=fhdn&asn-ref=miamistylerentals&ref=miamistylerentals&bookable-only=yes&full-items=yes&marketplace=yes&flow=no,
Shooters World - Orlando,shootersworld-orlando,info@shootersworld.com,407-500-4867,United States/Florida/Orlando,,,478227,Permitless Carry Concepts,,1,19,0,0,0,0,0,0,https://fareharbor.com/embeds/calendar/shootersworld-orlando/items/478227/?asn=fhdn&asn-ref=miamistylerentals&ref=miamistylerentals&bookable-only=yes&full-items=yes&marketplace=yes&flow=no,"<script src=""https://fareharbor.com/embeds/script/calendar/shootersworld-orlando/items/478227/?asn=fhdn&asn-ref=miamistylerentals&ref=miamistylerentals&bookable-only=yes&full-items=yes&marketplace=yes&flow=no""></script>",https://fareharbor.com/embeds/book/shootersworld-orlando/items/478227/?asn=fhdn&asn-ref=miamistylerentals&ref=miamistylerentals&bookable-only=yes&full-items=yes&marketplace=yes&flow=no,https://cdn.filestackcontent.com/Fz5jAGRAG4AoQguj7nZA
Venture Outdoors,ventureoutdoorsllc,astrid@ventureoutdoorsflorida.com,1-407-267-9950,United States/Florida/Chuluota,,,484989,Kayak Rescue Clinic: Mastering Vital Water Safety Skills,,1,19,0,0,0,0,0,0,https://fareharbor.com/embeds/calendar/ventureoutdoorsllc/items/484989/?asn=fhdn&asn-ref=miamistylerentals&ref=miamistylerentals&bookable-only=yes&full-items=yes&marketplace=yes&flow=no,"<script src=""https://fareharbor.com/embeds/script/calendar/ventureoutdoorsllc/items/484989/?asn=fhdn&asn-ref=miamistylerentals&ref=miamistylerentals&bookable-only=yes&full-items=yes&marketplace=yes&flow=no""></script>",https://fareharbor.com/embeds/book/ventureoutdoorsllc/items/484989/?asn=fhdn&asn-ref=miamistylerentals&ref=miamistylerentals&bookable-only=yes&full-items=yes&marketplace=yes&flow=no,https://cdn.filestackcontent.com/lq4Y6T6bQ6qmQ1LMISNR
Ultimate Scuba LLC,okaydivers,info@ultscuba.com,(407) 591-0966,United States/Florida/Orlando,,,492235,RAID Boat Diver,,1,19,0,0,0,0,0,0,https://fareharbor.com/embeds/calendar/okaydivers/items/492235/?asn=fhdn&asn-ref=miamistylerentals&ref=miamistylerentals&bookable-only=yes&full-items=yes&marketplace=yes&flow=no,"<script src=""https://fareharbor.com/embeds/script/calendar/okaydivers/items/492235/?asn=fhdn&asn-ref=miamistylerentals&ref=miamistylerentals&bookable-only=yes&full-items=yes&marketplace=yes&flow=no""></script>",https://fareharbor.com/embeds/book/okaydivers/items/492235/?asn=fhdn&asn-ref=miamistylerentals&ref=miamistylerentals&bookable-only=yes&full-items=yes&marketplace=yes&flow=no,
Ultimate Scuba LLC,okaydivers,info@ultscuba.com,(407) 591-0966,United States/Florida/Orlando,,,492240,RAID Deep 40,,1,19,0,0,0,0,0,0,https://fareharbor.com/embeds/calendar/okaydivers/items/492240/?asn=fhdn&asn-ref=miamistylerentals&ref=miamistylerentals&bookable-only=yes&full-items=yes&marketplace=yes&flow=no,"<script src=""https://fareharbor.com/embeds/script/calendar/okaydivers/items/492240/?asn=fhdn&asn-ref=miamistylerentals&ref=miamistylerentals&bookable-only=yes&full-items=yes&marketplace=yes&flow=no""></script>",https://fareharbor.com/embeds/book/okaydivers/items/492240/?asn=fhdn&asn-ref=miamistylerentals&ref=miamistylerentals&bookable-only=yes&full-items=yes&marketplace=yes&flow=no,
Ultimate Scuba LLC,okaydivers,info@ultscuba.com,(407) 591-0966,United States/Florida/Orlando,,,492241,RAID Drysuit Diver specialty course,,1,19,0,0,0,0,0,0,https://fareharbor.com/embeds/calendar/okaydivers/items/492241/?asn=fhdn&asn-ref=miamistylerentals&ref=miamistylerentals&bookable-only=yes&full-items=yes&marketplace=yes&flow=no,"<script src=""https://fareharbor.com/embeds/script/calendar/okaydivers/items/492241/?asn=fhdn&asn-ref=miamistylerentals&ref=miamistylerentals&bookable-only=yes&full-items=yes&marketplace=yes&flow=no""></script>",https://fareharbor.com/embeds/book/okaydivers/items/492241/?asn=fhdn&asn-ref=miamistylerentals&ref=miamistylerentals&bookable-only=yes&full-items=yes&marketplace=yes&flow=no,
Ultimate Scuba LLC,okaydivers,info@ultscuba.com,(407) 591-0966,United States/Florida/Orlando,,,492249,RAID Equipment Specialty,,1,19,0,0,0,0,0,0,https://fareharbor.com/embeds/calendar/okaydivers/items/492249/?asn=fhdn&asn-ref=miamistylerentals&ref=miamistylerentals&bookable-only=yes&full-items=yes&marketplace=yes&flow=no,"<script src=""https://fareharbor.com/embeds/script/calendar/okaydivers/items/492249/?asn=fhdn&asn-ref=miamistylerentals&ref=miamistylerentals&bookable-only=yes&full-items=yes&marketplace=yes&flow=no""></script>",https://fareharbor.com/embeds/book/okaydivers/items/492249/?asn=fhdn&asn-ref=miamistylerentals&ref=miamistylerentals&bookable-only=yes&full-items=yes&marketplace=yes&flow=no,
Ultimate Scuba LLC,okaydivers,info@ultscuba.com,(407) 591-0966,United States/Florida/Orlando,,,492251,RAID Navigation,,1,19,0,0,0,0,0,0,https://fareharbor.com/embeds/calendar/okaydivers/items/492251/?asn=fhdn&asn-ref=miamistylerentals&ref=miamistylerentals&bookable-only=yes&full-items=yes&marketplace=yes&flow=no,"<script src=""https://fareharbor.com/embeds/script/calendar/okaydivers/items/492251/?asn=fhdn&asn-ref=miamistylerentals&ref=miamistylerentals&bookable-only=yes&full-items=yes&marketplace=yes&flow=no""></script>",https://fareharbor.com/embeds/book/okaydivers/items/492251/?asn=fhdn&asn-ref=miamistylerentals&ref=miamistylerentals&bookable-only=yes&full-items=yes&marketplace=yes&flow=no,
Ultimate Scuba LLC,okaydivers,info@ultscuba.com,(407) 591-0966,United States/Florida/Orlando,,,492252,RAID Night and Limited Visibility,,1,19,0,0,0,0,0,0,https://fareharbor.com/embeds/calendar/okaydivers/items/492252/?asn=fhdn&asn-ref=miamistylerentals&ref=miamistylerentals&bookable-only=yes&full-items=yes&marketplace=yes&flow=no,"<script src=""https://fareharbor.com/embeds/script/calendar/okaydivers/items/492252/?asn=fhdn&asn-ref=miamistylerentals&ref=miamistylerentals&bookable-only=yes&full-items=yes&marketplace=yes&flow=no""></script>",https://fareharbor.com/embeds/book/okaydivers/items/492252/?asn=fhdn&asn-ref=miamistylerentals&ref=miamistylerentals&bookable-only=yes&full-items=yes&marketplace=yes&flow=no,
Ultimate Scuba LLC,okaydivers,info@ultscuba.com,(407) 591-0966,United States/Florida/Orlando,,,492253,RAID First Aid,,1,19,0,0,0,0,0,0,https://fareharbor.com/embeds/calendar/okaydivers/items/492253/?asn=fhdn&asn-ref=miamistylerentals&ref=miamistylerentals&bookable-only=yes&full-items=yes&marketplace=yes&flow=no,"<script src=""https://fareharbor.com/embeds/script/calendar/okaydivers/items/492253/?asn=fhdn&asn-ref=miamistylerentals&ref=miamistylerentals&bookable-only=yes&full-items=yes&marketplace=yes&flow=no""></script>",https://fareharbor.com/embeds/book/okaydivers/items/492253/?asn=fhdn&asn-ref=miamistylerentals&ref=miamistylerentals&bookable-only=yes&full-items=yes&marketplace=yes&flow=no,https://cdn.filestackcontent.com/sm4HTyrWQL6a6ejhzbqN
Ultimate Scuba LLC,okaydivers,info@ultscuba.com,(407) 591-0966,United States/Florida/Orlando,,,492259,RAID Search and Recovery,,1,19,0,0,0,0,0,0,https://fareharbor.com/embeds/calendar/okaydivers/items/492259/?asn=fhdn&asn-ref=miamistylerentals&ref=miamistylerentals&bookable-only=yes&full-items=yes&marketplace=yes&flow=no,"<script src=""https://fareharbor.com/embeds/script/calendar/okaydivers/items/492259/?asn=fhdn&asn-ref=miamistylerentals&ref=miamistylerentals&bookable-only=yes&full-items=yes&marketplace=yes&flow=no""></script>",https://fareharbor.com/embeds/book/okaydivers/items/492259/?asn=fhdn&asn-ref=miamistylerentals&ref=miamistylerentals&bookable-only=yes&full-items=yes&marketplace=yes&flow=no,
Ultimate Scuba LLC,okaydivers,info@ultscuba.com,(407) 591-0966,United States/Florida/Orlando,,,492263,RAID Wreck Diver (No penetration),,1,19,0,0,0,0,0,0,https://fareharbor.com/embeds/calendar/okaydivers/items/492263/?asn=fhdn&asn-ref=miamistylerentals&ref=miamistylerentals&bookable-only=yes&full-items=yes&marketplace=yes&flow=no,"<script src=""https://fareharbor.com/embeds/script/calendar/okaydivers/items/492263/?asn=fhdn&asn-ref=miamistylerentals&ref=miamistylerentals&bookable-only=yes&full-items=yes&marketplace=yes&flow=no""></script>",https://fareharbor.com/embeds/book/okaydivers/items/492263/?asn=fhdn&asn-ref=miamistylerentals&ref=miamistylerentals&bookable-only=yes&full-items=yes&marketplace=yes&flow=no,
Ultimate Scuba LLC,okaydivers,info@ultscuba.com,(407) 591-0966,United States/Florida/Orlando,,,492265,RAID DIvemaster,,1,19,0,0,0,0,0,0,https://fareharbor.com/embeds/calendar/okaydivers/items/492265/?asn=fhdn&asn-ref=miamistylerentals&ref=miamistylerentals&bookable-only=yes&full-items=yes&marketplace=yes&flow=no,"<script src=""https://fareharbor.com/embeds/script/calendar/okaydivers/items/492265/?asn=fhdn&asn-ref=miamistylerentals&ref=miamistylerentals&bookable-only=yes&full-items=yes&marketplace=yes&flow=no""></script>",https://fareharbor.com/embeds/book/okaydivers/items/492265/?asn=fhdn&asn-ref=miamistylerentals&ref=miamistylerentals&bookable-only=yes&full-items=yes&marketplace=yes&flow=no,
Ultimate Scuba LLC,okaydivers,info@ultscuba.com,(407) 591-0966,United States/Florida/Orlando,,,492985,RAID Performance Diver,,1,19,0,0,0,0,0,0,https://fareharbor.com/embeds/calendar/okaydivers/items/492985/?asn=fhdn&asn-ref=miamistylerentals&ref=miamistylerentals&bookable-only=yes&full-items=yes&marketplace=yes&flow=no,"<script src=""https://fareharbor.com/embeds/script/calendar/okaydivers/items/492985/?asn=fhdn&asn-ref=miamistylerentals&ref=miamistylerentals&bookable-only=yes&full-items=yes&marketplace=yes&flow=no""></script>",https://fareharbor.com/embeds/book/okaydivers/items/492985/?asn=fhdn&asn-ref=miamistylerentals&ref=miamistylerentals&bookable-only=yes&full-items=yes&marketplace=yes&flow=no,
Ultimate Scuba LLC,okaydivers,info@ultscuba.com,(407) 591-0966,United States/Florida/Orlando,,,497100,Dive Excursion: Devil's Den,,1,19,0,0,0,0,0,0,https://fareharbor.com/embeds/calendar/okaydivers/items/497100/?asn=fhdn&asn-ref=miamistylerentals&ref=miamistylerentals&bookable-only=yes&full-items=yes&marketplace=yes&flow=no,"<script src=""https://fareharbor.com/embeds/script/calendar/okaydivers/items/497100/?asn=fhdn&asn-ref=miamistylerentals&ref=miamistylerentals&bookable-only=yes&full-items=yes&marketplace=yes&flow=no""></script>",https://fareharbor.com/embeds/book/okaydivers/items/497100/?asn=fhdn&asn-ref=miamistylerentals&ref=miamistylerentals&bookable-only=yes&full-items=yes&marketplace=yes&flow=no,
Ultimate Scuba LLC,okaydivers,info@ultscuba.com,(407) 591-0966,United States/Florida/Orlando,,,497106,SSI React Right Instructor,,1,19,0,0,0,0,0,0,https://fareharbor.com/embeds/calendar/okaydivers/items/497106/?asn=fhdn&asn-ref=miamistylerentals&ref=miamistylerentals&bookable-only=yes&full-items=yes&marketplace=yes&flow=no,"<script src=""https://fareharbor.com/embeds/script/calendar/okaydivers/items/497106/?asn=fhdn&asn-ref=miamistylerentals&ref=miamistylerentals&bookable-only=yes&full-items=yes&marketplace=yes&flow=no""></script>",https://fareharbor.com/embeds/book/okaydivers/items/497106/?asn=fhdn&asn-ref=miamistylerentals&ref=miamistylerentals&bookable-only=yes&full-items=yes&marketplace=yes&flow=no,
Ultimate Scuba LLC,okaydivers,info@ultscuba.com,(407) 591-0966,United States/Florida/Orlando,,,499586,SSI Shark Ecology,,1,19,0,0,0,0,0,0,https://fareharbor.com/embeds/calendar/okaydivers/items/499586/?asn=fhdn&asn-ref=miamistylerentals&ref=miamistylerentals&bookable-only=yes&full-items=yes&marketplace=yes&flow=no,"<script src=""https://fareharbor.com/embeds/script/calendar/okaydivers/items/499586/?asn=fhdn&asn-ref=miamistylerentals&ref=miamistylerentals&bookable-only=yes&full-items=yes&marketplace=yes&flow=no""></script>",https://fareharbor.com/embeds/book/okaydivers/items/499586/?asn=fhdn&asn-ref=miamistylerentals&ref=miamistylerentals&bookable-only=yes&full-items=yes&marketplace=yes&flow=no,
Ultimate Scuba LLC,okaydivers,info@ultscuba.com,(407) 591-0966,United States/Florida/Williston,-82.486592,29.387829,523153,Guided Dives at Blue Grotto and Devil's Den,,1,19,0,0,0,0,0,0,https://fareharbor.com/embeds/calendar/okaydivers/items/523153/?asn=fhdn&asn-ref=miamistylerentals&ref=miamistylerentals&bookable-only=yes&full-items=yes&marketplace=yes&flow=no,"<script src=""https://fareharbor.com/embeds/script/calendar/okaydivers/items/523153/?asn=fhdn&asn-ref=miamistylerentals&ref=miamistylerentals&bookable-only=yes&full-items=yes&marketplace=yes&flow=no""></script>",https://fareharbor.com/embeds/book/okaydivers/items/523153/?asn=fhdn&asn-ref=miamistylerentals&ref=miamistylerentals&bookable-only=yes&full-items=yes&marketplace=yes&flow=no,
Central Florida Boating Association,cflboating,info@cflboating.org,407-205-2654,United States/Florida/Orlando,-81.369503,28.479981,531190,Youth Introduction to Sailing,,1,19,0,0,0,0,0,0,https://fareharbor.com/embeds/calendar/cflboating/items/531190/?asn=fhdn&asn-ref=miamistylerentals&ref=miamistylerentals&bookable-only=yes&full-items=yes&marketplace=yes&flow=no,"<script src=""https://fareharbor.com/embeds/script/calendar/cflboating/items/531190/?asn=fhdn&asn-ref=miamistylerentals&ref=miamistylerentals&bookable-only=yes&full-items=yes&marketplace=yes&flow=no""></script>",https://fareharbor.com/embeds/book/cflboating/items/531190/?asn=fhdn&asn-ref=miamistylerentals&ref=miamistylerentals&bookable-only=yes&full-items=yes&marketplace=yes&flow=no,https://cdn.filestackcontent.com/tjWLimSaSbKZAGD4ivaF
EM Group - Titanic: The Artifact Exhibition - Orlando,titanicorlando,reservationsorl@emgroup.com,407-248-1166,United States/Florida/Orlando,,,533787,Night at the Exhibition Event,,1,19,0,0,0,0,0,0,https://fareharbor.com/embeds/calendar/titanicorlando/items/533787/?asn=fhdn&asn-ref=miamistylerentals&ref=miamistylerentals&bookable-only=yes&full-items=yes&marketplace=yes&flow=no,"<script src=""https://fareharbor.com/embeds/script/calendar/titanicorlando/items/533787/?asn=fhdn&asn-ref=miamistylerentals&ref=miamistylerentals&bookable-only=yes&full-items=yes&marketplace=yes&flow=no""></script>",https://fareharbor.com/embeds/book/titanicorlando/items/533787/?asn=fhdn&asn-ref=miamistylerentals&ref=miamistylerentals&bookable-only=yes&full-items=yes&marketplace=yes&flow=no,
Ultimate Scuba LLC,okaydivers,info@ultscuba.com,(407) 591-0966,United States/Florida/Orlando,,,542658,RAID Deco 40,,1,19,0,0,0,0,0,0,https://fareharbor.com/embeds/calendar/okaydivers/items/542658/?asn=fhdn&asn-ref=miamistylerentals&ref=miamistylerentals&bookable-only=yes&full-items=yes&marketplace=yes&flow=no,"<script src=""https://fareharbor.com/embeds/script/calendar/okaydivers/items/542658/?asn=fhdn&asn-ref=miamistylerentals&ref=miamistylerentals&bookable-only=yes&full-items=yes&marketplace=yes&flow=no""></script>",https://fareharbor.com/embeds/book/okaydivers/items/542658/?asn=fhdn&asn-ref=miamistylerentals&ref=miamistylerentals&bookable-only=yes&full-items=yes&marketplace=yes&flow=no,
Ultimate Scuba LLC,okaydivers,info@ultscuba.com,(407) 591-0966,United States/Florida/Orlando,,,544404,RAID Cavern Diver,,1,19,0,0,0,0,0,0,https://fareharbor.com/embeds/calendar/okaydivers/items/544404/?asn=fhdn&asn-ref=miamistylerentals&ref=miamistylerentals&bookable-only=yes&full-items=yes&marketplace=yes&flow=no,"<script src=""https://fareharbor.com/embeds/script/calendar/okaydivers/items/544404/?asn=fhdn&asn-ref=miamistylerentals&ref=miamistylerentals&bookable-only=yes&full-items=yes&marketplace=yes&flow=no""></script>",https://fareharbor.com/embeds/book/okaydivers/items/544404/?asn=fhdn&asn-ref=miamistylerentals&ref=miamistylerentals&bookable-only=yes&full-items=yes&marketplace=yes&flow=no,
Fabulous Buses,fabulousbuses,info@fabulousbuses.com,(407)885-1252,United States/Florida/Orlando,-81.470234,28.472727,558034,Westgate Lakes Resort & Spa - Epic Universe,,1,19,0,0,0,0,0,0,https://fareharbor.com/embeds/calendar/fabulousbuses/items/558034/?asn=fhdn&asn-ref=miamistylerentals&ref=miamistylerentals&bookable-only=yes&full-items=yes&marketplace=yes&flow=no,"<script src=""https://fareharbor.com/embeds/script/calendar/fabulousbuses/items/558034/?asn=fhdn&asn-ref=miamistylerentals&ref=miamistylerentals&bookable-only=yes&full-items=yes&marketplace=yes&flow=no""></script>",https://fareharbor.com/embeds/book/fabulousbuses/items/558034/?asn=fhdn&asn-ref=miamistylerentals&ref=miamistylerentals&bookable-only=yes&full-items=yes&marketplace=yes&flow=no,https://cdn.filestackcontent.com/supogdzRSxWdB3O8zMF2
International Exotics LLC,internationalexotics,Alex@Internationalexotics.com,(888)799-7677,United States/Florida/Orlando,,,558886,Lamborghini Urus | Red,,1,19,0,0,0,0,0,0,https://fareharbor.com/embeds/calendar/internationalexotics/items/558886/?asn=fhdn&asn-ref=miamistylerentals&ref=miamistylerentals&bookable-only=yes&full-items=yes&marketplace=yes&flow=no,"<script src=""https://fareharbor.com/embeds/script/calendar/internationalexotics/items/558886/?asn=fhdn&asn-ref=miamistylerentals&ref=miamistylerentals&bookable-only=yes&full-items=yes&marketplace=yes&flow=no""></script>",https://fareharbor.com/embeds/book/internationalexotics/items/558886/?asn=fhdn&asn-ref=miamistylerentals&ref=miamistylerentals&bookable-only=yes&full-items=yes&marketplace=yes&flow=no,https://cdn.filestackcontent.com/B7JQ4dNSpC92LTJOiuDe
International Exotics LLC,internationalexotics,Alex@Internationalexotics.com,(888)799-7677,United States/Florida/Orlando,,,558932,Rolls Royce Cullinan | White,,1,19,0,0,0,0,0,0,https://fareharbor.com/embeds/calendar/internationalexotics/items/558932/?asn=fhdn&asn-ref=miamistylerentals&ref=miamistylerentals&bookable-only=yes&full-items=yes&marketplace=yes&flow=no,"<script src=""https://fareharbor.com/embeds/script/calendar/internationalexotics/items/558932/?asn=fhdn&asn-ref=miamistylerentals&ref=miamistylerentals&bookable-only=yes&full-items=yes&marketplace=yes&flow=no""></script>",https://fareharbor.com/embeds/book/internationalexotics/items/558932/?asn=fhdn&asn-ref=miamistylerentals&ref=miamistylerentals&bookable-only=yes&full-items=yes&marketplace=yes&flow=no,https://cdn.filestackcontent.com/Jii8XvMjSgyKyvaPQkME
International Exotics LLC,internationalexotics,Alex@Internationalexotics.com,(888)799-7677,United States/Florida/Orlando,,,558937,Lamborghini Huracan Evo Spyder | Orange,,1,19,0,0,0,0,0,0,https://fareharbor.com/embeds/calendar/internationalexotics/items/558937/?asn=fhdn&asn-ref=miamistylerentals&ref=miamistylerentals&bookable-only=yes&full-items=yes&marketplace=yes&flow=no,"<script src=""https://fareharbor.com/embeds/script/calendar/internationalexotics/items/558937/?asn=fhdn&asn-ref=miamistylerentals&ref=miamistylerentals&bookable-only=yes&full-items=yes&marketplace=yes&flow=no""></script>",https://fareharbor.com/embeds/book/internationalexotics/items/558937/?asn=fhdn&asn-ref=miamistylerentals&ref=miamistylerentals&bookable-only=yes&full-items=yes&marketplace=yes&flow=no,https://cdn.filestackcontent.com/57CnkTGSby4QonThRUY7
International Exotics LLC,internationalexotics,Alex@Internationalexotics.com,(888)799-7677,United States/Florida/Orlando,,,558940,Audi RSQ8 | Silver,,1,19,0,0,0,0,0,0,https://fareharbor.com/embeds/calendar/internationalexotics/items/558940/?asn=fhdn&asn-ref=miamistylerentals&ref=miamistylerentals&bookable-only=yes&full-items=yes&marketplace=yes&flow=no,"<script src=""https://fareharbor.com/embeds/script/calendar/internationalexotics/items/558940/?asn=fhdn&asn-ref=miamistylerentals&ref=miamistylerentals&bookable-only=yes&full-items=yes&marketplace=yes&flow=no""></script>",https://fareharbor.com/embeds/book/internationalexotics/items/558940/?asn=fhdn&asn-ref=miamistylerentals&ref=miamistylerentals&bookable-only=yes&full-items=yes&marketplace=yes&flow=no,https://cdn.filestackcontent.com/F7yzpRYtSSuV4JwCyMnV
International Exotics LLC,internationalexotics,Alex@Internationalexotics.com,(888)799-7677,United States/Florida/Orlando,,,558941,Lamborghini Huracan Evo | Black,,1,19,0,0,0,0,0,0,https://fareharbor.com/embeds/calendar/internationalexotics/items/558941/?asn=fhdn&asn-ref=miamistylerentals&ref=miamistylerentals&bookable-only=yes&full-items=yes&marketplace=yes&flow=no,"<script src=""https://fareharbor.com/embeds/script/calendar/internationalexotics/items/558941/?asn=fhdn&asn-ref=miamistylerentals&ref=miamistylerentals&bookable-only=yes&full-items=yes&marketplace=yes&flow=no""></script>",https://fareharbor.com/embeds/book/internationalexotics/items/558941/?asn=fhdn&asn-ref=miamistylerentals&ref=miamistylerentals&bookable-only=yes&full-items=yes&marketplace=yes&flow=no,https://cdn.filestackcontent.com/m9PSoUBwThq32p6MGhZd
International Exotics LLC,internationalexotics,Alex@Internationalexotics.com,(888)799-7677,United States/Florida/Orlando,,,558972,Corvette C8 | Grey,,1,19,0,0,0,0,0,0,https://fareharbor.com/embeds/calendar/internationalexotics/items/558972/?asn=fhdn&asn-ref=miamistylerentals&ref=miamistylerentals&bookable-only=yes&full-items=yes&marketplace=yes&flow=no,"<script src=""https://fareharbor.com/embeds/script/calendar/internationalexotics/items/558972/?asn=fhdn&asn-ref=miamistylerentals&ref=miamistylerentals&bookable-only=yes&full-items=yes&marketplace=yes&flow=no""></script>",https://fareharbor.com/embeds/book/internationalexotics/items/558972/?asn=fhdn&asn-ref=miamistylerentals&ref=miamistylerentals&bookable-only=yes&full-items=yes&marketplace=yes&flow=no,https://cdn.filestackcontent.com/knzFqxNUTo2Z0pp1nq1h
International Exotics LLC,internationalexotics,Alex@Internationalexotics.com,(888)799-7677,United States/Florida/Orlando,,,558981,Range Rover SE | Black,,1,19,0,0,0,0,0,0,https://fareharbor.com/embeds/calendar/internationalexotics/items/558981/?asn=fhdn&asn-ref=miamistylerentals&ref=miamistylerentals&bookable-only=yes&full-items=yes&marketplace=yes&flow=no,"<script src=""https://fareharbor.com/embeds/script/calendar/internationalexotics/items/558981/?asn=fhdn&asn-ref=miamistylerentals&ref=miamistylerentals&bookable-only=yes&full-items=yes&marketplace=yes&flow=no""></script>",https://fareharbor.com/embeds/book/internationalexotics/items/558981/?asn=fhdn&asn-ref=miamistylerentals&ref=miamistylerentals&bookable-only=yes&full-items=yes&marketplace=yes&flow=no,https://cdn.filestackcontent.com/xSswyyOpQn2xfG705DVc
International Exotics LLC,internationalexotics,Alex@Internationalexotics.com,(888)799-7677,United States/Florida/Orlando,,,558986,Escalade | Black,,1,19,0,0,0,0,0,0,https://fareharbor.com/embeds/calendar/internationalexotics/items/558986/?asn=fhdn&asn-ref=miamistylerentals&ref=miamistylerentals&bookable-only=yes&full-items=yes&marketplace=yes&flow=no,"<script src=""https://fareharbor.com/embeds/script/calendar/internationalexotics/items/558986/?asn=fhdn&asn-ref=miamistylerentals&ref=miamistylerentals&bookable-only=yes&full-items=yes&marketplace=yes&flow=no""></script>",https://fareharbor.com/embeds/book/internationalexotics/items/558986/?asn=fhdn&asn-ref=miamistylerentals&ref=miamistylerentals&bookable-only=yes&full-items=yes&marketplace=yes&flow=no,https://cdn.filestackcontent.com/VEiL6MNFQHiZYwiKgCkn
Shooters World - Orlando,shootersworld-orlando,info@shootersworld.com,407-500-4867,United States/Florida/Orlando,,,572832,How to Identify a Public Threat,,1,19,0,0,0,0,0,0,https://fareharbor.com/embeds/calendar/shootersworld-orlando/items/572832/?asn=fhdn&asn-ref=miamistylerentals&ref=miamistylerentals&bookable-only=yes&full-items=yes&marketplace=yes&flow=no,"<script src=""https://fareharbor.com/embeds/script/calendar/shootersworld-orlando/items/572832/?asn=fhdn&asn-ref=miamistylerentals&ref=miamistylerentals&bookable-only=yes&full-items=yes&marketplace=yes&flow=no""></script>",https://fareharbor.com/embeds/book/shootersworld-orlando/items/572832/?asn=fhdn&asn-ref=miamistylerentals&ref=miamistylerentals&bookable-only=yes&full-items=yes&marketplace=yes&flow=no,https://cdn.filestackcontent.com/4a3yQjT3TYqouuMggDgA
Shooters World - Orlando,shootersworld-orlando,info@shootersworld.com,407-500-4867,United States/Florida/Orlando,,,573304,The Aftermath of a Self-Defense Incident,,1,19,1,0,1,1,1,1,https://fareharbor.com/embeds/calendar/shootersworld-orlando/items/573304/?asn=fhdn&asn-ref=miamistylerentals&ref=miamistylerentals&bookable-only=yes&full-items=yes&marketplace=yes&flow=no,"<script src=""https://fareharbor.com/embeds/script/calendar/shootersworld-orlando/items/573304/?asn=fhdn&asn-ref=miamistylerentals&ref=miamistylerentals&bookable-only=yes&full-items=yes&marketplace=yes&flow=no""></script>",https://fareharbor.com/embeds/book/shootersworld-orlando/items/573304/?asn=fhdn&asn-ref=miamistylerentals&ref=miamistylerentals&bookable-only=yes&full-items=yes&marketplace=yes&flow=no,https://cdn.filestackcontent.com/snIq5mLDTG6Yqn7ykSIQ
Shooters World - Orlando,shootersworld-orlando,info@shootersworld.com,407-500-4867,United States/Florida/Orlando,,,578679,Should I Shoot?,,1,19,1,1,1,1,1,1,https://fareharbor.com/embeds/calendar/shootersworld-orlando/items/578679/?asn=fhdn&asn-ref=miamistylerentals&ref=miamistylerentals&bookable-only=yes&full-items=yes&marketplace=yes&flow=no,"<script src=""https://fareharbor.com/embeds/script/calendar/shootersworld-orlando/items/578679/?asn=fhdn&asn-ref=miamistylerentals&ref=miamistylerentals&bookable-only=yes&full-items=yes&marketplace=yes&flow=no""></script>",https://fareharbor.com/embeds/book/shootersworld-orlando/items/578679/?asn=fhdn&asn-ref=miamistylerentals&ref=miamistylerentals&bookable-only=yes&full-items=yes&marketplace=yes&flow=no,https://cdn.filestackcontent.com/p2KHSiMnQFyyh3USr6Yz
Ultimate Scuba LLC,okaydivers,info@ultscuba.com,(407) 591-0966,United States/Florida/Williston,-82.476166,29.407035,608844,Referral Diver Checkout Dives,,1,19,0,0,0,0,0,0,https://fareharbor.com/embeds/calendar/okaydivers/items/608844/?asn=fhdn&asn-ref=miamistylerentals&ref=miamistylerentals&bookable-only=yes&full-items=yes&marketplace=yes&flow=no,"<script src=""https://fareharbor.com/embeds/script/calendar/okaydivers/items/608844/?asn=fhdn&asn-ref=miamistylerentals&ref=miamistylerentals&bookable-only=yes&full-items=yes&marketplace=yes&flow=no""></script>",https://fareharbor.com/embeds/book/okaydivers/items/608844/?asn=fhdn&asn-ref=miamistylerentals&ref=miamistylerentals&bookable-only=yes&full-items=yes&marketplace=yes&flow=no,
EM Group - Titanic: The Artifact Exhibition - Orlando,titanicorlando,reservationsorl@emgroup.com,407-248-1166,United States/Florida/Orlando,,,613684,Built in Belfast: Titanic and Her Irish Connections,,1,19,0,0,0,0,0,0,https://fareharbor.com/embeds/calendar/titanicorlando/items/613684/?asn=fhdn&asn-ref=miamistylerentals&ref=miamistylerentals&bookable-only=yes&full-items=yes&marketplace=yes&flow=no,"<script src=""https://fareharbor.com/embeds/script/calendar/titanicorlando/items/613684/?asn=fhdn&asn-ref=miamistylerentals&ref=miamistylerentals&bookable-only=yes&full-items=yes&marketplace=yes&flow=no""></script>",https://fareharbor.com/embeds/book/titanicorlando/items/613684/?asn=fhdn&asn-ref=miamistylerentals&ref=miamistylerentals&bookable-only=yes&full-items=yes&marketplace=yes&flow=no,
EM Group - Titanic: The Artifact Exhibition - Orlando,titanicorlando,reservationsorl@emgroup.com,407-248-1166,United States/Florida/Orlando,,,613685,Standing Strong: A History of the Women on Titanic,,1,19,0,0,0,0,0,0,https://fareharbor.com/embeds/calendar/titanicorlando/items/613685/?asn=fhdn&asn-ref=miamistylerentals&ref=miamistylerentals&bookable-only=yes&full-items=yes&marketplace=yes&flow=no,"<script src=""https://fareharbor.com/embeds/script/calendar/titanicorlando/items/613685/?asn=fhdn&asn-ref=miamistylerentals&ref=miamistylerentals&bookable-only=yes&full-items=yes&marketplace=yes&flow=no""></script>",https://fareharbor.com/embeds/book/titanicorlando/items/613685/?asn=fhdn&asn-ref=miamistylerentals&ref=miamistylerentals&bookable-only=yes&full-items=yes&marketplace=yes&flow=no,
The French Company Orlando,thefrenchcompany-orlando,info@thefrenchcompany.fr,+1 786 585 6139,United States/Florida/Orlando,,,619597,Transfert entre Miami et Orlando (et inversement) avec un guide français,,1,19,0,0,0,0,0,0,https://fareharbor.com/embeds/calendar/thefrenchcompany-orlando/items/619597/?asn=fhdn&asn-ref=miamistylerentals&ref=miamistylerentals&bookable-only=yes&full-items=yes&marketplace=yes&flow=no,"<script src=""https://fareharbor.com/embeds/script/calendar/thefrenchcompany-orlando/items/619597/?asn=fhdn&asn-ref=miamistylerentals&ref=miamistylerentals&bookable-only=yes&full-items=yes&marketplace=yes&flow=no""></script>",https://fareharbor.com/embeds/book/thefrenchcompany-orlando/items/619597/?asn=fhdn&asn-ref=miamistylerentals&ref=miamistylerentals&bookable-only=yes&full-items=yes&marketplace=yes&flow=no,https://cdn.filestackcontent.com/80dZCcsPRQKgFmcMOlsM
Ultimate Scuba LLC,okaydivers,info@ultscuba.com,(407) 591-0966,United States/Florida/Hudson,-82.70121,28.345715,656135,SSI Dry Suit Diving,,1,19,0,0,0,0,0,0,https://fareharbor.com/embeds/calendar/okaydivers/items/656135/?asn=fhdn&asn-ref=miamistylerentals&ref=miamistylerentals&bookable-only=yes&full-items=yes&marketplace=yes&flow=no,"<script src=""https://fareharbor.com/embeds/script/calendar/okaydivers/items/656135/?asn=fhdn&asn-ref=miamistylerentals&ref=miamistylerentals&bookable-only=yes&full-items=yes&marketplace=yes&flow=no""></script>",https://fareharbor.com/embeds/book/okaydivers/items/656135/?asn=fhdn&asn-ref=miamistylerentals&ref=miamistylerentals&bookable-only=yes&full-items=yes&marketplace=yes&flow=no,
Ultimate Scuba LLC,okaydivers,info@ultscuba.com,(407) 591-0966,United States/Florida/Avon Park,,,657640,SSI Independent Diving,,1,19,0,0,0,0,0,0,https://fareharbor.com/embeds/calendar/okaydivers/items/657640/?asn=fhdn&asn-ref=miamistylerentals&ref=miamistylerentals&bookable-only=yes&full-items=yes&marketplace=yes&flow=no,"<script src=""https://fareharbor.com/embeds/script/calendar/okaydivers/items/657640/?asn=fhdn&asn-ref=miamistylerentals&ref=miamistylerentals&bookable-only=yes&full-items=yes&marketplace=yes&flow=no""></script>",https://fareharbor.com/embeds/book/okaydivers/items/657640/?asn=fhdn&asn-ref=miamistylerentals&ref=miamistylerentals&bookable-only=yes&full-items=yes&marketplace=yes&flow=no,
Abstract Orlando,abstractorlando,info@abstractorlando.com,6893488239,United States/Florida/Orlando,,,670755,Waves Resin Experience,,1,19,0,0,0,0,0,0,https://fareharbor.com/embeds/calendar/abstractorlando/items/670755/?asn=fhdn&asn-ref=miamistylerentals&ref=miamistylerentals&bookable-only=yes&full-items=yes&marketplace=yes&flow=no,"<script src=""https://fareharbor.com/embeds/script/calendar/abstractorlando/items/670755/?asn=fhdn&asn-ref=miamistylerentals&ref=miamistylerentals&bookable-only=yes&full-items=yes&marketplace=yes&flow=no""></script>",https://fareharbor.com/embeds/book/abstractorlando/items/670755/?asn=fhdn&asn-ref=miamistylerentals&ref=miamistylerentals&bookable-only=yes&full-items=yes&marketplace=yes&flow=no,
Abstract Orlando,abstractorlando,info@abstractorlando.com,6893488239,United States/Florida/Orlando,,,680883,Mobile,,1,19,0,0,0,0,0,0,https://fareharbor.com/embeds/calendar/abstractorlando/items/680883/?asn=fhdn&asn-ref=miamistylerentals&ref=miamistylerentals&bookable-only=yes&full-items=yes&marketplace=yes&flow=no,"<script src=""https://fareharbor.com/embeds/script/calendar/abstractorlando/items/680883/?asn=fhdn&asn-ref=miamistylerentals&ref=miamistylerentals&bookable-only=yes&full-items=yes&marketplace=yes&flow=no""></script>",https://fareharbor.com/embeds/book/abstractorlando/items/680883/?asn=fhdn&asn-ref=miamistylerentals&ref=miamistylerentals&bookable-only=yes&full-items=yes&marketplace=yes&flow=no,
Shooters World - Orlando,shootersworld-orlando,info@shootersworld.com,407-500-4867,United States/Florida/Orlando,,,687110,Multi-State Permit Class (Concealed Carry) Spanish,,1,19,0,0,0,0,0,0,https://fareharbor.com/embeds/calendar/shootersworld-orlando/items/687110/?asn=fhdn&asn-ref=miamistylerentals&ref=miamistylerentals&bookable-only=yes&full-items=yes&marketplace=yes&flow=no,"<script src=""https://fareharbor.com/embeds/script/calendar/shootersworld-orlando/items/687110/?asn=fhdn&asn-ref=miamistylerentals&ref=miamistylerentals&bookable-only=yes&full-items=yes&marketplace=yes&flow=no""></script>",https://fareharbor.com/embeds/book/shootersworld-orlando/items/687110/?asn=fhdn&asn-ref=miamistylerentals&ref=miamistylerentals&bookable-only=yes&full-items=yes&marketplace=yes&flow=no,https://cdn.filestackcontent.com/q5aLuXRS6aQ2He8d4wQ9
Adventures in Florida,adventuresinflorida,info@adventuresinflorida.com,(407) 924-3375,United States/Florida/Orlando,,,694067,Lodge-Based Trips,Lodging,1,19,0,0,0,0,0,0,https://fareharbor.com/embeds/calendar/adventuresinflorida/items/694067/?asn=fhdn&asn-ref=miamistylerentals&ref=miamistylerentals&bookable-only=yes&full-items=yes&marketplace=yes&flow=no,"<script src=""https://fareharbor.com/embeds/script/calendar/adventuresinflorida/items/694067/?asn=fhdn&asn-ref=miamistylerentals&ref=miamistylerentals&bookable-only=yes&full-items=yes&marketplace=yes&flow=no""></script>",https://fareharbor.com/embeds/book/adventuresinflorida/items/694067/?asn=fhdn&asn-ref=miamistylerentals&ref=miamistylerentals&bookable-only=yes&full-items=yes&marketplace=yes&flow=no,https://cdn.filestackcontent.com/K7XYHsesTTuPYyOvUViQ
Adventures in Florida,adventuresinflorida,info@adventuresinflorida.com,(407) 924-3375,United States/Florida/Orlando,,,694070,Expeditions,Canoe,1,19,0,0,0,0,0,0,https://fareharbor.com/embeds/calendar/adventuresinflorida/items/694070/?asn=fhdn&asn-ref=miamistylerentals&ref=miamistylerentals&bookable-only=yes&full-items=yes&marketplace=yes&flow=no,"<script src=""https://fareharbor.com/embeds/script/calendar/adventuresinflorida/items/694070/?asn=fhdn&asn-ref=miamistylerentals&ref=miamistylerentals&bookable-only=yes&full-items=yes&marketplace=yes&flow=no""></script>",https://fareharbor.com/embeds/book/adventuresinflorida/items/694070/?asn=fhdn&asn-ref=miamistylerentals&ref=miamistylerentals&bookable-only=yes&full-items=yes&marketplace=yes&flow=no,https://cdn.filestackcontent.com/uDZratxFStKtnnN4f3yP
Otter Paddle Orlando,otterpaddleorlando,info@otterpaddleorlando.com,407-952-2481,United States/Florida/Belle Isle,,,621599,Lake Conway Paddleboard Tour,,2,18,0,0,0,0,0,0,https://fareharbor.com/embeds/calendar/otterpaddleorlando/items/621599/?asn=fhdn&asn-ref=miamistylerentals&ref=miamistylerentals&bookable-only=yes&full-items=yes&marketplace=yes&flow=no,"<script src=""https://fareharbor.com/embeds/script/calendar/otterpaddleorlando/items/621599/?asn=fhdn&asn-ref=miamistylerentals&ref=miamistylerentals&bookable-only=yes&full-items=yes&marketplace=yes&flow=no""></script>",https://fareharbor.com/embeds/book/otterpaddleorlando/items/621599/?asn=fhdn&asn-ref=miamistylerentals&ref=miamistylerentals&bookable-only=yes&full-items=yes&marketplace=yes&flow=no,https://cdn.filestackcontent.com/Y23GYStT0ahPJ5KExFLG
Venture Outdoors,ventureoutdoorsllc,astrid@ventureoutdoorsflorida.com,1-407-267-9950,United States/Florida/Chuluota,-81.123812,28.63136,435843,Smart Start SUP Course,,0,15,0,0,0,0,0,0,https://fareharbor.com/embeds/calendar/ventureoutdoorsllc/items/435843/?asn=fhdn&asn-ref=miamistylerentals&ref=miamistylerentals&bookable-only=yes&full-items=yes&marketplace=yes&flow=no,"<script src=""https://fareharbor.com/embeds/script/calendar/ventureoutdoorsllc/items/435843/?asn=fhdn&asn-ref=miamistylerentals&ref=miamistylerentals&bookable-only=yes&full-items=yes&marketplace=yes&flow=no""></script>",https://fareharbor.com/embeds/book/ventureoutdoorsllc/items/435843/?asn=fhdn&asn-ref=miamistylerentals&ref=miamistylerentals&bookable-only=yes&full-items=yes&marketplace=yes&flow=no,
International Heli-Tours,orlandohelitours,info@orlandohelitours.com,407-239-8687,United States/Florida/Orlando,,,646319,Limited Time Only: Nighttime Fireworks Tour!,,1,10,0,0,0,0,0,0,https://fareharbor.com/embeds/calendar/orlandohelitours/items/646319/?asn=fhdn&asn-ref=miamistylerentals&ref=miamistylerentals&bookable-only=yes&full-items=yes&marketplace=yes&flow=no,"<script src=""https://fareharbor.com/embeds/script/calendar/orlandohelitours/items/646319/?asn=fhdn&asn-ref=miamistylerentals&ref=miamistylerentals&bookable-only=yes&full-items=yes&marketplace=yes&flow=no""></script>",https://fareharbor.com/embeds/book/orlandohelitours/items/646319/?asn=fhdn&asn-ref=miamistylerentals&ref=miamistylerentals&bookable-only=yes&full-items=yes&marketplace=yes&flow=no,https://cdn.filestackcontent.com/fL6H4RRtS9ebtkTZSiYa
Venture Outdoors,ventureoutdoorsllc,astrid@ventureoutdoorsflorida.com,1-407-267-9950,United States/Florida/Orlando,,,487514,Kayak Rental,,1,4,0,0,0,0,0,0,https://fareharbor.com/embeds/calendar/ventureoutdoorsllc/items/487514/?asn=fhdn&asn-ref=miamistylerentals&ref=miamistylerentals&bookable-only=yes&full-items=yes&marketplace=yes&flow=no,"<script src=""https://fareharbor.com/embeds/script/calendar/ventureoutdoorsllc/items/487514/?asn=fhdn&asn-ref=miamistylerentals&ref=miamistylerentals&bookable-only=yes&full-items=yes&marketplace=yes&flow=no""></script>",https://fareharbor.com/embeds/book/ventureoutdoorsllc/items/487514/?asn=fhdn&asn-ref=miamistylerentals&ref=miamistylerentals&bookable-only=yes&full-items=yes&marketplace=yes&flow=no,https://cdn.filestackcontent.com/xbTCVfuKRMydUtCM4PjY
Beach Sand Sculptures,beachsandsculptures,info@BeachSandSculptures.com,850-622-1066,United States/Florida/Orlando,,,252404,PCB Reminder,,0,0,0,0,0,0,0,0,https://fareharbor.com/embeds/calendar/beachsandsculptures/items/252404/?asn=fhdn&asn-ref=miamistylerentals&ref=miamistylerentals&bookable-only=yes&full-items=yes&marketplace=yes&flow=no,"<script src=""https://fareharbor.com/embeds/script/calendar/beachsandsculptures/items/252404/?asn=fhdn&asn-ref=miamistylerentals&ref=miamistylerentals&bookable-only=yes&full-items=yes&marketplace=yes&flow=no""></script>",https://fareharbor.com/embeds/book/beachsandsculptures/items/252404/?asn=fhdn&asn-ref=miamistylerentals&ref=miamistylerentals&bookable-only=yes&full-items=yes&marketplace=yes&flow=no,
