company_name,company_shortname,company_email,company_phone,location,location_lat,location_long,item_id,item_name,tags,image_count,quality_score,availability_count,availability_next_week,availability_next_30days,availability_next_60days,availability_next_90days,availability_next_180days,calendar_link,calendar_script,regular_link,image_url
Fun Rentals St. Augustine,funrentals-staugustine,funrentalsstaug@gmail.com,+1 904-547-2074,United States/Florida/St. Augustine,,,222870,Six Passenger Kart Rentals,ATV/UTV,3,77,810,63,270,540,810,1620,https://fareharbor.com/embeds/calendar/funrentals-staugustine/items/222870/?asn=fhdn&asn-ref=miamistylerentals&ref=miamistylerentals&bookable-only=yes&full-items=yes&marketplace=yes&flow=no,"<script src=""https://fareharbor.com/embeds/script/calendar/funrentals-staugustine/items/222870/?asn=fhdn&asn-ref=miamistylerentals&ref=miamistylerentals&bookable-only=yes&full-items=yes&marketplace=yes&flow=no""></script>",https://fareharbor.com/embeds/book/funrentals-staugustine/items/222870/?asn=fhdn&asn-ref=miamistylerentals&ref=miamistylerentals&bookable-only=yes&full-items=yes&marketplace=yes&flow=no,https://cdn.filestackcontent.com/25bYUkLkRzK4jyOKPgsu
Fun Rentals St. Augustine,funrentals-staugustine,funrentalsstaug@gmail.com,+1 904-547-2074,United States/Florida/St. Augustine,,,633337,Electric 6 Passenger Cart,,6,75,1620,126,540,1080,1620,3240,https://fareharbor.com/embeds/calendar/funrentals-staugustine/items/633337/?asn=fhdn&asn-ref=miamistylerentals&ref=miamistylerentals&bookable-only=yes&full-items=yes&marketplace=yes&flow=no,"<script src=""https://fareharbor.com/embeds/script/calendar/funrentals-staugustine/items/633337/?asn=fhdn&asn-ref=miamistylerentals&ref=miamistylerentals&bookable-only=yes&full-items=yes&marketplace=yes&flow=no""></script>",https://fareharbor.com/embeds/book/funrentals-staugustine/items/633337/?asn=fhdn&asn-ref=miamistylerentals&ref=miamistylerentals&bookable-only=yes&full-items=yes&marketplace=yes&flow=no,https://cdn.filestackcontent.com/dWgJsySdijmSvaKMTiTw
Spyglass Travel,spyglasstravel,Kevin@spyglasstravel.org,(386) 227-1064,United States/Florida/St. Augustine,,,721455,10 am Walking History Tour of St. Augustine's Historic District,,10,75,55,0,11,34,55,118,https://fareharbor.com/embeds/calendar/spyglasstravel/items/721455/?asn=fhdn&asn-ref=miamistylerentals&ref=miamistylerentals&bookable-only=yes&full-items=yes&marketplace=yes&flow=no,"<script src=""https://fareharbor.com/embeds/script/calendar/spyglasstravel/items/721455/?asn=fhdn&asn-ref=miamistylerentals&ref=miamistylerentals&bookable-only=yes&full-items=yes&marketplace=yes&flow=no""></script>",https://fareharbor.com/embeds/book/spyglasstravel/items/721455/?asn=fhdn&asn-ref=miamistylerentals&ref=miamistylerentals&bookable-only=yes&full-items=yes&marketplace=yes&flow=no,https://cdn.filestackcontent.com/wPTRfHRSrmjnZBKqaLKQ
The Tasting Tours,thetastingtours,info@thetastingtours.com,904-325-3911,United States/Florida/St. Augustine,,,17910,Corks & Forks Tour (Strolling),Food Tour,8,74,146,7,47,94,146,300,https://fareharbor.com/embeds/calendar/thetastingtours/items/17910/?asn=fhdn&asn-ref=miamistylerentals&ref=miamistylerentals&bookable-only=yes&full-items=yes&marketplace=yes&flow=no,"<script src=""https://fareharbor.com/embeds/script/calendar/thetastingtours/items/17910/?asn=fhdn&asn-ref=miamistylerentals&ref=miamistylerentals&bookable-only=yes&full-items=yes&marketplace=yes&flow=no""></script>",https://fareharbor.com/embeds/book/thetastingtours/items/17910/?asn=fhdn&asn-ref=miamistylerentals&ref=miamistylerentals&bookable-only=yes&full-items=yes&marketplace=yes&flow=no,
The Tasting Tours,thetastingtours,info@thetastingtours.com,904-325-3911,United States/Florida/St. Augustine,,,17916,Wine & Dine Tour (Rolling),Food Tour,10,74,99,6,32,63,99,200,https://fareharbor.com/embeds/calendar/thetastingtours/items/17916/?asn=fhdn&asn-ref=miamistylerentals&ref=miamistylerentals&bookable-only=yes&full-items=yes&marketplace=yes&flow=no,"<script src=""https://fareharbor.com/embeds/script/calendar/thetastingtours/items/17916/?asn=fhdn&asn-ref=miamistylerentals&ref=miamistylerentals&bookable-only=yes&full-items=yes&marketplace=yes&flow=no""></script>",https://fareharbor.com/embeds/book/thetastingtours/items/17916/?asn=fhdn&asn-ref=miamistylerentals&ref=miamistylerentals&bookable-only=yes&full-items=yes&marketplace=yes&flow=no,
"St. Augustine Brewery Tours, LLC",staugustinebrewerytours,info@staugustinebrewerytours.com,‪(904) 865-0148‬,United States/Florida/St. Augustine,,,621626,The Beer Bus - Craft Beer in St. Augustine,Guided Tour-Pub Crawl,4,74,130,10,44,88,130,258,https://fareharbor.com/embeds/calendar/staugustinebrewerytours/items/621626/?asn=fhdn&asn-ref=miamistylerentals&ref=miamistylerentals&bookable-only=yes&full-items=yes&marketplace=yes&flow=no,"<script src=""https://fareharbor.com/embeds/script/calendar/staugustinebrewerytours/items/621626/?asn=fhdn&asn-ref=miamistylerentals&ref=miamistylerentals&bookable-only=yes&full-items=yes&marketplace=yes&flow=no""></script>",https://fareharbor.com/embeds/book/staugustinebrewerytours/items/621626/?asn=fhdn&asn-ref=miamistylerentals&ref=miamistylerentals&bookable-only=yes&full-items=yes&marketplace=yes&flow=no,https://cdn.filestackcontent.com/Jw7HgIKbS2UAOQGfk6oK
"St. Augustine Brewery Tours, LLC",staugustinebrewerytours,info@staugustinebrewerytours.com,‪(904) 865-0148‬,United States/Florida/St. Augustine,,,621631,Walking Beer & History Tour,Guided Tour-Pub Crawl,4,74,130,10,44,88,130,258,https://fareharbor.com/embeds/calendar/staugustinebrewerytours/items/621631/?asn=fhdn&asn-ref=miamistylerentals&ref=miamistylerentals&bookable-only=yes&full-items=yes&marketplace=yes&flow=no,"<script src=""https://fareharbor.com/embeds/script/calendar/staugustinebrewerytours/items/621631/?asn=fhdn&asn-ref=miamistylerentals&ref=miamistylerentals&bookable-only=yes&full-items=yes&marketplace=yes&flow=no""></script>",https://fareharbor.com/embeds/book/staugustinebrewerytours/items/621631/?asn=fhdn&asn-ref=miamistylerentals&ref=miamistylerentals&bookable-only=yes&full-items=yes&marketplace=yes&flow=no,https://cdn.filestackcontent.com/KaqmrltTnW3ccorMvqX2
Fun Rentals St. Augustine,funrentals-staugustine,funrentalsstaug@gmail.com,+1 904-547-2074,United States/Florida/St. Augustine,,,222882,Four Passenger Kart Rentals,ATV/UTV,2,73,810,63,270,540,810,1620,https://fareharbor.com/embeds/calendar/funrentals-staugustine/items/222882/?asn=fhdn&asn-ref=miamistylerentals&ref=miamistylerentals&bookable-only=yes&full-items=yes&marketplace=yes&flow=no,"<script src=""https://fareharbor.com/embeds/script/calendar/funrentals-staugustine/items/222882/?asn=fhdn&asn-ref=miamistylerentals&ref=miamistylerentals&bookable-only=yes&full-items=yes&marketplace=yes&flow=no""></script>",https://fareharbor.com/embeds/book/funrentals-staugustine/items/222882/?asn=fhdn&asn-ref=miamistylerentals&ref=miamistylerentals&bookable-only=yes&full-items=yes&marketplace=yes&flow=no,https://cdn.filestackcontent.com/Y558jHrhR42dDfjqx1h1
Fun Rentals St. Augustine,funrentals-staugustine,funrentalsstaug@gmail.com,+1 904-547-2074,United States/Florida/St. Augustine,,,504932,Eight Passenger Kart Rentals,Bike Rental,2,73,801,63,261,531,801,1611,https://fareharbor.com/embeds/calendar/funrentals-staugustine/items/504932/?asn=fhdn&asn-ref=miamistylerentals&ref=miamistylerentals&bookable-only=yes&full-items=yes&marketplace=yes&flow=no,"<script src=""https://fareharbor.com/embeds/script/calendar/funrentals-staugustine/items/504932/?asn=fhdn&asn-ref=miamistylerentals&ref=miamistylerentals&bookable-only=yes&full-items=yes&marketplace=yes&flow=no""></script>",https://fareharbor.com/embeds/book/funrentals-staugustine/items/504932/?asn=fhdn&asn-ref=miamistylerentals&ref=miamistylerentals&bookable-only=yes&full-items=yes&marketplace=yes&flow=no,https://cdn.filestackcontent.com/YZzrSlhyTdif7AvosF7y
St Augustine Sailing,sta-sail,sas@sta-sail.com,(904) 829-0648,United States/Florida/St. Augustine,,,577617,Sunset Tasting Cruise,Attraction-Boat Rental-Boat Tour-Catamaran-Dinner Boat-Dolphin-Events-Food Tour-Private-Rentals-Sailing-Service-Sports-Water Activities-Wildlife-Wine,12,73,40,3,12,26,40,77,https://fareharbor.com/embeds/calendar/sta-sail/items/577617/?asn=fhdn&asn-ref=miamistylerentals&ref=miamistylerentals&bookable-only=yes&full-items=yes&marketplace=yes&flow=no,"<script src=""https://fareharbor.com/embeds/script/calendar/sta-sail/items/577617/?asn=fhdn&asn-ref=miamistylerentals&ref=miamistylerentals&bookable-only=yes&full-items=yes&marketplace=yes&flow=no""></script>",https://fareharbor.com/embeds/book/sta-sail/items/577617/?asn=fhdn&asn-ref=miamistylerentals&ref=miamistylerentals&bookable-only=yes&full-items=yes&marketplace=yes&flow=no,https://cdn.filestackcontent.com/9Xn0shseT6GvqOFx75Rq
Jax Cruise,tikilacruise,Jaxcruiseinfo@gmail.com,9046511161,United States/Florida/Palm Valley,,,688550,Private Charter,Boat Tour,8,73,90,6,30,60,90,180,https://fareharbor.com/embeds/calendar/tikilacruise/items/688550/?asn=fhdn&asn-ref=miamistylerentals&ref=miamistylerentals&bookable-only=yes&full-items=yes&marketplace=yes&flow=no,"<script src=""https://fareharbor.com/embeds/script/calendar/tikilacruise/items/688550/?asn=fhdn&asn-ref=miamistylerentals&ref=miamistylerentals&bookable-only=yes&full-items=yes&marketplace=yes&flow=no""></script>",https://fareharbor.com/embeds/book/tikilacruise/items/688550/?asn=fhdn&asn-ref=miamistylerentals&ref=miamistylerentals&bookable-only=yes&full-items=yes&marketplace=yes&flow=no,https://cdn.filestackcontent.com/gyusEHvRviJDBVXJ5Vfs
Jax Cruise,tikilacruise,Jaxcruiseinfo@gmail.com,9046511161,United States/Florida/Palm Valley,,,689739,Sunset Cruise,Boat Tour,10,73,52,4,16,34,52,60,https://fareharbor.com/embeds/calendar/tikilacruise/items/689739/?asn=fhdn&asn-ref=miamistylerentals&ref=miamistylerentals&bookable-only=yes&full-items=yes&marketplace=yes&flow=no,"<script src=""https://fareharbor.com/embeds/script/calendar/tikilacruise/items/689739/?asn=fhdn&asn-ref=miamistylerentals&ref=miamistylerentals&bookable-only=yes&full-items=yes&marketplace=yes&flow=no""></script>",https://fareharbor.com/embeds/book/tikilacruise/items/689739/?asn=fhdn&asn-ref=miamistylerentals&ref=miamistylerentals&bookable-only=yes&full-items=yes&marketplace=yes&flow=no,https://cdn.filestackcontent.com/8hO6Lc5RC2adzDYiK24B
Get Up and Go Kayaking - Lighthouse,getupandgokayaking-lighthouse,staugustine@getupandgokayaking.com,904-664-1512,United States/Florida/St. Augustine,,,706058,St. Augustine - Clear Kayak Tour,Dolphin-Eco Tour-Guided Tour-Kayak-Water Activities,7,73,332,27,92,211,332,692,https://fareharbor.com/embeds/calendar/getupandgokayaking-lighthouse/items/706058/?asn=fhdn&asn-ref=miamistylerentals&ref=miamistylerentals&bookable-only=yes&full-items=yes&marketplace=yes&flow=no,"<script src=""https://fareharbor.com/embeds/script/calendar/getupandgokayaking-lighthouse/items/706058/?asn=fhdn&asn-ref=miamistylerentals&ref=miamistylerentals&bookable-only=yes&full-items=yes&marketplace=yes&flow=no""></script>",https://fareharbor.com/embeds/book/getupandgokayaking-lighthouse/items/706058/?asn=fhdn&asn-ref=miamistylerentals&ref=miamistylerentals&bookable-only=yes&full-items=yes&marketplace=yes&flow=no,
St Augustine Sailing,sta-sail,sas@sta-sail.com,(904) 829-0648,United States/Florida/St. Augustine,-81.308637,29.916817,514088,Bachelorette Party: Sail Before the Veil,Boat Rental-Boat Tour-Dinner Boat-Events-Sailing-Water Activities,4,72,360,28,120,240,360,720,https://fareharbor.com/embeds/calendar/sta-sail/items/514088/?asn=fhdn&asn-ref=miamistylerentals&ref=miamistylerentals&bookable-only=yes&full-items=yes&marketplace=yes&flow=no,"<script src=""https://fareharbor.com/embeds/script/calendar/sta-sail/items/514088/?asn=fhdn&asn-ref=miamistylerentals&ref=miamistylerentals&bookable-only=yes&full-items=yes&marketplace=yes&flow=no""></script>",https://fareharbor.com/embeds/book/sta-sail/items/514088/?asn=fhdn&asn-ref=miamistylerentals&ref=miamistylerentals&bookable-only=yes&full-items=yes&marketplace=yes&flow=no,https://cdn.filestackcontent.com/twZMAFq9RnmmW6j6gOT0
Seaside Adventures,seasideadventures,info@seasideadventures.com,904 923 1010,United States/Florida/St. Augustine,,,554277,Automatic Slingshot,Exotic Car,10,71,586,45,190,396,586,1153,https://fareharbor.com/embeds/calendar/seasideadventures/items/554277/?asn=fhdn&asn-ref=miamistylerentals&ref=miamistylerentals&bookable-only=yes&full-items=yes&marketplace=yes&flow=no,"<script src=""https://fareharbor.com/embeds/script/calendar/seasideadventures/items/554277/?asn=fhdn&asn-ref=miamistylerentals&ref=miamistylerentals&bookable-only=yes&full-items=yes&marketplace=yes&flow=no""></script>",https://fareharbor.com/embeds/book/seasideadventures/items/554277/?asn=fhdn&asn-ref=miamistylerentals&ref=miamistylerentals&bookable-only=yes&full-items=yes&marketplace=yes&flow=no,https://cdn.filestackcontent.com/dAQYYFvoS3OoawOUcnPt
Seaside Adventures,seasideadventures,info@seasideadventures.com,904 923 1010,United States/Florida/St. Augustine,,,554622,SandSurfer E-Skate Tours,Other,6,71,64,5,22,43,64,128,https://fareharbor.com/embeds/calendar/seasideadventures/items/554622/?asn=fhdn&asn-ref=miamistylerentals&ref=miamistylerentals&bookable-only=yes&full-items=yes&marketplace=yes&flow=no,"<script src=""https://fareharbor.com/embeds/script/calendar/seasideadventures/items/554622/?asn=fhdn&asn-ref=miamistylerentals&ref=miamistylerentals&bookable-only=yes&full-items=yes&marketplace=yes&flow=no""></script>",https://fareharbor.com/embeds/book/seasideadventures/items/554622/?asn=fhdn&asn-ref=miamistylerentals&ref=miamistylerentals&bookable-only=yes&full-items=yes&marketplace=yes&flow=no,https://cdn.filestackcontent.com/aDSEJLoQvS85E087MNDv
Fun Rentals St. Augustine,funrentals-staugustine,funrentalsstaug@gmail.com,+1 904-547-2074,United States/Florida/St. Augustine,,,633319,Electric 4 Passenger Cart,,4,71,1620,126,540,1080,1620,3240,https://fareharbor.com/embeds/calendar/funrentals-staugustine/items/633319/?asn=fhdn&asn-ref=miamistylerentals&ref=miamistylerentals&bookable-only=yes&full-items=yes&marketplace=yes&flow=no,"<script src=""https://fareharbor.com/embeds/script/calendar/funrentals-staugustine/items/633319/?asn=fhdn&asn-ref=miamistylerentals&ref=miamistylerentals&bookable-only=yes&full-items=yes&marketplace=yes&flow=no""></script>",https://fareharbor.com/embeds/book/funrentals-staugustine/items/633319/?asn=fhdn&asn-ref=miamistylerentals&ref=miamistylerentals&bookable-only=yes&full-items=yes&marketplace=yes&flow=no,https://cdn.filestackcontent.com/JaaLuuGHSKWpLJd4Uhmb
Fun Rentals St. Augustine,funrentals-staugustine,funrentalsstaug@gmail.com,+1 904-547-2074,United States/Florida/St. Augustine,,,691667,Wheelchair Rentals,,4,71,90,7,30,60,90,180,https://fareharbor.com/embeds/calendar/funrentals-staugustine/items/691667/?asn=fhdn&asn-ref=miamistylerentals&ref=miamistylerentals&bookable-only=yes&full-items=yes&marketplace=yes&flow=no,"<script src=""https://fareharbor.com/embeds/script/calendar/funrentals-staugustine/items/691667/?asn=fhdn&asn-ref=miamistylerentals&ref=miamistylerentals&bookable-only=yes&full-items=yes&marketplace=yes&flow=no""></script>",https://fareharbor.com/embeds/book/funrentals-staugustine/items/691667/?asn=fhdn&asn-ref=miamistylerentals&ref=miamistylerentals&bookable-only=yes&full-items=yes&marketplace=yes&flow=no,https://cdn.filestackcontent.com/QlgDstVkSaygZLulZ4nw
Ripple Effect Ecotours,rippleeffectecotours,rippleres@gmail.com,(904) 347-1565,United States/Florida/St. Augustine,,,119804,Kayak Marineland Tour,,7,70,17,4,9,15,17,18,https://fareharbor.com/embeds/calendar/rippleeffectecotours/items/119804/?asn=fhdn&asn-ref=miamistylerentals&ref=miamistylerentals&bookable-only=yes&full-items=yes&marketplace=yes&flow=no,"<script src=""https://fareharbor.com/embeds/script/calendar/rippleeffectecotours/items/119804/?asn=fhdn&asn-ref=miamistylerentals&ref=miamistylerentals&bookable-only=yes&full-items=yes&marketplace=yes&flow=no""></script>",https://fareharbor.com/embeds/book/rippleeffectecotours/items/119804/?asn=fhdn&asn-ref=miamistylerentals&ref=miamistylerentals&bookable-only=yes&full-items=yes&marketplace=yes&flow=no,https://cdn.filestackcontent.com/B6H8Nx8xQ4yqgz1Jp8IM
Fun Rentals St. Augustine,funrentals-staugustine,funrentalsstaug@gmail.com,+1 904-547-2074,United States/Florida/St. Augustine,,,222863,ScootCoupe Rentals,Scooter,1,69,810,63,270,540,810,1620,https://fareharbor.com/embeds/calendar/funrentals-staugustine/items/222863/?asn=fhdn&asn-ref=miamistylerentals&ref=miamistylerentals&bookable-only=yes&full-items=yes&marketplace=yes&flow=no,"<script src=""https://fareharbor.com/embeds/script/calendar/funrentals-staugustine/items/222863/?asn=fhdn&asn-ref=miamistylerentals&ref=miamistylerentals&bookable-only=yes&full-items=yes&marketplace=yes&flow=no""></script>",https://fareharbor.com/embeds/book/funrentals-staugustine/items/222863/?asn=fhdn&asn-ref=miamistylerentals&ref=miamistylerentals&bookable-only=yes&full-items=yes&marketplace=yes&flow=no,https://cdn.filestackcontent.com/4sRiGnmfSaSwKuk41KyA
Fun Rentals St. Augustine,funrentals-staugustine,funrentalsstaug@gmail.com,+1 904-547-2074,United States/Florida/St. Augustine,,,223024,Scooter Rentals,Scooter,1,69,810,63,270,540,810,1620,https://fareharbor.com/embeds/calendar/funrentals-staugustine/items/223024/?asn=fhdn&asn-ref=miamistylerentals&ref=miamistylerentals&bookable-only=yes&full-items=yes&marketplace=yes&flow=no,"<script src=""https://fareharbor.com/embeds/script/calendar/funrentals-staugustine/items/223024/?asn=fhdn&asn-ref=miamistylerentals&ref=miamistylerentals&bookable-only=yes&full-items=yes&marketplace=yes&flow=no""></script>",https://fareharbor.com/embeds/book/funrentals-staugustine/items/223024/?asn=fhdn&asn-ref=miamistylerentals&ref=miamistylerentals&bookable-only=yes&full-items=yes&marketplace=yes&flow=no,https://cdn.filestackcontent.com/2vBlwCMS3a1d9NqskwlG
Fun Rentals St. Augustine,funrentals-staugustine,funrentalsstaug@gmail.com,+1 904-547-2074,United States/Florida/St. Augustine,,,223045,Bike Rentals,Bike Rental,1,69,810,63,270,540,810,1620,https://fareharbor.com/embeds/calendar/funrentals-staugustine/items/223045/?asn=fhdn&asn-ref=miamistylerentals&ref=miamistylerentals&bookable-only=yes&full-items=yes&marketplace=yes&flow=no,"<script src=""https://fareharbor.com/embeds/script/calendar/funrentals-staugustine/items/223045/?asn=fhdn&asn-ref=miamistylerentals&ref=miamistylerentals&bookable-only=yes&full-items=yes&marketplace=yes&flow=no""></script>",https://fareharbor.com/embeds/book/funrentals-staugustine/items/223045/?asn=fhdn&asn-ref=miamistylerentals&ref=miamistylerentals&bookable-only=yes&full-items=yes&marketplace=yes&flow=no,https://cdn.filestackcontent.com/kBWDS4sKQaWNZN9B9eek
Fun Rentals St. Augustine,funrentals-staugustine,funrentalsstaug@gmail.com,+1 904-547-2074,United States/Florida/St. Augustine,,,223050,St. Augustine Segway Tour,Segway,1,69,76,6,24,50,76,150,https://fareharbor.com/embeds/calendar/funrentals-staugustine/items/223050/?asn=fhdn&asn-ref=miamistylerentals&ref=miamistylerentals&bookable-only=yes&full-items=yes&marketplace=yes&flow=no,"<script src=""https://fareharbor.com/embeds/script/calendar/funrentals-staugustine/items/223050/?asn=fhdn&asn-ref=miamistylerentals&ref=miamistylerentals&bookable-only=yes&full-items=yes&marketplace=yes&flow=no""></script>",https://fareharbor.com/embeds/book/funrentals-staugustine/items/223050/?asn=fhdn&asn-ref=miamistylerentals&ref=miamistylerentals&bookable-only=yes&full-items=yes&marketplace=yes&flow=no,https://cdn.filestackcontent.com/EbRdr1NRRWr35Sb6hAlU
Fun Rentals St. Augustine,funrentals-staugustine,funrentalsstaug@gmail.com,+1 904-547-2074,United States/Florida/St. Augustine,,,223074,VIP Street Kart Tour,Bike Rental,1,69,90,7,30,60,90,180,https://fareharbor.com/embeds/calendar/funrentals-staugustine/items/223074/?asn=fhdn&asn-ref=miamistylerentals&ref=miamistylerentals&bookable-only=yes&full-items=yes&marketplace=yes&flow=no,"<script src=""https://fareharbor.com/embeds/script/calendar/funrentals-staugustine/items/223074/?asn=fhdn&asn-ref=miamistylerentals&ref=miamistylerentals&bookable-only=yes&full-items=yes&marketplace=yes&flow=no""></script>",https://fareharbor.com/embeds/book/funrentals-staugustine/items/223074/?asn=fhdn&asn-ref=miamistylerentals&ref=miamistylerentals&bookable-only=yes&full-items=yes&marketplace=yes&flow=no,https://cdn.filestackcontent.com/PZzbGOqeRfu81pfLb09l
A Night Among Ghosts,theoddmacabrecompany,anightamongghosts@gmail.com,904-788-5537,United States/Florida/St. Augustine,,,442373,Investigative Walk - Private Group,Ghost Tour,13,69,17,2,7,16,17,18,https://fareharbor.com/embeds/calendar/theoddmacabrecompany/items/442373/?asn=fhdn&asn-ref=miamistylerentals&ref=miamistylerentals&bookable-only=yes&full-items=yes&marketplace=yes&flow=no,"<script src=""https://fareharbor.com/embeds/script/calendar/theoddmacabrecompany/items/442373/?asn=fhdn&asn-ref=miamistylerentals&ref=miamistylerentals&bookable-only=yes&full-items=yes&marketplace=yes&flow=no""></script>",https://fareharbor.com/embeds/book/theoddmacabrecompany/items/442373/?asn=fhdn&asn-ref=miamistylerentals&ref=miamistylerentals&bookable-only=yes&full-items=yes&marketplace=yes&flow=no,
Seaside Adventures,seasideadventures,info@seasideadventures.com,904 923 1010,United States/Florida/St. Augustine,,,554304,Sling to the Springs,Exotic Car,9,69,65,5,21,44,65,75,https://fareharbor.com/embeds/calendar/seasideadventures/items/554304/?asn=fhdn&asn-ref=miamistylerentals&ref=miamistylerentals&bookable-only=yes&full-items=yes&marketplace=yes&flow=no,"<script src=""https://fareharbor.com/embeds/script/calendar/seasideadventures/items/554304/?asn=fhdn&asn-ref=miamistylerentals&ref=miamistylerentals&bookable-only=yes&full-items=yes&marketplace=yes&flow=no""></script>",https://fareharbor.com/embeds/book/seasideadventures/items/554304/?asn=fhdn&asn-ref=miamistylerentals&ref=miamistylerentals&bookable-only=yes&full-items=yes&marketplace=yes&flow=no,https://cdn.filestackcontent.com/sznT3pMyQZSDIcL77nIF
Gone2Sea Boat Rentals,gone2seaboatrentals,info@gone2seaboatrentals.com,904-980-8700,United States/Florida/St. Augustine,,,671702,Private Nights of Lights Trip,Boat Tour,5,69,270,21,90,180,270,540,https://fareharbor.com/embeds/calendar/gone2seaboatrentals/items/671702/?asn=fhdn&asn-ref=miamistylerentals&ref=miamistylerentals&bookable-only=yes&full-items=yes&marketplace=yes&flow=no,"<script src=""https://fareharbor.com/embeds/script/calendar/gone2seaboatrentals/items/671702/?asn=fhdn&asn-ref=miamistylerentals&ref=miamistylerentals&bookable-only=yes&full-items=yes&marketplace=yes&flow=no""></script>",https://fareharbor.com/embeds/book/gone2seaboatrentals/items/671702/?asn=fhdn&asn-ref=miamistylerentals&ref=miamistylerentals&bookable-only=yes&full-items=yes&marketplace=yes&flow=no,https://cdn.filestackcontent.com/4PEPlFZPQhqIIB6LpHGd
Spyglass Travel,spyglasstravel,Kevin@spyglasstravel.org,(386) 227-1064,United States/Florida/St. Augustine,,,693097,Brothels & Booze: Exploring St. Augustine's Red-Light district (Wicked II),,4,68,26,2,8,18,26,51,https://fareharbor.com/embeds/calendar/spyglasstravel/items/693097/?asn=fhdn&asn-ref=miamistylerentals&ref=miamistylerentals&bookable-only=yes&full-items=yes&marketplace=yes&flow=no,"<script src=""https://fareharbor.com/embeds/script/calendar/spyglasstravel/items/693097/?asn=fhdn&asn-ref=miamistylerentals&ref=miamistylerentals&bookable-only=yes&full-items=yes&marketplace=yes&flow=no""></script>",https://fareharbor.com/embeds/book/spyglasstravel/items/693097/?asn=fhdn&asn-ref=miamistylerentals&ref=miamistylerentals&bookable-only=yes&full-items=yes&marketplace=yes&flow=no,https://cdn.filestackcontent.com/kiCzphsQBaUoSMsuD9ua
Florida Water Tours,floridawatertour,info@flwatertours.com,904-827-7728,United States/Florida/St. Augustine,,,19085,Sunset Eco Cruise,Boat Tour,10,67,58,3,15,36,58,87,https://fareharbor.com/embeds/calendar/floridawatertour/items/19085/?asn=fhdn&asn-ref=miamistylerentals&ref=miamistylerentals&bookable-only=yes&full-items=yes&marketplace=yes&flow=no,"<script src=""https://fareharbor.com/embeds/script/calendar/floridawatertour/items/19085/?asn=fhdn&asn-ref=miamistylerentals&ref=miamistylerentals&bookable-only=yes&full-items=yes&marketplace=yes&flow=no""></script>",https://fareharbor.com/embeds/book/floridawatertour/items/19085/?asn=fhdn&asn-ref=miamistylerentals&ref=miamistylerentals&bookable-only=yes&full-items=yes&marketplace=yes&flow=no,https://cdn.filestackcontent.com/CE1uM5fYSbqQxkNZaVLV
St. Augustine Land and Sea Tours LLC,staugustinelandandseatours,info@staugustinelandandseatours.com,9046799880,United States/Florida/St. Augustine,-81.31213,29.892496,615024,"St Augustine at Sunset, History Golf Cart Tour",Guided Tour,6,67,89,7,30,59,89,179,https://fareharbor.com/embeds/calendar/staugustinelandandseatours/items/615024/?asn=fhdn&asn-ref=miamistylerentals&ref=miamistylerentals&bookable-only=yes&full-items=yes&marketplace=yes&flow=no,"<script src=""https://fareharbor.com/embeds/script/calendar/staugustinelandandseatours/items/615024/?asn=fhdn&asn-ref=miamistylerentals&ref=miamistylerentals&bookable-only=yes&full-items=yes&marketplace=yes&flow=no""></script>",https://fareharbor.com/embeds/book/staugustinelandandseatours/items/615024/?asn=fhdn&asn-ref=miamistylerentals&ref=miamistylerentals&bookable-only=yes&full-items=yes&marketplace=yes&flow=no,https://cdn.filestackcontent.com/q43OIFilRzmSkrEh7ZpG
GhoSt Augustine,ghostaugustine,tours@ghostaugustine.com,904-824-8840,United States/Florida/St. Augustine,,,6041,Everdark Express: Shadow Shuttle,,5,65,270,21,90,180,270,540,https://fareharbor.com/embeds/calendar/ghostaugustine/items/6041/?asn=fhdn&asn-ref=miamistylerentals&ref=miamistylerentals&bookable-only=yes&full-items=yes&marketplace=yes&flow=no,"<script src=""https://fareharbor.com/embeds/script/calendar/ghostaugustine/items/6041/?asn=fhdn&asn-ref=miamistylerentals&ref=miamistylerentals&bookable-only=yes&full-items=yes&marketplace=yes&flow=no""></script>",https://fareharbor.com/embeds/book/ghostaugustine/items/6041/?asn=fhdn&asn-ref=miamistylerentals&ref=miamistylerentals&bookable-only=yes&full-items=yes&marketplace=yes&flow=no,https://cdn.filestackcontent.com/5dWtaki4TR6T5xh64MDa
GhoSt Augustine,ghostaugustine,tours@ghostaugustine.com,904-824-8840,United States/Florida/St. Augustine,,,6052,The Original Haunted Pub Tour!,,7,65,153,9,43,96,153,317,https://fareharbor.com/embeds/calendar/ghostaugustine/items/6052/?asn=fhdn&asn-ref=miamistylerentals&ref=miamistylerentals&bookable-only=yes&full-items=yes&marketplace=yes&flow=no,"<script src=""https://fareharbor.com/embeds/script/calendar/ghostaugustine/items/6052/?asn=fhdn&asn-ref=miamistylerentals&ref=miamistylerentals&bookable-only=yes&full-items=yes&marketplace=yes&flow=no""></script>",https://fareharbor.com/embeds/book/ghostaugustine/items/6052/?asn=fhdn&asn-ref=miamistylerentals&ref=miamistylerentals&bookable-only=yes&full-items=yes&marketplace=yes&flow=no,https://cdn.filestackcontent.com/mmA7bKy6Sz22hIcrV09j
GhoSt Augustine,ghostaugustine,tours@ghostaugustine.com,904-824-8840,United States/Florida/St. Augustine,,,6063,Haunted St. Augustine Semi-Private,,5,65,95,7,29,63,95,197,https://fareharbor.com/embeds/calendar/ghostaugustine/items/6063/?asn=fhdn&asn-ref=miamistylerentals&ref=miamistylerentals&bookable-only=yes&full-items=yes&marketplace=yes&flow=no,"<script src=""https://fareharbor.com/embeds/script/calendar/ghostaugustine/items/6063/?asn=fhdn&asn-ref=miamistylerentals&ref=miamistylerentals&bookable-only=yes&full-items=yes&marketplace=yes&flow=no""></script>",https://fareharbor.com/embeds/book/ghostaugustine/items/6063/?asn=fhdn&asn-ref=miamistylerentals&ref=miamistylerentals&bookable-only=yes&full-items=yes&marketplace=yes&flow=no,https://cdn.filestackcontent.com/6sC3iE9eR92jLQQAzJEe
Florida Water Tours,floridawatertour,info@flwatertours.com,904-827-7728,United States/Florida/St. Augustine,,,19075,Dolphin and Wildlife Adventure,Dolphin,13,65,187,12,58,127,187,331,https://fareharbor.com/embeds/calendar/floridawatertour/items/19075/?asn=fhdn&asn-ref=miamistylerentals&ref=miamistylerentals&bookable-only=yes&full-items=yes&marketplace=yes&flow=no,"<script src=""https://fareharbor.com/embeds/script/calendar/floridawatertour/items/19075/?asn=fhdn&asn-ref=miamistylerentals&ref=miamistylerentals&bookable-only=yes&full-items=yes&marketplace=yes&flow=no""></script>",https://fareharbor.com/embeds/book/floridawatertour/items/19075/?asn=fhdn&asn-ref=miamistylerentals&ref=miamistylerentals&bookable-only=yes&full-items=yes&marketplace=yes&flow=no,https://cdn.filestackcontent.com/3RCf1hqaR8ix58APF07N
St Augustine Sailing,sta-sail,sas@sta-sail.com,(904) 829-0648,United States/Florida/St. Augustine,,,43454,ASA 101 - Basic Keelboat Sailing,Boat Rental-Lesson-Sailing-Sports-Water Activities-Workshop,12,65,51,4,17,35,51,103,https://fareharbor.com/embeds/calendar/sta-sail/items/43454/?asn=fhdn&asn-ref=miamistylerentals&ref=miamistylerentals&bookable-only=yes&full-items=yes&marketplace=yes&flow=no,"<script src=""https://fareharbor.com/embeds/script/calendar/sta-sail/items/43454/?asn=fhdn&asn-ref=miamistylerentals&ref=miamistylerentals&bookable-only=yes&full-items=yes&marketplace=yes&flow=no""></script>",https://fareharbor.com/embeds/book/sta-sail/items/43454/?asn=fhdn&asn-ref=miamistylerentals&ref=miamistylerentals&bookable-only=yes&full-items=yes&marketplace=yes&flow=no,https://cdn.filestackcontent.com/awiaXgjQQBO8WHjjt4Uu
St Augustine Sailing,sta-sail,sas@sta-sail.com,(904) 829-0648,United States/Florida/St. Augustine,,,43458,ASA 103 - Basic Coastal Cruising,Sailing,5,65,40,3,14,27,40,80,https://fareharbor.com/embeds/calendar/sta-sail/items/43458/?asn=fhdn&asn-ref=miamistylerentals&ref=miamistylerentals&bookable-only=yes&full-items=yes&marketplace=yes&flow=no,"<script src=""https://fareharbor.com/embeds/script/calendar/sta-sail/items/43458/?asn=fhdn&asn-ref=miamistylerentals&ref=miamistylerentals&bookable-only=yes&full-items=yes&marketplace=yes&flow=no""></script>",https://fareharbor.com/embeds/book/sta-sail/items/43458/?asn=fhdn&asn-ref=miamistylerentals&ref=miamistylerentals&bookable-only=yes&full-items=yes&marketplace=yes&flow=no,https://cdn.filestackcontent.com/5B80hLiATPeAnzYTTeGQ
Florida Water Tours,floridawatertour,info@flwatertours.com,904-827-7728,United States/Florida/St. Augustine,,,82571,Wine Tasting Cruise,Boat Tour-History Tour-Wine,8,65,63,4,19,41,63,93,https://fareharbor.com/embeds/calendar/floridawatertour/items/82571/?asn=fhdn&asn-ref=miamistylerentals&ref=miamistylerentals&bookable-only=yes&full-items=yes&marketplace=yes&flow=no,"<script src=""https://fareharbor.com/embeds/script/calendar/floridawatertour/items/82571/?asn=fhdn&asn-ref=miamistylerentals&ref=miamistylerentals&bookable-only=yes&full-items=yes&marketplace=yes&flow=no""></script>",https://fareharbor.com/embeds/book/floridawatertour/items/82571/?asn=fhdn&asn-ref=miamistylerentals&ref=miamistylerentals&bookable-only=yes&full-items=yes&marketplace=yes&flow=no,https://cdn.filestackcontent.com/fLocbgqTSlmVXFGewftA
Explore Tours And Pickups,exploretoursandpickups,exploretoursandpickups@gmail.com,(904) 853-1500,United States/Florida/St. Augustine,,,189864,Historical Tour,,4,65,179,15,59,121,179,336,https://fareharbor.com/embeds/calendar/exploretoursandpickups/items/189864/?asn=fhdn&asn-ref=miamistylerentals&ref=miamistylerentals&bookable-only=yes&full-items=yes&marketplace=yes&flow=no,"<script src=""https://fareharbor.com/embeds/script/calendar/exploretoursandpickups/items/189864/?asn=fhdn&asn-ref=miamistylerentals&ref=miamistylerentals&bookable-only=yes&full-items=yes&marketplace=yes&flow=no""></script>",https://fareharbor.com/embeds/book/exploretoursandpickups/items/189864/?asn=fhdn&asn-ref=miamistylerentals&ref=miamistylerentals&bookable-only=yes&full-items=yes&marketplace=yes&flow=no,https://cdn.filestackcontent.com/9aA8ufJRBOS9VUZfdNVd
GeoTrippin,geotrippin,tours@geotrippin.com,(904) 701-3272,United States/Florida/St. Augustine,,,191110,Matanzas River,Kayak,7,65,195,15,65,132,195,386,https://fareharbor.com/embeds/calendar/geotrippin/items/191110/?asn=fhdn&asn-ref=miamistylerentals&ref=miamistylerentals&bookable-only=yes&full-items=yes&marketplace=yes&flow=no,"<script src=""https://fareharbor.com/embeds/script/calendar/geotrippin/items/191110/?asn=fhdn&asn-ref=miamistylerentals&ref=miamistylerentals&bookable-only=yes&full-items=yes&marketplace=yes&flow=no""></script>",https://fareharbor.com/embeds/book/geotrippin/items/191110/?asn=fhdn&asn-ref=miamistylerentals&ref=miamistylerentals&bookable-only=yes&full-items=yes&marketplace=yes&flow=no,
GhoSt Augustine,ghostaugustine,tours@ghostaugustine.com,904-824-8840,United States/Florida/St. Augustine,,,220179,Para4ce Investigations,,10,65,231,18,75,153,231,459,https://fareharbor.com/embeds/calendar/ghostaugustine/items/220179/?asn=fhdn&asn-ref=miamistylerentals&ref=miamistylerentals&bookable-only=yes&full-items=yes&marketplace=yes&flow=no,"<script src=""https://fareharbor.com/embeds/script/calendar/ghostaugustine/items/220179/?asn=fhdn&asn-ref=miamistylerentals&ref=miamistylerentals&bookable-only=yes&full-items=yes&marketplace=yes&flow=no""></script>",https://fareharbor.com/embeds/book/ghostaugustine/items/220179/?asn=fhdn&asn-ref=miamistylerentals&ref=miamistylerentals&bookable-only=yes&full-items=yes&marketplace=yes&flow=no,https://cdn.filestackcontent.com/I7xqtoe8RVmkci21HnR2
GeoTrippin,geotrippin,tours@geotrippin.com,(904) 701-3272,United States/Florida/Ponte Vedra Beach,,,225352,Day Trip,Kayak,5,65,65,5,22,44,65,129,https://fareharbor.com/embeds/calendar/geotrippin/items/225352/?asn=fhdn&asn-ref=miamistylerentals&ref=miamistylerentals&bookable-only=yes&full-items=yes&marketplace=yes&flow=no,"<script src=""https://fareharbor.com/embeds/script/calendar/geotrippin/items/225352/?asn=fhdn&asn-ref=miamistylerentals&ref=miamistylerentals&bookable-only=yes&full-items=yes&marketplace=yes&flow=no""></script>",https://fareharbor.com/embeds/book/geotrippin/items/225352/?asn=fhdn&asn-ref=miamistylerentals&ref=miamistylerentals&bookable-only=yes&full-items=yes&marketplace=yes&flow=no,
Pirates of St. Augustine,piratesofstaugistine,blackravenadventures@gmail.com,(904) 826-0000,United States/Florida/St. Augustine,,,244030,The Treasure Hunt,Boat Tour,10,65,99,7,33,68,99,168,https://fareharbor.com/embeds/calendar/piratesofstaugistine/items/244030/?asn=fhdn&asn-ref=miamistylerentals&ref=miamistylerentals&bookable-only=yes&full-items=yes&marketplace=yes&flow=no,"<script src=""https://fareharbor.com/embeds/script/calendar/piratesofstaugistine/items/244030/?asn=fhdn&asn-ref=miamistylerentals&ref=miamistylerentals&bookable-only=yes&full-items=yes&marketplace=yes&flow=no""></script>",https://fareharbor.com/embeds/book/piratesofstaugistine/items/244030/?asn=fhdn&asn-ref=miamistylerentals&ref=miamistylerentals&bookable-only=yes&full-items=yes&marketplace=yes&flow=no,
Saint Augustine Photo Tours,saintaugustinephototours,saintaugustinephototours@gmail.com,(904) 789-0202,United States/Florida/St. Augustine,,,276109,Learn Photography Exclusive Experience,Photography Tour,13,65,90,7,30,60,90,180,https://fareharbor.com/embeds/calendar/saintaugustinephototours/items/276109/?asn=fhdn&asn-ref=miamistylerentals&ref=miamistylerentals&bookable-only=yes&full-items=yes&marketplace=yes&flow=no,"<script src=""https://fareharbor.com/embeds/script/calendar/saintaugustinephototours/items/276109/?asn=fhdn&asn-ref=miamistylerentals&ref=miamistylerentals&bookable-only=yes&full-items=yes&marketplace=yes&flow=no""></script>",https://fareharbor.com/embeds/book/saintaugustinephototours/items/276109/?asn=fhdn&asn-ref=miamistylerentals&ref=miamistylerentals&bookable-only=yes&full-items=yes&marketplace=yes&flow=no,https://cdn.filestackcontent.com/BB8AOXS0ORuBrI6sCMwj
St. Augustine Land and Sea Tours LLC,staugustinelandandseatours,info@staugustinelandandseatours.com,9046799880,United States/Florida/St. Augustine,-81.31213,29.892496,298212,St. Augustine Boat and Golf Cart Tour,Boat Tour-City Tour,18,65,89,6,29,59,89,178,https://fareharbor.com/embeds/calendar/staugustinelandandseatours/items/298212/?asn=fhdn&asn-ref=miamistylerentals&ref=miamistylerentals&bookable-only=yes&full-items=yes&marketplace=yes&flow=no,"<script src=""https://fareharbor.com/embeds/script/calendar/staugustinelandandseatours/items/298212/?asn=fhdn&asn-ref=miamistylerentals&ref=miamistylerentals&bookable-only=yes&full-items=yes&marketplace=yes&flow=no""></script>",https://fareharbor.com/embeds/book/staugustinelandandseatours/items/298212/?asn=fhdn&asn-ref=miamistylerentals&ref=miamistylerentals&bookable-only=yes&full-items=yes&marketplace=yes&flow=no,https://cdn.filestackcontent.com/2A0cI4fQkKZZfq4XDXvW
St. Augustine Land and Sea Tours LLC,staugustinelandandseatours,info@staugustinelandandseatours.com,9046799880,United States/Florida/St. Augustine,-81.31213,29.892496,321048,St. Augustine Shared Golf Cart Tour,City Tour,5,65,307,23,99,205,307,549,https://fareharbor.com/embeds/calendar/staugustinelandandseatours/items/321048/?asn=fhdn&asn-ref=miamistylerentals&ref=miamistylerentals&bookable-only=yes&full-items=yes&marketplace=yes&flow=no,"<script src=""https://fareharbor.com/embeds/script/calendar/staugustinelandandseatours/items/321048/?asn=fhdn&asn-ref=miamistylerentals&ref=miamistylerentals&bookable-only=yes&full-items=yes&marketplace=yes&flow=no""></script>",https://fareharbor.com/embeds/book/staugustinelandandseatours/items/321048/?asn=fhdn&asn-ref=miamistylerentals&ref=miamistylerentals&bookable-only=yes&full-items=yes&marketplace=yes&flow=no,https://cdn.filestackcontent.com/mViS1y2cSj6BCeXJZ7oR
St Augustine Sailing,sta-sail,sas@sta-sail.com,(904) 829-0648,United States/Florida/St. Augustine,,,354146,Sweetheart - Sweet Dreams Package,Sailing,9,65,90,7,30,60,90,180,https://fareharbor.com/embeds/calendar/sta-sail/items/354146/?asn=fhdn&asn-ref=miamistylerentals&ref=miamistylerentals&bookable-only=yes&full-items=yes&marketplace=yes&flow=no,"<script src=""https://fareharbor.com/embeds/script/calendar/sta-sail/items/354146/?asn=fhdn&asn-ref=miamistylerentals&ref=miamistylerentals&bookable-only=yes&full-items=yes&marketplace=yes&flow=no""></script>",https://fareharbor.com/embeds/book/sta-sail/items/354146/?asn=fhdn&asn-ref=miamistylerentals&ref=miamistylerentals&bookable-only=yes&full-items=yes&marketplace=yes&flow=no,https://cdn.filestackcontent.com/GU6e7JoGRdeHJ5wukjbG
Florida Water Tours,floridawatertour,info@flwatertours.com,904-827-7728,United States/Florida/St. Augustine,,,401168,Graze Boxes,Boat Tour,10,65,90,7,30,60,90,180,https://fareharbor.com/embeds/calendar/floridawatertour/items/401168/?asn=fhdn&asn-ref=miamistylerentals&ref=miamistylerentals&bookable-only=yes&full-items=yes&marketplace=yes&flow=no,"<script src=""https://fareharbor.com/embeds/script/calendar/floridawatertour/items/401168/?asn=fhdn&asn-ref=miamistylerentals&ref=miamistylerentals&bookable-only=yes&full-items=yes&marketplace=yes&flow=no""></script>",https://fareharbor.com/embeds/book/floridawatertour/items/401168/?asn=fhdn&asn-ref=miamistylerentals&ref=miamistylerentals&bookable-only=yes&full-items=yes&marketplace=yes&flow=no,https://cdn.filestackcontent.com/aVUGvbeVRUyL3iItEaPy
St. Augustine Land and Sea Tours LLC,staugustinelandandseatours,info@staugustinelandandseatours.com,9046799880,United States/Florida/St. Augustine,-81.31213,29.892496,459547,Riding with the Ghosts of St Augustine,City Tour,7,65,178,14,60,118,178,358,https://fareharbor.com/embeds/calendar/staugustinelandandseatours/items/459547/?asn=fhdn&asn-ref=miamistylerentals&ref=miamistylerentals&bookable-only=yes&full-items=yes&marketplace=yes&flow=no,"<script src=""https://fareharbor.com/embeds/script/calendar/staugustinelandandseatours/items/459547/?asn=fhdn&asn-ref=miamistylerentals&ref=miamistylerentals&bookable-only=yes&full-items=yes&marketplace=yes&flow=no""></script>",https://fareharbor.com/embeds/book/staugustinelandandseatours/items/459547/?asn=fhdn&asn-ref=miamistylerentals&ref=miamistylerentals&bookable-only=yes&full-items=yes&marketplace=yes&flow=no,https://cdn.filestackcontent.com/BkrKHF3MReWqdSPmwFRS
Pirates of St. Augustine,piratesofstaugistine,blackravenadventures@gmail.com,(904) 826-0000,United States/Florida/St. Augustine,,,461508,Black Raven's Tropical Sunset Cruise,Boat Tour,16,65,88,7,30,58,88,164,https://fareharbor.com/embeds/calendar/piratesofstaugistine/items/461508/?asn=fhdn&asn-ref=miamistylerentals&ref=miamistylerentals&bookable-only=yes&full-items=yes&marketplace=yes&flow=no,"<script src=""https://fareharbor.com/embeds/script/calendar/piratesofstaugistine/items/461508/?asn=fhdn&asn-ref=miamistylerentals&ref=miamistylerentals&bookable-only=yes&full-items=yes&marketplace=yes&flow=no""></script>",https://fareharbor.com/embeds/book/piratesofstaugistine/items/461508/?asn=fhdn&asn-ref=miamistylerentals&ref=miamistylerentals&bookable-only=yes&full-items=yes&marketplace=yes&flow=no,
GhoSt Augustine,ghostaugustine,tours@ghostaugustine.com,904-824-8840,United States/Florida/St. Augustine,,,494709,Shadow Ride,,9,65,351,15,79,203,351,798,https://fareharbor.com/embeds/calendar/ghostaugustine/items/494709/?asn=fhdn&asn-ref=miamistylerentals&ref=miamistylerentals&bookable-only=yes&full-items=yes&marketplace=yes&flow=no,"<script src=""https://fareharbor.com/embeds/script/calendar/ghostaugustine/items/494709/?asn=fhdn&asn-ref=miamistylerentals&ref=miamistylerentals&bookable-only=yes&full-items=yes&marketplace=yes&flow=no""></script>",https://fareharbor.com/embeds/book/ghostaugustine/items/494709/?asn=fhdn&asn-ref=miamistylerentals&ref=miamistylerentals&bookable-only=yes&full-items=yes&marketplace=yes&flow=no,https://cdn.filestackcontent.com/XmZB2jkFRkitIoBvZAub
Seaside Adventures,seasideadventures,info@seasideadventures.com,904 923 1010,United States/Florida/St. Augustine,,,554308,Moke Golf Cart Rental,Exotic Car,15,65,585,45,189,395,585,1152,https://fareharbor.com/embeds/calendar/seasideadventures/items/554308/?asn=fhdn&asn-ref=miamistylerentals&ref=miamistylerentals&bookable-only=yes&full-items=yes&marketplace=yes&flow=no,"<script src=""https://fareharbor.com/embeds/script/calendar/seasideadventures/items/554308/?asn=fhdn&asn-ref=miamistylerentals&ref=miamistylerentals&bookable-only=yes&full-items=yes&marketplace=yes&flow=no""></script>",https://fareharbor.com/embeds/book/seasideadventures/items/554308/?asn=fhdn&asn-ref=miamistylerentals&ref=miamistylerentals&bookable-only=yes&full-items=yes&marketplace=yes&flow=no,https://cdn.filestackcontent.com/QnGjQ0VeTSC5KvZsn5OM
Freeedom Adventures and Photography LLC,freeedomphotography,FreeedomAdventures@gmail.com,904-903-6125,United States/Florida/St. Augustine,,,645701,Torrid Tales Two,,7,65,90,7,30,60,90,106,https://fareharbor.com/embeds/calendar/freeedomphotography/items/645701/?asn=fhdn&asn-ref=miamistylerentals&ref=miamistylerentals&bookable-only=yes&full-items=yes&marketplace=yes&flow=no,"<script src=""https://fareharbor.com/embeds/script/calendar/freeedomphotography/items/645701/?asn=fhdn&asn-ref=miamistylerentals&ref=miamistylerentals&bookable-only=yes&full-items=yes&marketplace=yes&flow=no""></script>",https://fareharbor.com/embeds/book/freeedomphotography/items/645701/?asn=fhdn&asn-ref=miamistylerentals&ref=miamistylerentals&bookable-only=yes&full-items=yes&marketplace=yes&flow=no,https://cdn.filestackcontent.com/ucLgouYgS3WkI6YIUln8
The Tasting Tours,thetastingtours,info@thetastingtours.com,904-325-3911,United States/Florida/St. Augustine,,,17917,Weekend Brunch Tour (Rolling),Food Tour,12,64,21,1,6,12,21,45,https://fareharbor.com/embeds/calendar/thetastingtours/items/17917/?asn=fhdn&asn-ref=miamistylerentals&ref=miamistylerentals&bookable-only=yes&full-items=yes&marketplace=yes&flow=no,"<script src=""https://fareharbor.com/embeds/script/calendar/thetastingtours/items/17917/?asn=fhdn&asn-ref=miamistylerentals&ref=miamistylerentals&bookable-only=yes&full-items=yes&marketplace=yes&flow=no""></script>",https://fareharbor.com/embeds/book/thetastingtours/items/17917/?asn=fhdn&asn-ref=miamistylerentals&ref=miamistylerentals&bookable-only=yes&full-items=yes&marketplace=yes&flow=no,https://cdn.filestackcontent.com/vWlXAjXzRgqhKvYOw4NS
The Tasting Tours,thetastingtours,info@thetastingtours.com,904-325-3911,United States/Florida/St. Augustine,,,289409,Fiesta De Mayo Tour (Rolling),Food Tour-Wine,7,64,5,2,5,5,5,6,https://fareharbor.com/embeds/calendar/thetastingtours/items/289409/?asn=fhdn&asn-ref=miamistylerentals&ref=miamistylerentals&bookable-only=yes&full-items=yes&marketplace=yes&flow=no,"<script src=""https://fareharbor.com/embeds/script/calendar/thetastingtours/items/289409/?asn=fhdn&asn-ref=miamistylerentals&ref=miamistylerentals&bookable-only=yes&full-items=yes&marketplace=yes&flow=no""></script>",https://fareharbor.com/embeds/book/thetastingtours/items/289409/?asn=fhdn&asn-ref=miamistylerentals&ref=miamistylerentals&bookable-only=yes&full-items=yes&marketplace=yes&flow=no,https://cdn.filestackcontent.com/4JwJeCEaQuCFq950tjr6
The Tasting Tours,thetastingtours,info@thetastingtours.com,904-325-3911,United States/Florida/St. Augustine,,,631373,Taste of St. Augustine Tour (Strolling),,12,64,55,0,13,35,55,66,https://fareharbor.com/embeds/calendar/thetastingtours/items/631373/?asn=fhdn&asn-ref=miamistylerentals&ref=miamistylerentals&bookable-only=yes&full-items=yes&marketplace=yes&flow=no,"<script src=""https://fareharbor.com/embeds/script/calendar/thetastingtours/items/631373/?asn=fhdn&asn-ref=miamistylerentals&ref=miamistylerentals&bookable-only=yes&full-items=yes&marketplace=yes&flow=no""></script>",https://fareharbor.com/embeds/book/thetastingtours/items/631373/?asn=fhdn&asn-ref=miamistylerentals&ref=miamistylerentals&bookable-only=yes&full-items=yes&marketplace=yes&flow=no,
Jax Cruise,tikilacruise,Jaxcruiseinfo@gmail.com,9046511161,United States/Florida/St. Augustine,,,694910,Exodus,,6,64,180,14,60,120,180,360,https://fareharbor.com/embeds/calendar/tikilacruise/items/694910/?asn=fhdn&asn-ref=miamistylerentals&ref=miamistylerentals&bookable-only=yes&full-items=yes&marketplace=yes&flow=no,"<script src=""https://fareharbor.com/embeds/script/calendar/tikilacruise/items/694910/?asn=fhdn&asn-ref=miamistylerentals&ref=miamistylerentals&bookable-only=yes&full-items=yes&marketplace=yes&flow=no""></script>",https://fareharbor.com/embeds/book/tikilacruise/items/694910/?asn=fhdn&asn-ref=miamistylerentals&ref=miamistylerentals&bookable-only=yes&full-items=yes&marketplace=yes&flow=no,https://cdn.filestackcontent.com/orSlY3MCT4q2ecpqBcLY
Gone2Sea Boat Rentals,gone2seaboatrentals,info@gone2seaboatrentals.com,904-980-8700,United States/Florida/St. Augustine,,,671526,Berkshire Tritoon- Exceptionally Spacious,Boat Rental,4,63,988,75,328,658,988,1978,https://fareharbor.com/embeds/calendar/gone2seaboatrentals/items/671526/?asn=fhdn&asn-ref=miamistylerentals&ref=miamistylerentals&bookable-only=yes&full-items=yes&marketplace=yes&flow=no,"<script src=""https://fareharbor.com/embeds/script/calendar/gone2seaboatrentals/items/671526/?asn=fhdn&asn-ref=miamistylerentals&ref=miamistylerentals&bookable-only=yes&full-items=yes&marketplace=yes&flow=no""></script>",https://fareharbor.com/embeds/book/gone2seaboatrentals/items/671526/?asn=fhdn&asn-ref=miamistylerentals&ref=miamistylerentals&bookable-only=yes&full-items=yes&marketplace=yes&flow=no,https://cdn.filestackcontent.com/m2HATiPISVGlRFgAiHzN
Gone2Sea Boat Rentals,gone2seaboatrentals,info@gone2seaboatrentals.com,904-980-8700,United States/Florida/St. Augustine,,,671701,Private Sunset Cruise in St. Augustine,Boat Tour,4,63,270,21,90,180,270,504,https://fareharbor.com/embeds/calendar/gone2seaboatrentals/items/671701/?asn=fhdn&asn-ref=miamistylerentals&ref=miamistylerentals&bookable-only=yes&full-items=yes&marketplace=yes&flow=no,"<script src=""https://fareharbor.com/embeds/script/calendar/gone2seaboatrentals/items/671701/?asn=fhdn&asn-ref=miamistylerentals&ref=miamistylerentals&bookable-only=yes&full-items=yes&marketplace=yes&flow=no""></script>",https://fareharbor.com/embeds/book/gone2seaboatrentals/items/671701/?asn=fhdn&asn-ref=miamistylerentals&ref=miamistylerentals&bookable-only=yes&full-items=yes&marketplace=yes&flow=no,https://cdn.filestackcontent.com/fQTh8E6BRbS0CMTQ6Yb4
Pineapple Ride & Tour,rideandtour,rideapplicationsinc@gmail.com,904-615-5515,United States/Florida/St. Augustine,,,269481,1 Hour EV Historical Tour,Bus Tour,3,62,896,63,296,593,896,1744,https://fareharbor.com/embeds/calendar/rideandtour/items/269481/?asn=fhdn&asn-ref=miamistylerentals&ref=miamistylerentals&bookable-only=yes&full-items=yes&marketplace=yes&flow=no,"<script src=""https://fareharbor.com/embeds/script/calendar/rideandtour/items/269481/?asn=fhdn&asn-ref=miamistylerentals&ref=miamistylerentals&bookable-only=yes&full-items=yes&marketplace=yes&flow=no""></script>",https://fareharbor.com/embeds/book/rideandtour/items/269481/?asn=fhdn&asn-ref=miamistylerentals&ref=miamistylerentals&bookable-only=yes&full-items=yes&marketplace=yes&flow=no,https://cdn.filestackcontent.com/Qp0o2ZsuRRWYe66ATYaX
Seaside Adventures,seasideadventures,info@seasideadventures.com,904 923 1010,United States/Florida/St. Augustine,,,554349,History Tour - Drink & Snack Options,Photography Tour,3,62,300,28,120,240,300,304,https://fareharbor.com/embeds/calendar/seasideadventures/items/554349/?asn=fhdn&asn-ref=miamistylerentals&ref=miamistylerentals&bookable-only=yes&full-items=yes&marketplace=yes&flow=no,"<script src=""https://fareharbor.com/embeds/script/calendar/seasideadventures/items/554349/?asn=fhdn&asn-ref=miamistylerentals&ref=miamistylerentals&bookable-only=yes&full-items=yes&marketplace=yes&flow=no""></script>",https://fareharbor.com/embeds/book/seasideadventures/items/554349/?asn=fhdn&asn-ref=miamistylerentals&ref=miamistylerentals&bookable-only=yes&full-items=yes&marketplace=yes&flow=no,
Seaside Adventures,seasideadventures,info@seasideadventures.com,904 923 1010,United States/Florida/St. Augustine,,,725203,ATV Adventure Tour,,5,62,67,6,23,46,67,130,https://fareharbor.com/embeds/calendar/seasideadventures/items/725203/?asn=fhdn&asn-ref=miamistylerentals&ref=miamistylerentals&bookable-only=yes&full-items=yes&marketplace=yes&flow=no,"<script src=""https://fareharbor.com/embeds/script/calendar/seasideadventures/items/725203/?asn=fhdn&asn-ref=miamistylerentals&ref=miamistylerentals&bookable-only=yes&full-items=yes&marketplace=yes&flow=no""></script>",https://fareharbor.com/embeds/book/seasideadventures/items/725203/?asn=fhdn&asn-ref=miamistylerentals&ref=miamistylerentals&bookable-only=yes&full-items=yes&marketplace=yes&flow=no,
Ripple Effect Ecotours,rippleeffectecotours,rippleres@gmail.com,(904) 347-1565,United States/Florida/St. Augustine,,,119809,Kayak Marineland - Sunset Tour,,4,61,10,3,5,7,10,11,https://fareharbor.com/embeds/calendar/rippleeffectecotours/items/119809/?asn=fhdn&asn-ref=miamistylerentals&ref=miamistylerentals&bookable-only=yes&full-items=yes&marketplace=yes&flow=no,"<script src=""https://fareharbor.com/embeds/script/calendar/rippleeffectecotours/items/119809/?asn=fhdn&asn-ref=miamistylerentals&ref=miamistylerentals&bookable-only=yes&full-items=yes&marketplace=yes&flow=no""></script>",https://fareharbor.com/embeds/book/rippleeffectecotours/items/119809/?asn=fhdn&asn-ref=miamistylerentals&ref=miamistylerentals&bookable-only=yes&full-items=yes&marketplace=yes&flow=no,https://cdn.filestackcontent.com/2c46aISqRA2mwzLycBKA
Explore Tours And Pickups,exploretoursandpickups,exploretoursandpickups@gmail.com,(904) 853-1500,United States/Florida/St. Augustine,,,273635,Nights Of Lights- Enclosed Cart,,7,61,0,0,0,0,0,0,https://fareharbor.com/embeds/calendar/exploretoursandpickups/items/273635/?asn=fhdn&asn-ref=miamistylerentals&ref=miamistylerentals&bookable-only=yes&full-items=yes&marketplace=yes&flow=no,"<script src=""https://fareharbor.com/embeds/script/calendar/exploretoursandpickups/items/273635/?asn=fhdn&asn-ref=miamistylerentals&ref=miamistylerentals&bookable-only=yes&full-items=yes&marketplace=yes&flow=no""></script>",https://fareharbor.com/embeds/book/exploretoursandpickups/items/273635/?asn=fhdn&asn-ref=miamistylerentals&ref=miamistylerentals&bookable-only=yes&full-items=yes&marketplace=yes&flow=no,https://cdn.filestackcontent.com/hxKuUNNFS32X9QcVeG1r
Seaside Adventures,seasideadventures,info@seasideadventures.com,904 923 1010,United States/Florida/St. Augustine,,,554287,Manual Slingshot,Exotic Car,4,61,585,45,189,395,585,1152,https://fareharbor.com/embeds/calendar/seasideadventures/items/554287/?asn=fhdn&asn-ref=miamistylerentals&ref=miamistylerentals&bookable-only=yes&full-items=yes&marketplace=yes&flow=no,"<script src=""https://fareharbor.com/embeds/script/calendar/seasideadventures/items/554287/?asn=fhdn&asn-ref=miamistylerentals&ref=miamistylerentals&bookable-only=yes&full-items=yes&marketplace=yes&flow=no""></script>",https://fareharbor.com/embeds/book/seasideadventures/items/554287/?asn=fhdn&asn-ref=miamistylerentals&ref=miamistylerentals&bookable-only=yes&full-items=yes&marketplace=yes&flow=no,https://cdn.filestackcontent.com/DSIuQOQRTGdueXrD9umv
Seaside Adventures,seasideadventures,info@seasideadventures.com,904 923 1010,United States/Florida/St. Augustine,,,724371,Ghost Tours - Drink & Snack Options,,6,61,300,28,120,240,300,304,https://fareharbor.com/embeds/calendar/seasideadventures/items/724371/?asn=fhdn&asn-ref=miamistylerentals&ref=miamistylerentals&bookable-only=yes&full-items=yes&marketplace=yes&flow=no,"<script src=""https://fareharbor.com/embeds/script/calendar/seasideadventures/items/724371/?asn=fhdn&asn-ref=miamistylerentals&ref=miamistylerentals&bookable-only=yes&full-items=yes&marketplace=yes&flow=no""></script>",https://fareharbor.com/embeds/book/seasideadventures/items/724371/?asn=fhdn&asn-ref=miamistylerentals&ref=miamistylerentals&bookable-only=yes&full-items=yes&marketplace=yes&flow=no,
St. Augustine Eco Tours,staugustineecotours-new,reservations@staugustineecotours.com,904-377-7245,United States/Florida/St. Augustine,-81.310277,29.891638,551447,Eco Boat Tours,Boat Tour,3,60,230,19,66,157,230,411,https://fareharbor.com/embeds/calendar/staugustineecotours-new/items/551447/?asn=fhdn&asn-ref=miamistylerentals&ref=miamistylerentals&bookable-only=yes&full-items=yes&marketplace=yes&flow=no,"<script src=""https://fareharbor.com/embeds/script/calendar/staugustineecotours-new/items/551447/?asn=fhdn&asn-ref=miamistylerentals&ref=miamistylerentals&bookable-only=yes&full-items=yes&marketplace=yes&flow=no""></script>",https://fareharbor.com/embeds/book/staugustineecotours-new/items/551447/?asn=fhdn&asn-ref=miamistylerentals&ref=miamistylerentals&bookable-only=yes&full-items=yes&marketplace=yes&flow=no,https://cdn.filestackcontent.com/ZhP2csmiRuCdCCLAWYzF
Gone2Sea Boat Rentals,gone2seaboatrentals,info@gone2seaboatrentals.com,904-980-8700,United States/Florida/St. Augustine,,,671533,Bennington Tritoon for Comfortable Cruising,Boat Rental,3,60,989,77,329,659,989,1979,https://fareharbor.com/embeds/calendar/gone2seaboatrentals/items/671533/?asn=fhdn&asn-ref=miamistylerentals&ref=miamistylerentals&bookable-only=yes&full-items=yes&marketplace=yes&flow=no,"<script src=""https://fareharbor.com/embeds/script/calendar/gone2seaboatrentals/items/671533/?asn=fhdn&asn-ref=miamistylerentals&ref=miamistylerentals&bookable-only=yes&full-items=yes&marketplace=yes&flow=no""></script>",https://fareharbor.com/embeds/book/gone2seaboatrentals/items/671533/?asn=fhdn&asn-ref=miamistylerentals&ref=miamistylerentals&bookable-only=yes&full-items=yes&marketplace=yes&flow=no,https://cdn.filestackcontent.com/c9QBavMeSxu5p1iRouXD
Fury Water Adventures - St. Augustine,furystaug,reservations@furystaug.com,(844) 831-5397,United States/Florida/St. Augustine,,,686015,After Dark Live Music Cruise,Attraction-Boat Tour-Sightseeing Tour,5,60,16,0,4,11,16,16,https://fareharbor.com/embeds/calendar/furystaug/items/686015/?asn=fhdn&asn-ref=miamistylerentals&ref=miamistylerentals&bookable-only=yes&full-items=yes&marketplace=yes&flow=no,"<script src=""https://fareharbor.com/embeds/script/calendar/furystaug/items/686015/?asn=fhdn&asn-ref=miamistylerentals&ref=miamistylerentals&bookable-only=yes&full-items=yes&marketplace=yes&flow=no""></script>",https://fareharbor.com/embeds/book/furystaug/items/686015/?asn=fhdn&asn-ref=miamistylerentals&ref=miamistylerentals&bookable-only=yes&full-items=yes&marketplace=yes&flow=no,
GeoTrippin,geotrippin,tours@geotrippin.com,(904) 701-3272,United States/Florida/St. Augustine,-81.256193,29.767557,249496,Kayak Lessons,Kayak,3,59,54,4,18,34,54,104,https://fareharbor.com/embeds/calendar/geotrippin/items/249496/?asn=fhdn&asn-ref=miamistylerentals&ref=miamistylerentals&bookable-only=yes&full-items=yes&marketplace=yes&flow=no,"<script src=""https://fareharbor.com/embeds/script/calendar/geotrippin/items/249496/?asn=fhdn&asn-ref=miamistylerentals&ref=miamistylerentals&bookable-only=yes&full-items=yes&marketplace=yes&flow=no""></script>",https://fareharbor.com/embeds/book/geotrippin/items/249496/?asn=fhdn&asn-ref=miamistylerentals&ref=miamistylerentals&bookable-only=yes&full-items=yes&marketplace=yes&flow=no,
Spyglass Travel,spyglasstravel,Kevin@spyglasstravel.org,(386) 227-1064,United States/Florida/St. Augustine,,,404041,Walking History Tour of St. Augustine's Historic District,,1,59,59,1,16,38,59,122,https://fareharbor.com/embeds/calendar/spyglasstravel/items/404041/?asn=fhdn&asn-ref=miamistylerentals&ref=miamistylerentals&bookable-only=yes&full-items=yes&marketplace=yes&flow=no,"<script src=""https://fareharbor.com/embeds/script/calendar/spyglasstravel/items/404041/?asn=fhdn&asn-ref=miamistylerentals&ref=miamistylerentals&bookable-only=yes&full-items=yes&marketplace=yes&flow=no""></script>",https://fareharbor.com/embeds/book/spyglasstravel/items/404041/?asn=fhdn&asn-ref=miamistylerentals&ref=miamistylerentals&bookable-only=yes&full-items=yes&marketplace=yes&flow=no,https://cdn.filestackcontent.com/iqlkeMzFTc6ZpSAtr93M
Spyglass Travel,spyglasstravel,Kevin@spyglasstravel.org,(386) 227-1064,United States/Florida/St. Augustine,,,404066,Ghost Tour of St. Augustine: The Original Haunted History Tour,,1,59,37,2,11,24,37,75,https://fareharbor.com/embeds/calendar/spyglasstravel/items/404066/?asn=fhdn&asn-ref=miamistylerentals&ref=miamistylerentals&bookable-only=yes&full-items=yes&marketplace=yes&flow=no,"<script src=""https://fareharbor.com/embeds/script/calendar/spyglasstravel/items/404066/?asn=fhdn&asn-ref=miamistylerentals&ref=miamistylerentals&bookable-only=yes&full-items=yes&marketplace=yes&flow=no""></script>",https://fareharbor.com/embeds/book/spyglasstravel/items/404066/?asn=fhdn&asn-ref=miamistylerentals&ref=miamistylerentals&bookable-only=yes&full-items=yes&marketplace=yes&flow=no,https://cdn.filestackcontent.com/0bNEcO1NSB639dvfjweZ
Magic Hideaway,magichideaway,boxoffice@magichideaway.com,,United States/Florida/St. Augustine,,,521487,Magic Hideaway,Attraction,1,59,14,2,5,9,14,26,https://fareharbor.com/embeds/calendar/magichideaway/items/521487/?asn=fhdn&asn-ref=miamistylerentals&ref=miamistylerentals&bookable-only=yes&full-items=yes&marketplace=yes&flow=no,"<script src=""https://fareharbor.com/embeds/script/calendar/magichideaway/items/521487/?asn=fhdn&asn-ref=miamistylerentals&ref=miamistylerentals&bookable-only=yes&full-items=yes&marketplace=yes&flow=no""></script>",https://fareharbor.com/embeds/book/magichideaway/items/521487/?asn=fhdn&asn-ref=miamistylerentals&ref=miamistylerentals&bookable-only=yes&full-items=yes&marketplace=yes&flow=no,https://cdn.filestackcontent.com/ADwhHpIwTPuiaiPWrrt6
The Tasting Tours,thetastingtours,info@thetastingtours.com,904-325-3911,United States/Florida/St. Augustine,,,563832,Historic District Brunch Tour (Strolling),History Tour,6,59,2,0,1,2,2,3,https://fareharbor.com/embeds/calendar/thetastingtours/items/563832/?asn=fhdn&asn-ref=miamistylerentals&ref=miamistylerentals&bookable-only=yes&full-items=yes&marketplace=yes&flow=no,"<script src=""https://fareharbor.com/embeds/script/calendar/thetastingtours/items/563832/?asn=fhdn&asn-ref=miamistylerentals&ref=miamistylerentals&bookable-only=yes&full-items=yes&marketplace=yes&flow=no""></script>",https://fareharbor.com/embeds/book/thetastingtours/items/563832/?asn=fhdn&asn-ref=miamistylerentals&ref=miamistylerentals&bookable-only=yes&full-items=yes&marketplace=yes&flow=no,
Fury Water Adventures - St. Augustine,furystaug,reservations@furystaug.com,(844) 831-5397,United States/Florida/St. Augustine,,,564924,Live Music Sunset Sail,,5,59,89,7,30,59,89,179,https://fareharbor.com/embeds/calendar/furystaug/items/564924/?asn=fhdn&asn-ref=miamistylerentals&ref=miamistylerentals&bookable-only=yes&full-items=yes&marketplace=yes&flow=no,"<script src=""https://fareharbor.com/embeds/script/calendar/furystaug/items/564924/?asn=fhdn&asn-ref=miamistylerentals&ref=miamistylerentals&bookable-only=yes&full-items=yes&marketplace=yes&flow=no""></script>",https://fareharbor.com/embeds/book/furystaug/items/564924/?asn=fhdn&asn-ref=miamistylerentals&ref=miamistylerentals&bookable-only=yes&full-items=yes&marketplace=yes&flow=no,
Fun Rentals St. Augustine,funrentals-staugustine,funrentalsstaug@gmail.com,+1 904-547-2074,United States/Florida/St. Augustine,,,633343,E-Bike Rental with Optional Free GPS Guided History Tour,,1,59,1620,126,540,1080,1620,3240,https://fareharbor.com/embeds/calendar/funrentals-staugustine/items/633343/?asn=fhdn&asn-ref=miamistylerentals&ref=miamistylerentals&bookable-only=yes&full-items=yes&marketplace=yes&flow=no,"<script src=""https://fareharbor.com/embeds/script/calendar/funrentals-staugustine/items/633343/?asn=fhdn&asn-ref=miamistylerentals&ref=miamistylerentals&bookable-only=yes&full-items=yes&marketplace=yes&flow=no""></script>",https://fareharbor.com/embeds/book/funrentals-staugustine/items/633343/?asn=fhdn&asn-ref=miamistylerentals&ref=miamistylerentals&bookable-only=yes&full-items=yes&marketplace=yes&flow=no,https://cdn.filestackcontent.com/3iaD5d60SQSXVOO9IgXt
GhoSt Augustine,ghostaugustine,tours@ghostaugustine.com,904-824-8840,United States/Florida/St. Augustine,,,653270,True Crime History Tour by GA,Guided Tour,1,59,78,6,24,54,78,153,https://fareharbor.com/embeds/calendar/ghostaugustine/items/653270/?asn=fhdn&asn-ref=miamistylerentals&ref=miamistylerentals&bookable-only=yes&full-items=yes&marketplace=yes&flow=no,"<script src=""https://fareharbor.com/embeds/script/calendar/ghostaugustine/items/653270/?asn=fhdn&asn-ref=miamistylerentals&ref=miamistylerentals&bookable-only=yes&full-items=yes&marketplace=yes&flow=no""></script>",https://fareharbor.com/embeds/book/ghostaugustine/items/653270/?asn=fhdn&asn-ref=miamistylerentals&ref=miamistylerentals&bookable-only=yes&full-items=yes&marketplace=yes&flow=no,https://cdn.filestackcontent.com/2XNdZmFESpaRWNkwBuQQ
"St. Augustine Brewery Tours, LLC",staugustinebrewerytours,info@staugustinebrewerytours.com,‪(904) 865-0148‬,United States/Florida/St. Augustine,,,671553,Frightful Nights: True Crime Pub Crawl on Wheels,,5,59,65,5,22,44,65,129,https://fareharbor.com/embeds/calendar/staugustinebrewerytours/items/671553/?asn=fhdn&asn-ref=miamistylerentals&ref=miamistylerentals&bookable-only=yes&full-items=yes&marketplace=yes&flow=no,"<script src=""https://fareharbor.com/embeds/script/calendar/staugustinebrewerytours/items/671553/?asn=fhdn&asn-ref=miamistylerentals&ref=miamistylerentals&bookable-only=yes&full-items=yes&marketplace=yes&flow=no""></script>",https://fareharbor.com/embeds/book/staugustinebrewerytours/items/671553/?asn=fhdn&asn-ref=miamistylerentals&ref=miamistylerentals&bookable-only=yes&full-items=yes&marketplace=yes&flow=no,https://cdn.filestackcontent.com/m23V1pZ6QyWFKmQZoDEA
Gone2Sea Boat Rentals,gone2seaboatrentals,info@gone2seaboatrentals.com,904-980-8700,United States/Florida/St. Augustine,,,691882,The Signature Party Boat,,8,59,990,77,330,660,990,1980,https://fareharbor.com/embeds/calendar/gone2seaboatrentals/items/691882/?asn=fhdn&asn-ref=miamistylerentals&ref=miamistylerentals&bookable-only=yes&full-items=yes&marketplace=yes&flow=no,"<script src=""https://fareharbor.com/embeds/script/calendar/gone2seaboatrentals/items/691882/?asn=fhdn&asn-ref=miamistylerentals&ref=miamistylerentals&bookable-only=yes&full-items=yes&marketplace=yes&flow=no""></script>",https://fareharbor.com/embeds/book/gone2seaboatrentals/items/691882/?asn=fhdn&asn-ref=miamistylerentals&ref=miamistylerentals&bookable-only=yes&full-items=yes&marketplace=yes&flow=no,https://cdn.filestackcontent.com/nJA2bu44TgFceNdn0Afw
St Augustine Sailing,sta-sail,sas@sta-sail.com,(904) 829-0648,United States/Florida/St. Augustine,,,320896,Private Sunset Dinner Cruise,Boat Rental-Boat Tour-Catamaran-Dinner Boat-Dolphin-Events-Private-Rentals-Sailing-Service-Water Activities-Wildlife-Wine,1,58,90,7,30,60,90,180,https://fareharbor.com/embeds/calendar/sta-sail/items/320896/?asn=fhdn&asn-ref=miamistylerentals&ref=miamistylerentals&bookable-only=yes&full-items=yes&marketplace=yes&flow=no,"<script src=""https://fareharbor.com/embeds/script/calendar/sta-sail/items/320896/?asn=fhdn&asn-ref=miamistylerentals&ref=miamistylerentals&bookable-only=yes&full-items=yes&marketplace=yes&flow=no""></script>",https://fareharbor.com/embeds/book/sta-sail/items/320896/?asn=fhdn&asn-ref=miamistylerentals&ref=miamistylerentals&bookable-only=yes&full-items=yes&marketplace=yes&flow=no,https://cdn.filestackcontent.com/s0in3rFsTpGyWH66pjZF
Sunsal SUP Co.,sunsalsupco,rasteen@me.com,(423)290-3511,United States/Florida/St. Augustine,,,560772,SUP Lesson,SUP,3,58,1530,119,510,1020,1530,3058,https://fareharbor.com/embeds/calendar/sunsalsupco/items/560772/?asn=fhdn&asn-ref=miamistylerentals&ref=miamistylerentals&bookable-only=yes&full-items=yes&marketplace=yes&flow=no,"<script src=""https://fareharbor.com/embeds/script/calendar/sunsalsupco/items/560772/?asn=fhdn&asn-ref=miamistylerentals&ref=miamistylerentals&bookable-only=yes&full-items=yes&marketplace=yes&flow=no""></script>",https://fareharbor.com/embeds/book/sunsalsupco/items/560772/?asn=fhdn&asn-ref=miamistylerentals&ref=miamistylerentals&bookable-only=yes&full-items=yes&marketplace=yes&flow=no,https://cdn.filestackcontent.com/TxkUTjlBT3qRiNLxjCSN
"St. Augustine Brewery Tours, LLC",staugustinebrewerytours,info@staugustinebrewerytours.com,‪(904) 865-0148‬,United States/Florida/St. Augustine,,,639336,PRIVATE Beer Bus Experience,,6,58,390,30,132,264,390,774,https://fareharbor.com/embeds/calendar/staugustinebrewerytours/items/639336/?asn=fhdn&asn-ref=miamistylerentals&ref=miamistylerentals&bookable-only=yes&full-items=yes&marketplace=yes&flow=no,"<script src=""https://fareharbor.com/embeds/script/calendar/staugustinebrewerytours/items/639336/?asn=fhdn&asn-ref=miamistylerentals&ref=miamistylerentals&bookable-only=yes&full-items=yes&marketplace=yes&flow=no""></script>",https://fareharbor.com/embeds/book/staugustinebrewerytours/items/639336/?asn=fhdn&asn-ref=miamistylerentals&ref=miamistylerentals&bookable-only=yes&full-items=yes&marketplace=yes&flow=no,https://cdn.filestackcontent.com/XfB2CkGlQCuCmob37t5c
Florida Water Tours,floridawatertour,info@flwatertours.com,904-827-7728,United States/Florida/St. Augustine,,,640167,Sunset Cruise — Adults Only,,7,58,50,4,16,34,50,93,https://fareharbor.com/embeds/calendar/floridawatertour/items/640167/?asn=fhdn&asn-ref=miamistylerentals&ref=miamistylerentals&bookable-only=yes&full-items=yes&marketplace=yes&flow=no,"<script src=""https://fareharbor.com/embeds/script/calendar/floridawatertour/items/640167/?asn=fhdn&asn-ref=miamistylerentals&ref=miamistylerentals&bookable-only=yes&full-items=yes&marketplace=yes&flow=no""></script>",https://fareharbor.com/embeds/book/floridawatertour/items/640167/?asn=fhdn&asn-ref=miamistylerentals&ref=miamistylerentals&bookable-only=yes&full-items=yes&marketplace=yes&flow=no,https://cdn.filestackcontent.com/dm2PUCCfTauh12ChgsRY
St. Augustine Boat Tours,boattoursstaugustine,staugboattours@gmail.com,(904) 687-8297,United States/Florida/St. Augustine,,,8951,Wildlife and History Tour,History Tour,3,57,49,10,35,47,49,51,https://fareharbor.com/embeds/calendar/boattoursstaugustine/items/8951/?asn=fhdn&asn-ref=miamistylerentals&ref=miamistylerentals&bookable-only=yes&full-items=yes&marketplace=yes&flow=no,"<script src=""https://fareharbor.com/embeds/script/calendar/boattoursstaugustine/items/8951/?asn=fhdn&asn-ref=miamistylerentals&ref=miamistylerentals&bookable-only=yes&full-items=yes&marketplace=yes&flow=no""></script>",https://fareharbor.com/embeds/book/boattoursstaugustine/items/8951/?asn=fhdn&asn-ref=miamistylerentals&ref=miamistylerentals&bookable-only=yes&full-items=yes&marketplace=yes&flow=no,https://cdn.filestackcontent.com/sIsIWryhTXu0uE94P469
St. Augustine Boat Tours,boattoursstaugustine,staugboattours@gmail.com,(904) 687-8297,United States/Florida/St. Augustine,,,8953,Sunset Tour,Boat Tour,3,57,43,6,29,42,43,44,https://fareharbor.com/embeds/calendar/boattoursstaugustine/items/8953/?asn=fhdn&asn-ref=miamistylerentals&ref=miamistylerentals&bookable-only=yes&full-items=yes&marketplace=yes&flow=no,"<script src=""https://fareharbor.com/embeds/script/calendar/boattoursstaugustine/items/8953/?asn=fhdn&asn-ref=miamistylerentals&ref=miamistylerentals&bookable-only=yes&full-items=yes&marketplace=yes&flow=no""></script>",https://fareharbor.com/embeds/book/boattoursstaugustine/items/8953/?asn=fhdn&asn-ref=miamistylerentals&ref=miamistylerentals&bookable-only=yes&full-items=yes&marketplace=yes&flow=no,https://cdn.filestackcontent.com/LnjfSJDqSvWKvGqQc0Hy
St. Augustine Experiences,oldcitybeertours,hello@staexp.com,+1 904 599 7391,United States/Florida/St. Augustine,,,171546,St. Augustine's Beer & History Crawl,Rafting,3,57,54,4,19,31,54,145,https://fareharbor.com/embeds/calendar/oldcitybeertours/items/171546/?asn=fhdn&asn-ref=miamistylerentals&ref=miamistylerentals&bookable-only=yes&full-items=yes&marketplace=yes&flow=no,"<script src=""https://fareharbor.com/embeds/script/calendar/oldcitybeertours/items/171546/?asn=fhdn&asn-ref=miamistylerentals&ref=miamistylerentals&bookable-only=yes&full-items=yes&marketplace=yes&flow=no""></script>",https://fareharbor.com/embeds/book/oldcitybeertours/items/171546/?asn=fhdn&asn-ref=miamistylerentals&ref=miamistylerentals&bookable-only=yes&full-items=yes&marketplace=yes&flow=no,https://cdn.filestackcontent.com/zscu6AV6QKy0Y04WJVBY
St Augustine Sailing,sta-sail,sas@sta-sail.com,(904) 829-0648,United States/Florida/St. Augustine,,,320971,Private Sunset Sail Along Historic Bayfront,Boat Rental-Boat Tour-Catamaran-Dinner Boat-Dolphin-Eco Tour-Events-Food Tour-Private-Rentals-Sailing-Service-Sports-Water Activities-Wine,3,57,91,7,31,61,91,181,https://fareharbor.com/embeds/calendar/sta-sail/items/320971/?asn=fhdn&asn-ref=miamistylerentals&ref=miamistylerentals&bookable-only=yes&full-items=yes&marketplace=yes&flow=no,"<script src=""https://fareharbor.com/embeds/script/calendar/sta-sail/items/320971/?asn=fhdn&asn-ref=miamistylerentals&ref=miamistylerentals&bookable-only=yes&full-items=yes&marketplace=yes&flow=no""></script>",https://fareharbor.com/embeds/book/sta-sail/items/320971/?asn=fhdn&asn-ref=miamistylerentals&ref=miamistylerentals&bookable-only=yes&full-items=yes&marketplace=yes&flow=no,https://cdn.filestackcontent.com/oGqkNRySdyGT63ogiwLz
St. Augustine Experiences,oldcitybeertours,hello@staexp.com,+1 904 599 7391,United States/Florida/St. Augustine,,,343879,"St. Augustine's Wine, Cocktail, and Food Experience",Food Tour-Wine,3,57,77,6,25,52,77,154,https://fareharbor.com/embeds/calendar/oldcitybeertours/items/343879/?asn=fhdn&asn-ref=miamistylerentals&ref=miamistylerentals&bookable-only=yes&full-items=yes&marketplace=yes&flow=no,"<script src=""https://fareharbor.com/embeds/script/calendar/oldcitybeertours/items/343879/?asn=fhdn&asn-ref=miamistylerentals&ref=miamistylerentals&bookable-only=yes&full-items=yes&marketplace=yes&flow=no""></script>",https://fareharbor.com/embeds/book/oldcitybeertours/items/343879/?asn=fhdn&asn-ref=miamistylerentals&ref=miamistylerentals&bookable-only=yes&full-items=yes&marketplace=yes&flow=no,https://cdn.filestackcontent.com/cBSuOEOmQq2GuMgJOahN
Coastal Carriages INC,coastalcarriagesinc,pezzacoastalcarriages@gmail.com,3865597388,United States/Florida/St. Augustine,,,503625,Wedding Carriage,Carriage,3,57,990,77,330,660,990,1980,https://fareharbor.com/embeds/calendar/coastalcarriagesinc/items/503625/?asn=fhdn&asn-ref=miamistylerentals&ref=miamistylerentals&bookable-only=yes&full-items=yes&marketplace=yes&flow=no,"<script src=""https://fareharbor.com/embeds/script/calendar/coastalcarriagesinc/items/503625/?asn=fhdn&asn-ref=miamistylerentals&ref=miamistylerentals&bookable-only=yes&full-items=yes&marketplace=yes&flow=no""></script>",https://fareharbor.com/embeds/book/coastalcarriagesinc/items/503625/?asn=fhdn&asn-ref=miamistylerentals&ref=miamistylerentals&bookable-only=yes&full-items=yes&marketplace=yes&flow=no,https://cdn.filestackcontent.com/fD6M4o37S7iQndNyg602
Kayaking St. Augustine,kayakingstaugustine,booking@kayakingstaugustine.com,(904) 315-8442,United States/Florida/St. Augustine,-81.285637,29.885918,569532,Kayaking St. Augustine's Original Dolphin Tour,Kayak,5,57,0,0,0,0,0,0,https://fareharbor.com/embeds/calendar/kayakingstaugustine/items/569532/?asn=fhdn&asn-ref=miamistylerentals&ref=miamistylerentals&bookable-only=yes&full-items=yes&marketplace=yes&flow=no,"<script src=""https://fareharbor.com/embeds/script/calendar/kayakingstaugustine/items/569532/?asn=fhdn&asn-ref=miamistylerentals&ref=miamistylerentals&bookable-only=yes&full-items=yes&marketplace=yes&flow=no""></script>",https://fareharbor.com/embeds/book/kayakingstaugustine/items/569532/?asn=fhdn&asn-ref=miamistylerentals&ref=miamistylerentals&bookable-only=yes&full-items=yes&marketplace=yes&flow=no,https://cdn.filestackcontent.com/RMJlS0TS6yPao2uLJdow
Island Life St. Augustine,pedegoelectricbikes-staugustine,glenn@pedegostaugustine.com,(904) 436-5045,United States/Florida/St. Augustine,-81.313931,29.892184,443284,Hybrid Bike Rental,Bike Rental,4,56,1155,90,390,780,1155,2325,https://fareharbor.com/embeds/calendar/pedegoelectricbikes-staugustine/items/443284/?asn=fhdn&asn-ref=miamistylerentals&ref=miamistylerentals&bookable-only=yes&full-items=yes&marketplace=yes&flow=no,"<script src=""https://fareharbor.com/embeds/script/calendar/pedegoelectricbikes-staugustine/items/443284/?asn=fhdn&asn-ref=miamistylerentals&ref=miamistylerentals&bookable-only=yes&full-items=yes&marketplace=yes&flow=no""></script>",https://fareharbor.com/embeds/book/pedegoelectricbikes-staugustine/items/443284/?asn=fhdn&asn-ref=miamistylerentals&ref=miamistylerentals&bookable-only=yes&full-items=yes&marketplace=yes&flow=no,https://cdn.filestackcontent.com/5Hro25qrSRaBfinRWMT7
St Augustine Sailing,sta-sail,sas@sta-sail.com,(904) 829-0648,United States/Florida/St. Augustine,,,605100,Basic Keelboat Prep Class,Boat Rental-Catamaran-Lesson-Sailing-Water Activities-Workshop,2,56,180,14,60,120,180,360,https://fareharbor.com/embeds/calendar/sta-sail/items/605100/?asn=fhdn&asn-ref=miamistylerentals&ref=miamistylerentals&bookable-only=yes&full-items=yes&marketplace=yes&flow=no,"<script src=""https://fareharbor.com/embeds/script/calendar/sta-sail/items/605100/?asn=fhdn&asn-ref=miamistylerentals&ref=miamistylerentals&bookable-only=yes&full-items=yes&marketplace=yes&flow=no""></script>",https://fareharbor.com/embeds/book/sta-sail/items/605100/?asn=fhdn&asn-ref=miamistylerentals&ref=miamistylerentals&bookable-only=yes&full-items=yes&marketplace=yes&flow=no,https://cdn.filestackcontent.com/BSmSabYGT2SnyjCpcSjB
"St. Augustine Brewery Tours, LLC",staugustinebrewerytours,info@staugustinebrewerytours.com,‪(904) 865-0148‬,United States/Florida/St. Augustine,,,639235,PRIVATE Walking Beer & History Tour,,2,56,390,30,132,264,390,774,https://fareharbor.com/embeds/calendar/staugustinebrewerytours/items/639235/?asn=fhdn&asn-ref=miamistylerentals&ref=miamistylerentals&bookable-only=yes&full-items=yes&marketplace=yes&flow=no,"<script src=""https://fareharbor.com/embeds/script/calendar/staugustinebrewerytours/items/639235/?asn=fhdn&asn-ref=miamistylerentals&ref=miamistylerentals&bookable-only=yes&full-items=yes&marketplace=yes&flow=no""></script>",https://fareharbor.com/embeds/book/staugustinebrewerytours/items/639235/?asn=fhdn&asn-ref=miamistylerentals&ref=miamistylerentals&bookable-only=yes&full-items=yes&marketplace=yes&flow=no,https://cdn.filestackcontent.com/84zUrChQ0uRMD0Xn7xRD
Gone2Sea Boat Rentals,gone2seaboatrentals,info@gone2seaboatrentals.com,904-980-8700,United States/Florida/St. Augustine,,,701814,Ultimate St. Augustine Bachelorette Party Cruise w/ Giant Floating Mat!,,7,56,810,63,270,540,810,1620,https://fareharbor.com/embeds/calendar/gone2seaboatrentals/items/701814/?asn=fhdn&asn-ref=miamistylerentals&ref=miamistylerentals&bookable-only=yes&full-items=yes&marketplace=yes&flow=no,"<script src=""https://fareharbor.com/embeds/script/calendar/gone2seaboatrentals/items/701814/?asn=fhdn&asn-ref=miamistylerentals&ref=miamistylerentals&bookable-only=yes&full-items=yes&marketplace=yes&flow=no""></script>",https://fareharbor.com/embeds/book/gone2seaboatrentals/items/701814/?asn=fhdn&asn-ref=miamistylerentals&ref=miamistylerentals&bookable-only=yes&full-items=yes&marketplace=yes&flow=no,https://cdn.filestackcontent.com/6xY9nqyQGWuMxIlePt62
Afterlife Tours - St. Augustine,afterlifetours-staugustine,afterlifetours@yahoo.com,(912) 398-7820,United States,,,711095,Tales of the Past History Tour,,8,56,86,4,26,57,86,176,https://fareharbor.com/embeds/calendar/afterlifetours-staugustine/items/711095/?asn=fhdn&asn-ref=miamistylerentals&ref=miamistylerentals&bookable-only=yes&full-items=yes&marketplace=yes&flow=no,"<script src=""https://fareharbor.com/embeds/script/calendar/afterlifetours-staugustine/items/711095/?asn=fhdn&asn-ref=miamistylerentals&ref=miamistylerentals&bookable-only=yes&full-items=yes&marketplace=yes&flow=no""></script>",https://fareharbor.com/embeds/book/afterlifetours-staugustine/items/711095/?asn=fhdn&asn-ref=miamistylerentals&ref=miamistylerentals&bookable-only=yes&full-items=yes&marketplace=yes&flow=no,https://cdn.filestackcontent.com/m0zsjQDaSHO1iEnUneMD
Gone2Sea Boat Rentals,gone2seaboatrentals,info@gone2seaboatrentals.com,904-980-8700,United States/Florida/St. Augustine,,,720523,Step Into the Wild: Private Morning EcoTour with Captain Adam,,11,56,90,7,30,60,90,180,https://fareharbor.com/embeds/calendar/gone2seaboatrentals/items/720523/?asn=fhdn&asn-ref=miamistylerentals&ref=miamistylerentals&bookable-only=yes&full-items=yes&marketplace=yes&flow=no,"<script src=""https://fareharbor.com/embeds/script/calendar/gone2seaboatrentals/items/720523/?asn=fhdn&asn-ref=miamistylerentals&ref=miamistylerentals&bookable-only=yes&full-items=yes&marketplace=yes&flow=no""></script>",https://fareharbor.com/embeds/book/gone2seaboatrentals/items/720523/?asn=fhdn&asn-ref=miamistylerentals&ref=miamistylerentals&bookable-only=yes&full-items=yes&marketplace=yes&flow=no,https://cdn.filestackcontent.com/Ck8AtDPaQH2gcz3fZVUa
St. Augustine Paddle Sports,staugustinepaddlesports,staugpadsports@yahoo.com,1(904) 217-7085,United States/Florida/St. Augustine,-81.335708,29.914638,27663,Kayak Fishing Charters,,10,55,180,14,60,120,180,360,https://fareharbor.com/embeds/calendar/staugustinepaddlesports/items/27663/?asn=fhdn&asn-ref=miamistylerentals&ref=miamistylerentals&bookable-only=yes&full-items=yes&marketplace=yes&flow=no,"<script src=""https://fareharbor.com/embeds/script/calendar/staugustinepaddlesports/items/27663/?asn=fhdn&asn-ref=miamistylerentals&ref=miamistylerentals&bookable-only=yes&full-items=yes&marketplace=yes&flow=no""></script>",https://fareharbor.com/embeds/book/staugustinepaddlesports/items/27663/?asn=fhdn&asn-ref=miamistylerentals&ref=miamistylerentals&bookable-only=yes&full-items=yes&marketplace=yes&flow=no,https://cdn.filestackcontent.com/zvmI35TGRuOQ5HgzyBBF
Red Boat Water Tours,redboatwatertours,info@redboattours.com,904-436-3566,United States/Florida/St. Augustine,,,80934,Dolphin Odyssey - Red Boat Tours - Family Friendly,,7,55,79,7,27,53,79,155,https://fareharbor.com/embeds/calendar/redboatwatertours/items/80934/?asn=fhdn&asn-ref=miamistylerentals&ref=miamistylerentals&bookable-only=yes&full-items=yes&marketplace=yes&flow=no,"<script src=""https://fareharbor.com/embeds/script/calendar/redboatwatertours/items/80934/?asn=fhdn&asn-ref=miamistylerentals&ref=miamistylerentals&bookable-only=yes&full-items=yes&marketplace=yes&flow=no""></script>",https://fareharbor.com/embeds/book/redboatwatertours/items/80934/?asn=fhdn&asn-ref=miamistylerentals&ref=miamistylerentals&bookable-only=yes&full-items=yes&marketplace=yes&flow=no,
Red Boat Water Tours,redboatwatertours,info@redboattours.com,904-436-3566,United States/Florida/St. Augustine,,,80935,"Red Boat Tours - B.Y.O.B. Sunset Cruise Thurs, Fri, Sat",,7,55,37,3,12,25,37,75,https://fareharbor.com/embeds/calendar/redboatwatertours/items/80935/?asn=fhdn&asn-ref=miamistylerentals&ref=miamistylerentals&bookable-only=yes&full-items=yes&marketplace=yes&flow=no,"<script src=""https://fareharbor.com/embeds/script/calendar/redboatwatertours/items/80935/?asn=fhdn&asn-ref=miamistylerentals&ref=miamistylerentals&bookable-only=yes&full-items=yes&marketplace=yes&flow=no""></script>",https://fareharbor.com/embeds/book/redboatwatertours/items/80935/?asn=fhdn&asn-ref=miamistylerentals&ref=miamistylerentals&bookable-only=yes&full-items=yes&marketplace=yes&flow=no,
Explore Tours And Pickups,exploretoursandpickups,exploretoursandpickups@gmail.com,(904) 853-1500,United States/Florida/St. Augustine,,,189891,Nights Of Lights Tour,,12,55,0,0,0,0,0,0,https://fareharbor.com/embeds/calendar/exploretoursandpickups/items/189891/?asn=fhdn&asn-ref=miamistylerentals&ref=miamistylerentals&bookable-only=yes&full-items=yes&marketplace=yes&flow=no,"<script src=""https://fareharbor.com/embeds/script/calendar/exploretoursandpickups/items/189891/?asn=fhdn&asn-ref=miamistylerentals&ref=miamistylerentals&bookable-only=yes&full-items=yes&marketplace=yes&flow=no""></script>",https://fareharbor.com/embeds/book/exploretoursandpickups/items/189891/?asn=fhdn&asn-ref=miamistylerentals&ref=miamistylerentals&bookable-only=yes&full-items=yes&marketplace=yes&flow=no,https://cdn.filestackcontent.com/EoGeXwyJQB6WEXPomlP9
St. Augustine Experiences,oldcitybeertours,hello@staexp.com,+1 904 599 7391,United States/Florida/St. Augustine,,,341064,St. Augustine History Tour,History Tour,2,55,307,27,114,218,307,655,https://fareharbor.com/embeds/calendar/oldcitybeertours/items/341064/?asn=fhdn&asn-ref=miamistylerentals&ref=miamistylerentals&bookable-only=yes&full-items=yes&marketplace=yes&flow=no,"<script src=""https://fareharbor.com/embeds/script/calendar/oldcitybeertours/items/341064/?asn=fhdn&asn-ref=miamistylerentals&ref=miamistylerentals&bookable-only=yes&full-items=yes&marketplace=yes&flow=no""></script>",https://fareharbor.com/embeds/book/oldcitybeertours/items/341064/?asn=fhdn&asn-ref=miamistylerentals&ref=miamistylerentals&bookable-only=yes&full-items=yes&marketplace=yes&flow=no,https://cdn.filestackcontent.com/0ZQsI8hIRLO6t5teXRew
Freeedom Adventures and Photography LLC,freeedomphotography,FreeedomAdventures@gmail.com,904-903-6125,United States/Florida/St. Augustine,,,390121,Freedom Photo Adventure Experience: St. Augustine,,13,55,151,13,56,112,151,166,https://fareharbor.com/embeds/calendar/freeedomphotography/items/390121/?asn=fhdn&asn-ref=miamistylerentals&ref=miamistylerentals&bookable-only=yes&full-items=yes&marketplace=yes&flow=no,"<script src=""https://fareharbor.com/embeds/script/calendar/freeedomphotography/items/390121/?asn=fhdn&asn-ref=miamistylerentals&ref=miamistylerentals&bookable-only=yes&full-items=yes&marketplace=yes&flow=no""></script>",https://fareharbor.com/embeds/book/freeedomphotography/items/390121/?asn=fhdn&asn-ref=miamistylerentals&ref=miamistylerentals&bookable-only=yes&full-items=yes&marketplace=yes&flow=no,https://cdn.filestackcontent.com/DTrb1cATSXW4Yd4THLxg
See America Tours,seeamericatours,Seeamericatoursfl@gmail.com,407-342-1569,United States/Florida/St. Augustine,-81.313691,29.893828,407088,The Night Watchman Ghost Tour,,5,55,90,7,30,60,90,180,https://fareharbor.com/embeds/calendar/seeamericatours/items/407088/?asn=fhdn&asn-ref=miamistylerentals&ref=miamistylerentals&bookable-only=yes&full-items=yes&marketplace=yes&flow=no,"<script src=""https://fareharbor.com/embeds/script/calendar/seeamericatours/items/407088/?asn=fhdn&asn-ref=miamistylerentals&ref=miamistylerentals&bookable-only=yes&full-items=yes&marketplace=yes&flow=no""></script>",https://fareharbor.com/embeds/book/seeamericatours/items/407088/?asn=fhdn&asn-ref=miamistylerentals&ref=miamistylerentals&bookable-only=yes&full-items=yes&marketplace=yes&flow=no,https://cdn.filestackcontent.com/Az8mrBS8QKamAm3ojAB6
See America Tours,seeamericatours,Seeamericatoursfl@gmail.com,407-342-1569,United States/Florida/St. Augustine,-81.316915,29.89821,460463,Private Guided Walking History Tour,,5,55,270,21,90,180,270,540,https://fareharbor.com/embeds/calendar/seeamericatours/items/460463/?asn=fhdn&asn-ref=miamistylerentals&ref=miamistylerentals&bookable-only=yes&full-items=yes&marketplace=yes&flow=no,"<script src=""https://fareharbor.com/embeds/script/calendar/seeamericatours/items/460463/?asn=fhdn&asn-ref=miamistylerentals&ref=miamistylerentals&bookable-only=yes&full-items=yes&marketplace=yes&flow=no""></script>",https://fareharbor.com/embeds/book/seeamericatours/items/460463/?asn=fhdn&asn-ref=miamistylerentals&ref=miamistylerentals&bookable-only=yes&full-items=yes&marketplace=yes&flow=no,https://cdn.filestackcontent.com/WU2KBzHsQWW25rVkyZmP
See America Tours,seeamericatours,Seeamericatoursfl@gmail.com,407-342-1569,United States/Florida/St. Augustine,-81.316915,29.89821,471116,The Key to the City Scavenger Hunt,,5,55,90,7,30,60,90,180,https://fareharbor.com/embeds/calendar/seeamericatours/items/471116/?asn=fhdn&asn-ref=miamistylerentals&ref=miamistylerentals&bookable-only=yes&full-items=yes&marketplace=yes&flow=no,"<script src=""https://fareharbor.com/embeds/script/calendar/seeamericatours/items/471116/?asn=fhdn&asn-ref=miamistylerentals&ref=miamistylerentals&bookable-only=yes&full-items=yes&marketplace=yes&flow=no""></script>",https://fareharbor.com/embeds/book/seeamericatours/items/471116/?asn=fhdn&asn-ref=miamistylerentals&ref=miamistylerentals&bookable-only=yes&full-items=yes&marketplace=yes&flow=no,https://cdn.filestackcontent.com/tAmAydRWqh7b6NHL8Ywp
Florida Water Tours,floridawatertour,info@flwatertours.com,904-827-7728,United States/Florida/St. Augustine,,,496911,Brunch & Bottlenose,Boat Tour,9,55,8,1,3,6,8,11,https://fareharbor.com/embeds/calendar/floridawatertour/items/496911/?asn=fhdn&asn-ref=miamistylerentals&ref=miamistylerentals&bookable-only=yes&full-items=yes&marketplace=yes&flow=no,"<script src=""https://fareharbor.com/embeds/script/calendar/floridawatertour/items/496911/?asn=fhdn&asn-ref=miamistylerentals&ref=miamistylerentals&bookable-only=yes&full-items=yes&marketplace=yes&flow=no""></script>",https://fareharbor.com/embeds/book/floridawatertour/items/496911/?asn=fhdn&asn-ref=miamistylerentals&ref=miamistylerentals&bookable-only=yes&full-items=yes&marketplace=yes&flow=no,https://cdn.filestackcontent.com/ypCdIcCQSSCSWwtBS1H3
Freeedom Adventures and Photography LLC,freeedomphotography,FreeedomAdventures@gmail.com,904-903-6125,United States/Florida/St. Augustine,,,512960,Secrets of St. Augustine Tour~,,11,55,77,6,26,52,77,91,https://fareharbor.com/embeds/calendar/freeedomphotography/items/512960/?asn=fhdn&asn-ref=miamistylerentals&ref=miamistylerentals&bookable-only=yes&full-items=yes&marketplace=yes&flow=no,"<script src=""https://fareharbor.com/embeds/script/calendar/freeedomphotography/items/512960/?asn=fhdn&asn-ref=miamistylerentals&ref=miamistylerentals&bookable-only=yes&full-items=yes&marketplace=yes&flow=no""></script>",https://fareharbor.com/embeds/book/freeedomphotography/items/512960/?asn=fhdn&asn-ref=miamistylerentals&ref=miamistylerentals&bookable-only=yes&full-items=yes&marketplace=yes&flow=no,https://cdn.filestackcontent.com/ro2MrNB9QyaGFAkURzC4
Freeedom Adventures and Photography LLC,freeedomphotography,FreeedomAdventures@gmail.com,904-903-6125,United States/Florida/St. Augustine,-81.31192,29.894291,553106,Torrid Tales True Crime,,12,55,90,7,30,60,90,106,https://fareharbor.com/embeds/calendar/freeedomphotography/items/553106/?asn=fhdn&asn-ref=miamistylerentals&ref=miamistylerentals&bookable-only=yes&full-items=yes&marketplace=yes&flow=no,"<script src=""https://fareharbor.com/embeds/script/calendar/freeedomphotography/items/553106/?asn=fhdn&asn-ref=miamistylerentals&ref=miamistylerentals&bookable-only=yes&full-items=yes&marketplace=yes&flow=no""></script>",https://fareharbor.com/embeds/book/freeedomphotography/items/553106/?asn=fhdn&asn-ref=miamistylerentals&ref=miamistylerentals&bookable-only=yes&full-items=yes&marketplace=yes&flow=no,https://cdn.filestackcontent.com/aTCJSiyeTiq5EKLJvQjC
Tiny Tug Tours LLC,tinytugtour,tinytugtour@gmail.com,904-926-4040,United States/Florida/St. Augustine,,,643467,🌅 Private Sunset Tour 🥂,Boat Tour,1,55,45,0,10,27,45,70,https://fareharbor.com/embeds/calendar/tinytugtour/items/643467/?asn=fhdn&asn-ref=miamistylerentals&ref=miamistylerentals&bookable-only=yes&full-items=yes&marketplace=yes&flow=no,"<script src=""https://fareharbor.com/embeds/script/calendar/tinytugtour/items/643467/?asn=fhdn&asn-ref=miamistylerentals&ref=miamistylerentals&bookable-only=yes&full-items=yes&marketplace=yes&flow=no""></script>",https://fareharbor.com/embeds/book/tinytugtour/items/643467/?asn=fhdn&asn-ref=miamistylerentals&ref=miamistylerentals&bookable-only=yes&full-items=yes&marketplace=yes&flow=no,https://cdn.filestackcontent.com/PeqrDx4ATAqps7bXrftx
Tiny Tug Tours LLC,tinytugtour,tinytugtour@gmail.com,904-926-4040,United States/Florida/St. Augustine,,,643480,🌞 Daytime Sightseeing & Dolphin Tour 🐬,Boat Tour,1,55,90,0,20,56,90,226,https://fareharbor.com/embeds/calendar/tinytugtour/items/643480/?asn=fhdn&asn-ref=miamistylerentals&ref=miamistylerentals&bookable-only=yes&full-items=yes&marketplace=yes&flow=no,"<script src=""https://fareharbor.com/embeds/script/calendar/tinytugtour/items/643480/?asn=fhdn&asn-ref=miamistylerentals&ref=miamistylerentals&bookable-only=yes&full-items=yes&marketplace=yes&flow=no""></script>",https://fareharbor.com/embeds/book/tinytugtour/items/643480/?asn=fhdn&asn-ref=miamistylerentals&ref=miamistylerentals&bookable-only=yes&full-items=yes&marketplace=yes&flow=no,https://cdn.filestackcontent.com/10lV66oHSvW6JTUydHpp
Tiny Tug Tours LLC,tinytugtour,tinytugtour@gmail.com,904-926-4040,United States/Florida/St. Augustine,,,643482,Morning Brunch Tour  🥐🍊,Boat Tour,1,55,45,0,10,28,45,54,https://fareharbor.com/embeds/calendar/tinytugtour/items/643482/?asn=fhdn&asn-ref=miamistylerentals&ref=miamistylerentals&bookable-only=yes&full-items=yes&marketplace=yes&flow=no,"<script src=""https://fareharbor.com/embeds/script/calendar/tinytugtour/items/643482/?asn=fhdn&asn-ref=miamistylerentals&ref=miamistylerentals&bookable-only=yes&full-items=yes&marketplace=yes&flow=no""></script>",https://fareharbor.com/embeds/book/tinytugtour/items/643482/?asn=fhdn&asn-ref=miamistylerentals&ref=miamistylerentals&bookable-only=yes&full-items=yes&marketplace=yes&flow=no,https://cdn.filestackcontent.com/3nlEBf5tQqesL5aLz4wa
Pineapple Ride & Tour,rideandtour,rideapplicationsinc@gmail.com,904-615-5515,United States/Florida/St. Augustine,,,650435,3 Hour Historical Tour & Foodie Adventure,,3,55,271,21,90,181,271,540,https://fareharbor.com/embeds/calendar/rideandtour/items/650435/?asn=fhdn&asn-ref=miamistylerentals&ref=miamistylerentals&bookable-only=yes&full-items=yes&marketplace=yes&flow=no,"<script src=""https://fareharbor.com/embeds/script/calendar/rideandtour/items/650435/?asn=fhdn&asn-ref=miamistylerentals&ref=miamistylerentals&bookable-only=yes&full-items=yes&marketplace=yes&flow=no""></script>",https://fareharbor.com/embeds/book/rideandtour/items/650435/?asn=fhdn&asn-ref=miamistylerentals&ref=miamistylerentals&bookable-only=yes&full-items=yes&marketplace=yes&flow=no,https://cdn.filestackcontent.com/otXyJExsR824n8oOI64i
St Augustine Sailing,sta-sail,sas@sta-sail.com,(904) 829-0648,United States/Florida/St. Augustine,,,653226,Shared - Sunset Dinner Cruise,Boat Rental-Boat Tour-Catamaran-Dinner Boat-Dolphin-Events-Food Tour-Photography Tour-Private-Rentals-Sailing-Water Activities,0,55,51,4,16,33,51,102,https://fareharbor.com/embeds/calendar/sta-sail/items/653226/?asn=fhdn&asn-ref=miamistylerentals&ref=miamistylerentals&bookable-only=yes&full-items=yes&marketplace=yes&flow=no,"<script src=""https://fareharbor.com/embeds/script/calendar/sta-sail/items/653226/?asn=fhdn&asn-ref=miamistylerentals&ref=miamistylerentals&bookable-only=yes&full-items=yes&marketplace=yes&flow=no""></script>",https://fareharbor.com/embeds/book/sta-sail/items/653226/?asn=fhdn&asn-ref=miamistylerentals&ref=miamistylerentals&bookable-only=yes&full-items=yes&marketplace=yes&flow=no,https://cdn.filestackcontent.com/lqDgMk2OSd2FfGOgwMdu
Freeedom Adventures and Photography LLC,freeedomphotography,FreeedomAdventures@gmail.com,904-903-6125,United States/Florida/St. Augustine,,,696670,Last Stand,Guided Tour-History Tour-Other-Walking Tour,7,55,0,0,0,0,0,0,https://fareharbor.com/embeds/calendar/freeedomphotography/items/696670/?asn=fhdn&asn-ref=miamistylerentals&ref=miamistylerentals&bookable-only=yes&full-items=yes&marketplace=yes&flow=no,"<script src=""https://fareharbor.com/embeds/script/calendar/freeedomphotography/items/696670/?asn=fhdn&asn-ref=miamistylerentals&ref=miamistylerentals&bookable-only=yes&full-items=yes&marketplace=yes&flow=no""></script>",https://fareharbor.com/embeds/book/freeedomphotography/items/696670/?asn=fhdn&asn-ref=miamistylerentals&ref=miamistylerentals&bookable-only=yes&full-items=yes&marketplace=yes&flow=no,https://cdn.filestackcontent.com/QNOh8ySYQW6gvWbGY0JY
GhoSt Augustine,ghostaugustine,tours@ghostaugustine.com,904-824-8840,United States/Florida/St. Augustine,,,6057,Dead Walk,,1,54,136,7,29,77,136,315,https://fareharbor.com/embeds/calendar/ghostaugustine/items/6057/?asn=fhdn&asn-ref=miamistylerentals&ref=miamistylerentals&bookable-only=yes&full-items=yes&marketplace=yes&flow=no,"<script src=""https://fareharbor.com/embeds/script/calendar/ghostaugustine/items/6057/?asn=fhdn&asn-ref=miamistylerentals&ref=miamistylerentals&bookable-only=yes&full-items=yes&marketplace=yes&flow=no""></script>",https://fareharbor.com/embeds/book/ghostaugustine/items/6057/?asn=fhdn&asn-ref=miamistylerentals&ref=miamistylerentals&bookable-only=yes&full-items=yes&marketplace=yes&flow=no,https://cdn.filestackcontent.com/oWASaZADTsSUulV9Kq29
Sea Serpent Tours,seaserpenttours,capt@seaserpenttours.com,904-495-4200,United States/Florida/St. Augustine,-81.313931,29.892184,150600,Private Airboat Tour,Airboat,2,54,296,24,96,192,296,604,https://fareharbor.com/embeds/calendar/seaserpenttours/items/150600/?asn=fhdn&asn-ref=miamistylerentals&ref=miamistylerentals&bookable-only=yes&full-items=yes&marketplace=yes&flow=no,"<script src=""https://fareharbor.com/embeds/script/calendar/seaserpenttours/items/150600/?asn=fhdn&asn-ref=miamistylerentals&ref=miamistylerentals&bookable-only=yes&full-items=yes&marketplace=yes&flow=no""></script>",https://fareharbor.com/embeds/book/seaserpenttours/items/150600/?asn=fhdn&asn-ref=miamistylerentals&ref=miamistylerentals&bookable-only=yes&full-items=yes&marketplace=yes&flow=no,https://cdn.filestackcontent.com/sgTVs4N8SRKZkAPmxnwe
Pirates of St. Augustine,piratesofstaugistine,blackravenadventures@gmail.com,(904) 826-0000,United States/Florida/St. Augustine,,,244066,Rum Runner Cruise,Boat Tour,2,54,39,3,12,25,39,71,https://fareharbor.com/embeds/calendar/piratesofstaugistine/items/244066/?asn=fhdn&asn-ref=miamistylerentals&ref=miamistylerentals&bookable-only=yes&full-items=yes&marketplace=yes&flow=no,"<script src=""https://fareharbor.com/embeds/script/calendar/piratesofstaugistine/items/244066/?asn=fhdn&asn-ref=miamistylerentals&ref=miamistylerentals&bookable-only=yes&full-items=yes&marketplace=yes&flow=no""></script>",https://fareharbor.com/embeds/book/piratesofstaugistine/items/244066/?asn=fhdn&asn-ref=miamistylerentals&ref=miamistylerentals&bookable-only=yes&full-items=yes&marketplace=yes&flow=no,
Ancient City Slingshots,ancientcityslingshot,acslingshots@gmail.com,904-385-9676,United States/Florida/St. Augustine,-81.333275,29.91531,323384,2-Hour Automatic Adventure,Exotic Car,1,54,810,63,270,540,810,1620,https://fareharbor.com/embeds/calendar/ancientcityslingshot/items/323384/?asn=fhdn&asn-ref=miamistylerentals&ref=miamistylerentals&bookable-only=yes&full-items=yes&marketplace=yes&flow=no,"<script src=""https://fareharbor.com/embeds/script/calendar/ancientcityslingshot/items/323384/?asn=fhdn&asn-ref=miamistylerentals&ref=miamistylerentals&bookable-only=yes&full-items=yes&marketplace=yes&flow=no""></script>",https://fareharbor.com/embeds/book/ancientcityslingshot/items/323384/?asn=fhdn&asn-ref=miamistylerentals&ref=miamistylerentals&bookable-only=yes&full-items=yes&marketplace=yes&flow=no,https://cdn.filestackcontent.com/NIlTM7jXQGqcjUyA0hhJ
Ancient City Slingshots,ancientcityslingshot,acslingshots@gmail.com,904-385-9676,United States/Florida/St. Augustine,-81.333275,29.91531,323385,2-hour Manual Adventure,Exotic Car,1,54,810,63,270,540,810,1620,https://fareharbor.com/embeds/calendar/ancientcityslingshot/items/323385/?asn=fhdn&asn-ref=miamistylerentals&ref=miamistylerentals&bookable-only=yes&full-items=yes&marketplace=yes&flow=no,"<script src=""https://fareharbor.com/embeds/script/calendar/ancientcityslingshot/items/323385/?asn=fhdn&asn-ref=miamistylerentals&ref=miamistylerentals&bookable-only=yes&full-items=yes&marketplace=yes&flow=no""></script>",https://fareharbor.com/embeds/book/ancientcityslingshot/items/323385/?asn=fhdn&asn-ref=miamistylerentals&ref=miamistylerentals&bookable-only=yes&full-items=yes&marketplace=yes&flow=no,https://cdn.filestackcontent.com/4mKocehVTxWT4rGpe1Nk
Spyglass Travel,spyglasstravel,Kevin@spyglasstravel.org,(386) 227-1064,United States/Florida/St. Augustine,-81.313796,29.890869,404072,"Wicked St. Augustine: Bootleggers, Brothels & Gambling in the Ancient City",,1,54,39,3,13,26,39,77,https://fareharbor.com/embeds/calendar/spyglasstravel/items/404072/?asn=fhdn&asn-ref=miamistylerentals&ref=miamistylerentals&bookable-only=yes&full-items=yes&marketplace=yes&flow=no,"<script src=""https://fareharbor.com/embeds/script/calendar/spyglasstravel/items/404072/?asn=fhdn&asn-ref=miamistylerentals&ref=miamistylerentals&bookable-only=yes&full-items=yes&marketplace=yes&flow=no""></script>",https://fareharbor.com/embeds/book/spyglasstravel/items/404072/?asn=fhdn&asn-ref=miamistylerentals&ref=miamistylerentals&bookable-only=yes&full-items=yes&marketplace=yes&flow=no,https://cdn.filestackcontent.com/9BxIBw1ESs380JLsbriL
Gone2Sea Boat Rentals,gone2seaboatrentals,info@gone2seaboatrentals.com,904-980-8700,United States/Florida/St. Augustine,,,669469,2025 Hurricane 22’  Seafoam w/ all the whistles,Boat Rental,1,54,990,77,330,660,990,1980,https://fareharbor.com/embeds/calendar/gone2seaboatrentals/items/669469/?asn=fhdn&asn-ref=miamistylerentals&ref=miamistylerentals&bookable-only=yes&full-items=yes&marketplace=yes&flow=no,"<script src=""https://fareharbor.com/embeds/script/calendar/gone2seaboatrentals/items/669469/?asn=fhdn&asn-ref=miamistylerentals&ref=miamistylerentals&bookable-only=yes&full-items=yes&marketplace=yes&flow=no""></script>",https://fareharbor.com/embeds/book/gone2seaboatrentals/items/669469/?asn=fhdn&asn-ref=miamistylerentals&ref=miamistylerentals&bookable-only=yes&full-items=yes&marketplace=yes&flow=no,https://cdn.filestackcontent.com/8V1LuxxpR0CO2BH9RAno
Gone2Sea Boat Rentals,gone2seaboatrentals,info@gone2seaboatrentals.com,904-980-8700,United States/Florida/St. Augustine,,,669475,Harris Tritoon for Smooth Crusing,Boat Rental,1,54,990,77,330,660,990,1980,https://fareharbor.com/embeds/calendar/gone2seaboatrentals/items/669475/?asn=fhdn&asn-ref=miamistylerentals&ref=miamistylerentals&bookable-only=yes&full-items=yes&marketplace=yes&flow=no,"<script src=""https://fareharbor.com/embeds/script/calendar/gone2seaboatrentals/items/669475/?asn=fhdn&asn-ref=miamistylerentals&ref=miamistylerentals&bookable-only=yes&full-items=yes&marketplace=yes&flow=no""></script>",https://fareharbor.com/embeds/book/gone2seaboatrentals/items/669475/?asn=fhdn&asn-ref=miamistylerentals&ref=miamistylerentals&bookable-only=yes&full-items=yes&marketplace=yes&flow=no,https://cdn.filestackcontent.com/30PIq2Z0SbN7C79l16H7
Gone2Sea Boat Rentals,gone2seaboatrentals,info@gone2seaboatrentals.com,904-980-8700,United States/Florida/St. Augustine,,,669478,NauticStar 193SC Carolina Blue,Boat Rental,1,54,990,77,330,660,990,1980,https://fareharbor.com/embeds/calendar/gone2seaboatrentals/items/669478/?asn=fhdn&asn-ref=miamistylerentals&ref=miamistylerentals&bookable-only=yes&full-items=yes&marketplace=yes&flow=no,"<script src=""https://fareharbor.com/embeds/script/calendar/gone2seaboatrentals/items/669478/?asn=fhdn&asn-ref=miamistylerentals&ref=miamistylerentals&bookable-only=yes&full-items=yes&marketplace=yes&flow=no""></script>",https://fareharbor.com/embeds/book/gone2seaboatrentals/items/669478/?asn=fhdn&asn-ref=miamistylerentals&ref=miamistylerentals&bookable-only=yes&full-items=yes&marketplace=yes&flow=no,https://cdn.filestackcontent.com/njT0kkGMTYikbjHR4hPF
Carriage Tours & Events,carriagetoursandevents,stacarriage@gmail.com,19044661288,United States/Florida/St. Augustine,,,709004,Wedding Carriage,Carriage,2,54,1040,80,336,689,1040,2048,https://fareharbor.com/embeds/calendar/carriagetoursandevents/items/709004/?asn=fhdn&asn-ref=miamistylerentals&ref=miamistylerentals&bookable-only=yes&full-items=yes&marketplace=yes&flow=no,"<script src=""https://fareharbor.com/embeds/script/calendar/carriagetoursandevents/items/709004/?asn=fhdn&asn-ref=miamistylerentals&ref=miamistylerentals&bookable-only=yes&full-items=yes&marketplace=yes&flow=no""></script>",https://fareharbor.com/embeds/book/carriagetoursandevents/items/709004/?asn=fhdn&asn-ref=miamistylerentals&ref=miamistylerentals&bookable-only=yes&full-items=yes&marketplace=yes&flow=no,https://cdn.filestackcontent.com/WqDzymLCSTettpqDGzpI
St Augustine Sailing,sta-sail,sas@sta-sail.com,(904) 829-0648,United States/Florida/St. Augustine,,,320970,Shared Sunset Sailing Charter,Boat Rental-Boat Tour-Catamaran-Dinner Boat-Dolphin-Eco Tour-Events-Food Tour-Rentals-Sailing-Water Activities-Wine,2,53,90,7,30,60,90,180,https://fareharbor.com/embeds/calendar/sta-sail/items/320970/?asn=fhdn&asn-ref=miamistylerentals&ref=miamistylerentals&bookable-only=yes&full-items=yes&marketplace=yes&flow=no,"<script src=""https://fareharbor.com/embeds/script/calendar/sta-sail/items/320970/?asn=fhdn&asn-ref=miamistylerentals&ref=miamistylerentals&bookable-only=yes&full-items=yes&marketplace=yes&flow=no""></script>",https://fareharbor.com/embeds/book/sta-sail/items/320970/?asn=fhdn&asn-ref=miamistylerentals&ref=miamistylerentals&bookable-only=yes&full-items=yes&marketplace=yes&flow=no,https://cdn.filestackcontent.com/r4ZyWb9gSigolUDtz4xJ
St Augustine Sailing,sta-sail,sas@sta-sail.com,(904) 829-0648,United States/Florida/St. Augustine,,,322158,Private Day Sail Along Historic Bayfront,Boat Rental-Boat Tour-Catamaran-Dinner Boat-Dolphin-Events-Food Tour-Private-Rentals-Sailing-Sports-Water Activities-Wildlife-Wine,2,53,271,21,91,181,271,541,https://fareharbor.com/embeds/calendar/sta-sail/items/322158/?asn=fhdn&asn-ref=miamistylerentals&ref=miamistylerentals&bookable-only=yes&full-items=yes&marketplace=yes&flow=no,"<script src=""https://fareharbor.com/embeds/script/calendar/sta-sail/items/322158/?asn=fhdn&asn-ref=miamistylerentals&ref=miamistylerentals&bookable-only=yes&full-items=yes&marketplace=yes&flow=no""></script>",https://fareharbor.com/embeds/book/sta-sail/items/322158/?asn=fhdn&asn-ref=miamistylerentals&ref=miamistylerentals&bookable-only=yes&full-items=yes&marketplace=yes&flow=no,https://cdn.filestackcontent.com/4xSm9lvGTjWJaQyjsQ2C
St Augustine Sailing,sta-sail,sas@sta-sail.com,(904) 829-0648,United States/Florida/St. Augustine,,,446337,Arbor Knot Ceremony,Sailing,2,53,540,42,180,360,540,1080,https://fareharbor.com/embeds/calendar/sta-sail/items/446337/?asn=fhdn&asn-ref=miamistylerentals&ref=miamistylerentals&bookable-only=yes&full-items=yes&marketplace=yes&flow=no,"<script src=""https://fareharbor.com/embeds/script/calendar/sta-sail/items/446337/?asn=fhdn&asn-ref=miamistylerentals&ref=miamistylerentals&bookable-only=yes&full-items=yes&marketplace=yes&flow=no""></script>",https://fareharbor.com/embeds/book/sta-sail/items/446337/?asn=fhdn&asn-ref=miamistylerentals&ref=miamistylerentals&bookable-only=yes&full-items=yes&marketplace=yes&flow=no,https://cdn.filestackcontent.com/R8iJCUHiT16Vs4zo64GC
Palatka Boathouse Riverfront,palatkaboathouseriverfront,lisa@boathousemarina.com,386-385-3662,United States/Florida/Palatka,,,575129,20' Pontoon Boat Rental,Boat Rental,1,53,90,7,30,60,90,180,https://fareharbor.com/embeds/calendar/palatkaboathouseriverfront/items/575129/?asn=fhdn&asn-ref=miamistylerentals&ref=miamistylerentals&bookable-only=yes&full-items=yes&marketplace=yes&flow=no,"<script src=""https://fareharbor.com/embeds/script/calendar/palatkaboathouseriverfront/items/575129/?asn=fhdn&asn-ref=miamistylerentals&ref=miamistylerentals&bookable-only=yes&full-items=yes&marketplace=yes&flow=no""></script>",https://fareharbor.com/embeds/book/palatkaboathouseriverfront/items/575129/?asn=fhdn&asn-ref=miamistylerentals&ref=miamistylerentals&bookable-only=yes&full-items=yes&marketplace=yes&flow=no,https://cdn.filestackcontent.com/doe7RgfwR3CtoR4ok4Sc
Pirate Island Carts,pirateislandcarts,info@pirateislandcarts.com,904-201-3048,United States/Florida/St. Augustine,,,590441,4-Seater Golf Cart,Golf,1,53,90,7,30,60,90,180,https://fareharbor.com/embeds/calendar/pirateislandcarts/items/590441/?asn=fhdn&asn-ref=miamistylerentals&ref=miamistylerentals&bookable-only=yes&full-items=yes&marketplace=yes&flow=no,"<script src=""https://fareharbor.com/embeds/script/calendar/pirateislandcarts/items/590441/?asn=fhdn&asn-ref=miamistylerentals&ref=miamistylerentals&bookable-only=yes&full-items=yes&marketplace=yes&flow=no""></script>",https://fareharbor.com/embeds/book/pirateislandcarts/items/590441/?asn=fhdn&asn-ref=miamistylerentals&ref=miamistylerentals&bookable-only=yes&full-items=yes&marketplace=yes&flow=no,https://cdn.filestackcontent.com/LXU5efMJQDOqUnW0BsSM
Pirate Island Carts,pirateislandcarts,info@pirateislandcarts.com,904-201-3048,United States/Florida/St. Augustine,,,590451,6-Seater Golf Cart,Golf,1,53,90,7,30,60,90,180,https://fareharbor.com/embeds/calendar/pirateislandcarts/items/590451/?asn=fhdn&asn-ref=miamistylerentals&ref=miamistylerentals&bookable-only=yes&full-items=yes&marketplace=yes&flow=no,"<script src=""https://fareharbor.com/embeds/script/calendar/pirateislandcarts/items/590451/?asn=fhdn&asn-ref=miamistylerentals&ref=miamistylerentals&bookable-only=yes&full-items=yes&marketplace=yes&flow=no""></script>",https://fareharbor.com/embeds/book/pirateislandcarts/items/590451/?asn=fhdn&asn-ref=miamistylerentals&ref=miamistylerentals&bookable-only=yes&full-items=yes&marketplace=yes&flow=no,https://cdn.filestackcontent.com/WTn9oJTmqg0xtH27aY5g
Fury Water Adventures - St. Augustine,furystaug,reservations@furystaug.com,(844) 831-5397,United States/Florida/St. Augustine,,,632910,Parasailing,,3,53,295,12,84,200,295,451,https://fareharbor.com/embeds/calendar/furystaug/items/632910/?asn=fhdn&asn-ref=miamistylerentals&ref=miamistylerentals&bookable-only=yes&full-items=yes&marketplace=yes&flow=no,"<script src=""https://fareharbor.com/embeds/script/calendar/furystaug/items/632910/?asn=fhdn&asn-ref=miamistylerentals&ref=miamistylerentals&bookable-only=yes&full-items=yes&marketplace=yes&flow=no""></script>",https://fareharbor.com/embeds/book/furystaug/items/632910/?asn=fhdn&asn-ref=miamistylerentals&ref=miamistylerentals&bookable-only=yes&full-items=yes&marketplace=yes&flow=no,
Gone2Sea Boat Rentals,gone2seaboatrentals,info@gone2seaboatrentals.com,904-980-8700,United States/Florida/St. Augustine,,,669460,2025 Hurricane 22' Ocean Blue equipped w/ fishing option,Boat Rental,1,53,990,77,330,660,990,1980,https://fareharbor.com/embeds/calendar/gone2seaboatrentals/items/669460/?asn=fhdn&asn-ref=miamistylerentals&ref=miamistylerentals&bookable-only=yes&full-items=yes&marketplace=yes&flow=no,"<script src=""https://fareharbor.com/embeds/script/calendar/gone2seaboatrentals/items/669460/?asn=fhdn&asn-ref=miamistylerentals&ref=miamistylerentals&bookable-only=yes&full-items=yes&marketplace=yes&flow=no""></script>",https://fareharbor.com/embeds/book/gone2seaboatrentals/items/669460/?asn=fhdn&asn-ref=miamistylerentals&ref=miamistylerentals&bookable-only=yes&full-items=yes&marketplace=yes&flow=no,https://cdn.filestackcontent.com/Uj7tt1fvRgefWKdor0sV
Gone2Sea Boat Rentals,gone2seaboatrentals,info@gone2seaboatrentals.com,904-980-8700,United States/Florida/St. Augustine,,,691586,Bayliner M17- Best Value Boat & Fun to Drive!,,4,53,992,78,331,662,992,1982,https://fareharbor.com/embeds/calendar/gone2seaboatrentals/items/691586/?asn=fhdn&asn-ref=miamistylerentals&ref=miamistylerentals&bookable-only=yes&full-items=yes&marketplace=yes&flow=no,"<script src=""https://fareharbor.com/embeds/script/calendar/gone2seaboatrentals/items/691586/?asn=fhdn&asn-ref=miamistylerentals&ref=miamistylerentals&bookable-only=yes&full-items=yes&marketplace=yes&flow=no""></script>",https://fareharbor.com/embeds/book/gone2seaboatrentals/items/691586/?asn=fhdn&asn-ref=miamistylerentals&ref=miamistylerentals&bookable-only=yes&full-items=yes&marketplace=yes&flow=no,https://cdn.filestackcontent.com/EsAAFugKTy64yXlMYJJU
St Augustine Sailing,sta-sail,sas@sta-sail.com,(904) 829-0648,United States/Florida/St. Augustine,,,43462,ASA 114 - Catamaran Cruising,Sailing,3,52,26,2,9,18,26,51,https://fareharbor.com/embeds/calendar/sta-sail/items/43462/?asn=fhdn&asn-ref=miamistylerentals&ref=miamistylerentals&bookable-only=yes&full-items=yes&marketplace=yes&flow=no,"<script src=""https://fareharbor.com/embeds/script/calendar/sta-sail/items/43462/?asn=fhdn&asn-ref=miamistylerentals&ref=miamistylerentals&bookable-only=yes&full-items=yes&marketplace=yes&flow=no""></script>",https://fareharbor.com/embeds/book/sta-sail/items/43462/?asn=fhdn&asn-ref=miamistylerentals&ref=miamistylerentals&bookable-only=yes&full-items=yes&marketplace=yes&flow=no,https://cdn.filestackcontent.com/qJuyrGYMQF2HWzq6wVRy
Florida Water Tours,floridawatertour,info@flwatertours.com,904-827-7728,United States/Florida/St. Augustine,-81.308422,29.91653,328026,Sunset / Nights of Lights Cruise - Island Breeze,Attraction-Boat Tour,5,52,0,0,0,0,0,0,https://fareharbor.com/embeds/calendar/floridawatertour/items/328026/?asn=fhdn&asn-ref=miamistylerentals&ref=miamistylerentals&bookable-only=yes&full-items=yes&marketplace=yes&flow=no,"<script src=""https://fareharbor.com/embeds/script/calendar/floridawatertour/items/328026/?asn=fhdn&asn-ref=miamistylerentals&ref=miamistylerentals&bookable-only=yes&full-items=yes&marketplace=yes&flow=no""></script>",https://fareharbor.com/embeds/book/floridawatertour/items/328026/?asn=fhdn&asn-ref=miamistylerentals&ref=miamistylerentals&bookable-only=yes&full-items=yes&marketplace=yes&flow=no,https://cdn.filestackcontent.com/BJHRzrbySAa8TKSEvbxj
Kayaking St. Augustine,kayakingstaugustine,booking@kayakingstaugustine.com,(904) 315-8442,United States/Florida/St. Augustine,-81.285637,29.885918,569537,Dolphin Paddleboard Adventure,SUP,4,52,0,0,0,0,0,0,https://fareharbor.com/embeds/calendar/kayakingstaugustine/items/569537/?asn=fhdn&asn-ref=miamistylerentals&ref=miamistylerentals&bookable-only=yes&full-items=yes&marketplace=yes&flow=no,"<script src=""https://fareharbor.com/embeds/script/calendar/kayakingstaugustine/items/569537/?asn=fhdn&asn-ref=miamistylerentals&ref=miamistylerentals&bookable-only=yes&full-items=yes&marketplace=yes&flow=no""></script>",https://fareharbor.com/embeds/book/kayakingstaugustine/items/569537/?asn=fhdn&asn-ref=miamistylerentals&ref=miamistylerentals&bookable-only=yes&full-items=yes&marketplace=yes&flow=no,https://cdn.filestackcontent.com/KMCxbH9OQb9YyImMaPyQ
Old City Carriages,oldcitycarriages,oldcitycarriages@gmail.com,9047889229,United States/Florida/St. Augustine,,,645788,Classic Horse-Drawn Carriage Tour,Carriage,1,52,540,42,180,360,540,1020,https://fareharbor.com/embeds/calendar/oldcitycarriages/items/645788/?asn=fhdn&asn-ref=miamistylerentals&ref=miamistylerentals&bookable-only=yes&full-items=yes&marketplace=yes&flow=no,"<script src=""https://fareharbor.com/embeds/script/calendar/oldcitycarriages/items/645788/?asn=fhdn&asn-ref=miamistylerentals&ref=miamistylerentals&bookable-only=yes&full-items=yes&marketplace=yes&flow=no""></script>",https://fareharbor.com/embeds/book/oldcitycarriages/items/645788/?asn=fhdn&asn-ref=miamistylerentals&ref=miamistylerentals&bookable-only=yes&full-items=yes&marketplace=yes&flow=no,https://cdn.filestackcontent.com/iwCVG4G7SdSdWwg1vsTf
Old City Carriages,oldcitycarriages,oldcitycarriages@gmail.com,9047889229,United States/Florida/St. Augustine,,,645834,Horse-Drawn Carriage Wedding Rides,Carriage,1,52,49,28,48,49,49,438,https://fareharbor.com/embeds/calendar/oldcitycarriages/items/645834/?asn=fhdn&asn-ref=miamistylerentals&ref=miamistylerentals&bookable-only=yes&full-items=yes&marketplace=yes&flow=no,"<script src=""https://fareharbor.com/embeds/script/calendar/oldcitycarriages/items/645834/?asn=fhdn&asn-ref=miamistylerentals&ref=miamistylerentals&bookable-only=yes&full-items=yes&marketplace=yes&flow=no""></script>",https://fareharbor.com/embeds/book/oldcitycarriages/items/645834/?asn=fhdn&asn-ref=miamistylerentals&ref=miamistylerentals&bookable-only=yes&full-items=yes&marketplace=yes&flow=no,
Red Boat Water Tours,redboatwatertours,info@redboattours.com,904-436-3566,United States/Florida/St. Augustine,,,654106,"Family Friendly Sunset Cruise Sun, Tues, Wed",Sailing,1,52,39,3,14,26,39,77,https://fareharbor.com/embeds/calendar/redboatwatertours/items/654106/?asn=fhdn&asn-ref=miamistylerentals&ref=miamistylerentals&bookable-only=yes&full-items=yes&marketplace=yes&flow=no,"<script src=""https://fareharbor.com/embeds/script/calendar/redboatwatertours/items/654106/?asn=fhdn&asn-ref=miamistylerentals&ref=miamistylerentals&bookable-only=yes&full-items=yes&marketplace=yes&flow=no""></script>",https://fareharbor.com/embeds/book/redboatwatertours/items/654106/?asn=fhdn&asn-ref=miamistylerentals&ref=miamistylerentals&bookable-only=yes&full-items=yes&marketplace=yes&flow=no,
Jax Cruise,tikilacruise,Jaxcruiseinfo@gmail.com,9046511161,United States/Florida/St. Augustine,,,699656,Exodus,,2,52,180,14,60,120,180,360,https://fareharbor.com/embeds/calendar/tikilacruise/items/699656/?asn=fhdn&asn-ref=miamistylerentals&ref=miamistylerentals&bookable-only=yes&full-items=yes&marketplace=yes&flow=no,"<script src=""https://fareharbor.com/embeds/script/calendar/tikilacruise/items/699656/?asn=fhdn&asn-ref=miamistylerentals&ref=miamistylerentals&bookable-only=yes&full-items=yes&marketplace=yes&flow=no""></script>",https://fareharbor.com/embeds/book/tikilacruise/items/699656/?asn=fhdn&asn-ref=miamistylerentals&ref=miamistylerentals&bookable-only=yes&full-items=yes&marketplace=yes&flow=no,https://cdn.filestackcontent.com/Ab9uv2GMRmSJqCInuRsu
Solano Cycle Rentals,solanocycle,kymcodealer@gmail.com,(904) 825-6766,United States/Florida/St. Augustine,,,717188,Four Passenger Golf Cart Rentals,Rentals,1,52,1440,112,480,960,1440,2880,https://fareharbor.com/embeds/calendar/solanocycle/items/717188/?asn=fhdn&asn-ref=miamistylerentals&ref=miamistylerentals&bookable-only=yes&full-items=yes&marketplace=yes&flow=no,"<script src=""https://fareharbor.com/embeds/script/calendar/solanocycle/items/717188/?asn=fhdn&asn-ref=miamistylerentals&ref=miamistylerentals&bookable-only=yes&full-items=yes&marketplace=yes&flow=no""></script>",https://fareharbor.com/embeds/book/solanocycle/items/717188/?asn=fhdn&asn-ref=miamistylerentals&ref=miamistylerentals&bookable-only=yes&full-items=yes&marketplace=yes&flow=no,https://cdn.filestackcontent.com/7kV6slJ9SEekjv8upSHc
Solano Cycle Rentals,solanocycle,kymcodealer@gmail.com,(904) 825-6766,United States/Florida/St. Augustine,,,717213,Six Passenger Golf Cart Rentals,Rentals,1,52,1440,112,480,960,1440,2880,https://fareharbor.com/embeds/calendar/solanocycle/items/717213/?asn=fhdn&asn-ref=miamistylerentals&ref=miamistylerentals&bookable-only=yes&full-items=yes&marketplace=yes&flow=no,"<script src=""https://fareharbor.com/embeds/script/calendar/solanocycle/items/717213/?asn=fhdn&asn-ref=miamistylerentals&ref=miamistylerentals&bookable-only=yes&full-items=yes&marketplace=yes&flow=no""></script>",https://fareharbor.com/embeds/book/solanocycle/items/717213/?asn=fhdn&asn-ref=miamistylerentals&ref=miamistylerentals&bookable-only=yes&full-items=yes&marketplace=yes&flow=no,https://cdn.filestackcontent.com/3TU3IlbTrqjOkdZlEXZg
St. Augustine Land and Sea Tours LLC,staugustinelandandseatours,info@staugustinelandandseatours.com,9046799880,United States/Florida/St. Augustine,,,719633,St. Augustine  Walking Ghost Tour In Your Language,,3,52,62,3,19,37,62,138,https://fareharbor.com/embeds/calendar/staugustinelandandseatours/items/719633/?asn=fhdn&asn-ref=miamistylerentals&ref=miamistylerentals&bookable-only=yes&full-items=yes&marketplace=yes&flow=no,"<script src=""https://fareharbor.com/embeds/script/calendar/staugustinelandandseatours/items/719633/?asn=fhdn&asn-ref=miamistylerentals&ref=miamistylerentals&bookable-only=yes&full-items=yes&marketplace=yes&flow=no""></script>",https://fareharbor.com/embeds/book/staugustinelandandseatours/items/719633/?asn=fhdn&asn-ref=miamistylerentals&ref=miamistylerentals&bookable-only=yes&full-items=yes&marketplace=yes&flow=no,https://cdn.filestackcontent.com/VSJEljqEROeQTz3O8XrA
Sea Serpent Tours,seaserpenttours,capt@seaserpenttours.com,904-495-4200,United States/Florida/St. Augustine,-81.565779,29.987054,19616,Airboat Adventure,Airboat,1,51,300,24,100,196,300,604,https://fareharbor.com/embeds/calendar/seaserpenttours/items/19616/?asn=fhdn&asn-ref=miamistylerentals&ref=miamistylerentals&bookable-only=yes&full-items=yes&marketplace=yes&flow=no,"<script src=""https://fareharbor.com/embeds/script/calendar/seaserpenttours/items/19616/?asn=fhdn&asn-ref=miamistylerentals&ref=miamistylerentals&bookable-only=yes&full-items=yes&marketplace=yes&flow=no""></script>",https://fareharbor.com/embeds/book/seaserpenttours/items/19616/?asn=fhdn&asn-ref=miamistylerentals&ref=miamistylerentals&bookable-only=yes&full-items=yes&marketplace=yes&flow=no,https://cdn.filestackcontent.com/b8TQzZM0Sb2VI1EZ8vbt
Ancient City Slingshots,ancientcityslingshot,acslingshots@gmail.com,904-385-9676,United States/Florida/St. Augustine,-81.333275,29.91531,323209,Date Night Automatic Vehicle Adventure,Boat Tour,1,51,90,7,30,60,90,180,https://fareharbor.com/embeds/calendar/ancientcityslingshot/items/323209/?asn=fhdn&asn-ref=miamistylerentals&ref=miamistylerentals&bookable-only=yes&full-items=yes&marketplace=yes&flow=no,"<script src=""https://fareharbor.com/embeds/script/calendar/ancientcityslingshot/items/323209/?asn=fhdn&asn-ref=miamistylerentals&ref=miamistylerentals&bookable-only=yes&full-items=yes&marketplace=yes&flow=no""></script>",https://fareharbor.com/embeds/book/ancientcityslingshot/items/323209/?asn=fhdn&asn-ref=miamistylerentals&ref=miamistylerentals&bookable-only=yes&full-items=yes&marketplace=yes&flow=no,https://cdn.filestackcontent.com/lwqA3tiYTJmM8cnuUels
Ripple Effect Ecotours,rippleeffectecotours,rippleres@gmail.com,(904) 347-1565,United States/Florida/St. Augustine Beach,,,417186,St. Augustine Beach Naturalist Walk,,4,51,0,0,0,0,0,0,https://fareharbor.com/embeds/calendar/rippleeffectecotours/items/417186/?asn=fhdn&asn-ref=miamistylerentals&ref=miamistylerentals&bookable-only=yes&full-items=yes&marketplace=yes&flow=no,"<script src=""https://fareharbor.com/embeds/script/calendar/rippleeffectecotours/items/417186/?asn=fhdn&asn-ref=miamistylerentals&ref=miamistylerentals&bookable-only=yes&full-items=yes&marketplace=yes&flow=no""></script>",https://fareharbor.com/embeds/book/rippleeffectecotours/items/417186/?asn=fhdn&asn-ref=miamistylerentals&ref=miamistylerentals&bookable-only=yes&full-items=yes&marketplace=yes&flow=no,https://cdn.filestackcontent.com/az9bhlyR1yvsBnsQVp2b
St Augustine Sailing,sta-sail,sas@sta-sail.com,(904) 829-0648,United States/Florida/St. Augustine,,,467197,Dolphin Delight & Nature's Wonders,Boat Rental-Boat Tour-Catamaran-Dinner Boat-Dolphin-Eco Tour-Food Tour-Photography Tour-Private-Sailing-Service-Water Activities-Wildlife-Wine,1,51,360,28,120,240,360,720,https://fareharbor.com/embeds/calendar/sta-sail/items/467197/?asn=fhdn&asn-ref=miamistylerentals&ref=miamistylerentals&bookable-only=yes&full-items=yes&marketplace=yes&flow=no,"<script src=""https://fareharbor.com/embeds/script/calendar/sta-sail/items/467197/?asn=fhdn&asn-ref=miamistylerentals&ref=miamistylerentals&bookable-only=yes&full-items=yes&marketplace=yes&flow=no""></script>",https://fareharbor.com/embeds/book/sta-sail/items/467197/?asn=fhdn&asn-ref=miamistylerentals&ref=miamistylerentals&bookable-only=yes&full-items=yes&marketplace=yes&flow=no,https://cdn.filestackcontent.com/1gg2An2iRHiGYL2PZ9mZ
Pineapple Ride & Tour,rideandtour,rideapplicationsinc@gmail.com,904-615-5515,United States/Florida/St. Augustine,,,474691,2 Hour EV Historical Tour,Private-Sightseeing Tour,1,51,450,36,150,301,450,900,https://fareharbor.com/embeds/calendar/rideandtour/items/474691/?asn=fhdn&asn-ref=miamistylerentals&ref=miamistylerentals&bookable-only=yes&full-items=yes&marketplace=yes&flow=no,"<script src=""https://fareharbor.com/embeds/script/calendar/rideandtour/items/474691/?asn=fhdn&asn-ref=miamistylerentals&ref=miamistylerentals&bookable-only=yes&full-items=yes&marketplace=yes&flow=no""></script>",https://fareharbor.com/embeds/book/rideandtour/items/474691/?asn=fhdn&asn-ref=miamistylerentals&ref=miamistylerentals&bookable-only=yes&full-items=yes&marketplace=yes&flow=no,https://cdn.filestackcontent.com/ld2oraKBTNqvduXtMm4a
GhoSt Augustine,ghostaugustine,tours@ghostaugustine.com,904-824-8840,United States/Florida/St. Augustine,-81.31328,29.893183,504023,Nights of Lights EV Ride,,4,51,0,0,0,0,0,0,https://fareharbor.com/embeds/calendar/ghostaugustine/items/504023/?asn=fhdn&asn-ref=miamistylerentals&ref=miamistylerentals&bookable-only=yes&full-items=yes&marketplace=yes&flow=no,"<script src=""https://fareharbor.com/embeds/script/calendar/ghostaugustine/items/504023/?asn=fhdn&asn-ref=miamistylerentals&ref=miamistylerentals&bookable-only=yes&full-items=yes&marketplace=yes&flow=no""></script>",https://fareharbor.com/embeds/book/ghostaugustine/items/504023/?asn=fhdn&asn-ref=miamistylerentals&ref=miamistylerentals&bookable-only=yes&full-items=yes&marketplace=yes&flow=no,https://cdn.filestackcontent.com/AnNyTftrRBqpJo6kQPFy
Fury Water Adventures - St. Augustine,furystaug,reservations@furystaug.com,(844) 831-5397,United States/Florida/St. Augustine,,,565760,Dolphin Watch & Historical Harbor Tour,,3,51,90,7,30,60,90,180,https://fareharbor.com/embeds/calendar/furystaug/items/565760/?asn=fhdn&asn-ref=miamistylerentals&ref=miamistylerentals&bookable-only=yes&full-items=yes&marketplace=yes&flow=no,"<script src=""https://fareharbor.com/embeds/script/calendar/furystaug/items/565760/?asn=fhdn&asn-ref=miamistylerentals&ref=miamistylerentals&bookable-only=yes&full-items=yes&marketplace=yes&flow=no""></script>",https://fareharbor.com/embeds/book/furystaug/items/565760/?asn=fhdn&asn-ref=miamistylerentals&ref=miamistylerentals&bookable-only=yes&full-items=yes&marketplace=yes&flow=no,https://cdn.filestackcontent.com/tpbDZtsLSkGApEiEuK2D
Jax Cruise,tikilacruise,Jaxcruiseinfo@gmail.com,9046511161,United States/Florida/Palm Valley,,,692389,Private Charter,,4,51,92,7,32,62,92,182,https://fareharbor.com/embeds/calendar/tikilacruise/items/692389/?asn=fhdn&asn-ref=miamistylerentals&ref=miamistylerentals&bookable-only=yes&full-items=yes&marketplace=yes&flow=no,"<script src=""https://fareharbor.com/embeds/script/calendar/tikilacruise/items/692389/?asn=fhdn&asn-ref=miamistylerentals&ref=miamistylerentals&bookable-only=yes&full-items=yes&marketplace=yes&flow=no""></script>",https://fareharbor.com/embeds/book/tikilacruise/items/692389/?asn=fhdn&asn-ref=miamistylerentals&ref=miamistylerentals&bookable-only=yes&full-items=yes&marketplace=yes&flow=no,
Get Up and Go Kayaking - Lighthouse,getupandgokayaking-lighthouse,staugustine@getupandgokayaking.com,904-664-1512,United States/Florida/St. Augustine,,,707122,Private St. Augustine - Clear Kayak Tour,,2,51,249,21,69,159,249,519,https://fareharbor.com/embeds/calendar/getupandgokayaking-lighthouse/items/707122/?asn=fhdn&asn-ref=miamistylerentals&ref=miamistylerentals&bookable-only=yes&full-items=yes&marketplace=yes&flow=no,"<script src=""https://fareharbor.com/embeds/script/calendar/getupandgokayaking-lighthouse/items/707122/?asn=fhdn&asn-ref=miamistylerentals&ref=miamistylerentals&bookable-only=yes&full-items=yes&marketplace=yes&flow=no""></script>",https://fareharbor.com/embeds/book/getupandgokayaking-lighthouse/items/707122/?asn=fhdn&asn-ref=miamistylerentals&ref=miamistylerentals&bookable-only=yes&full-items=yes&marketplace=yes&flow=no,
Carriage Tours & Events,carriagetoursandevents,stacarriage@gmail.com,19044661288,United States/Florida/St. Augustine,,,708997,Historical Private Horse Carriage Tour,Carriage,1,51,325,25,105,215,325,640,https://fareharbor.com/embeds/calendar/carriagetoursandevents/items/708997/?asn=fhdn&asn-ref=miamistylerentals&ref=miamistylerentals&bookable-only=yes&full-items=yes&marketplace=yes&flow=no,"<script src=""https://fareharbor.com/embeds/script/calendar/carriagetoursandevents/items/708997/?asn=fhdn&asn-ref=miamistylerentals&ref=miamistylerentals&bookable-only=yes&full-items=yes&marketplace=yes&flow=no""></script>",https://fareharbor.com/embeds/book/carriagetoursandevents/items/708997/?asn=fhdn&asn-ref=miamistylerentals&ref=miamistylerentals&bookable-only=yes&full-items=yes&marketplace=yes&flow=no,https://cdn.filestackcontent.com/9SMFbuG2TqGF2xvkBhmB
Carriage Tours & Events,carriagetoursandevents,stacarriage@gmail.com,19044661288,United States/Florida/St. Augustine,,,709000,Private Carriage Ghost Tour,Carriage,1,51,325,25,105,215,325,640,https://fareharbor.com/embeds/calendar/carriagetoursandevents/items/709000/?asn=fhdn&asn-ref=miamistylerentals&ref=miamistylerentals&bookable-only=yes&full-items=yes&marketplace=yes&flow=no,"<script src=""https://fareharbor.com/embeds/script/calendar/carriagetoursandevents/items/709000/?asn=fhdn&asn-ref=miamistylerentals&ref=miamistylerentals&bookable-only=yes&full-items=yes&marketplace=yes&flow=no""></script>",https://fareharbor.com/embeds/book/carriagetoursandevents/items/709000/?asn=fhdn&asn-ref=miamistylerentals&ref=miamistylerentals&bookable-only=yes&full-items=yes&marketplace=yes&flow=no,https://cdn.filestackcontent.com/8JkYP5IdSGWOLCJpWFhl
Solano Cycle Rentals,solanocycle,kymcodealer@gmail.com,(904) 825-6766,United States/Florida/St. Augustine,,,717118,Scootcoupe Rentals,Rentals,1,51,1440,112,480,960,1440,2880,https://fareharbor.com/embeds/calendar/solanocycle/items/717118/?asn=fhdn&asn-ref=miamistylerentals&ref=miamistylerentals&bookable-only=yes&full-items=yes&marketplace=yes&flow=no,"<script src=""https://fareharbor.com/embeds/script/calendar/solanocycle/items/717118/?asn=fhdn&asn-ref=miamistylerentals&ref=miamistylerentals&bookable-only=yes&full-items=yes&marketplace=yes&flow=no""></script>",https://fareharbor.com/embeds/book/solanocycle/items/717118/?asn=fhdn&asn-ref=miamistylerentals&ref=miamistylerentals&bookable-only=yes&full-items=yes&marketplace=yes&flow=no,https://cdn.filestackcontent.com/eqBr4MMGSdeukrBxLriC
Solano Cycle Rentals,solanocycle,kymcodealer@gmail.com,(904) 825-6766,United States/Florida/St. Augustine,,,717182,Double Rider Scooter Rentals,Scooter,1,51,1440,112,480,960,1440,2880,https://fareharbor.com/embeds/calendar/solanocycle/items/717182/?asn=fhdn&asn-ref=miamistylerentals&ref=miamistylerentals&bookable-only=yes&full-items=yes&marketplace=yes&flow=no,"<script src=""https://fareharbor.com/embeds/script/calendar/solanocycle/items/717182/?asn=fhdn&asn-ref=miamistylerentals&ref=miamistylerentals&bookable-only=yes&full-items=yes&marketplace=yes&flow=no""></script>",https://fareharbor.com/embeds/book/solanocycle/items/717182/?asn=fhdn&asn-ref=miamistylerentals&ref=miamistylerentals&bookable-only=yes&full-items=yes&marketplace=yes&flow=no,https://cdn.filestackcontent.com/ZoHQWLrtR1G4tJFmdL5j
Solano Cycle Rentals,solanocycle,kymcodealer@gmail.com,(904) 825-6766,United States/Florida/St. Augustine,,,717429,Two-Seater Automatic Slingshot Rentals,Rentals,1,51,1440,112,480,960,1440,2880,https://fareharbor.com/embeds/calendar/solanocycle/items/717429/?asn=fhdn&asn-ref=miamistylerentals&ref=miamistylerentals&bookable-only=yes&full-items=yes&marketplace=yes&flow=no,"<script src=""https://fareharbor.com/embeds/script/calendar/solanocycle/items/717429/?asn=fhdn&asn-ref=miamistylerentals&ref=miamistylerentals&bookable-only=yes&full-items=yes&marketplace=yes&flow=no""></script>",https://fareharbor.com/embeds/book/solanocycle/items/717429/?asn=fhdn&asn-ref=miamistylerentals&ref=miamistylerentals&bookable-only=yes&full-items=yes&marketplace=yes&flow=no,https://cdn.filestackcontent.com/2uIkn2qrRZqBPCol6SzQ
Solano Cycle Rentals,solanocycle,kymcodealer@gmail.com,(904) 825-6766,United States/Florida/St. Augustine,,,717440,Two-Seater Manual Slingshot Rentals,Rentals,1,51,1440,112,480,960,1440,2880,https://fareharbor.com/embeds/calendar/solanocycle/items/717440/?asn=fhdn&asn-ref=miamistylerentals&ref=miamistylerentals&bookable-only=yes&full-items=yes&marketplace=yes&flow=no,"<script src=""https://fareharbor.com/embeds/script/calendar/solanocycle/items/717440/?asn=fhdn&asn-ref=miamistylerentals&ref=miamistylerentals&bookable-only=yes&full-items=yes&marketplace=yes&flow=no""></script>",https://fareharbor.com/embeds/book/solanocycle/items/717440/?asn=fhdn&asn-ref=miamistylerentals&ref=miamistylerentals&bookable-only=yes&full-items=yes&marketplace=yes&flow=no,https://cdn.filestackcontent.com/jxnvjCPrToSzAoYNKhxG
Solano Cycle Rentals,solanocycle,kymcodealer@gmail.com,(904) 825-6766,United States/Florida/St. Augustine,,,717444,Moke Golf Cart Rentals,Rentals,1,51,1440,112,480,960,1440,2880,https://fareharbor.com/embeds/calendar/solanocycle/items/717444/?asn=fhdn&asn-ref=miamistylerentals&ref=miamistylerentals&bookable-only=yes&full-items=yes&marketplace=yes&flow=no,"<script src=""https://fareharbor.com/embeds/script/calendar/solanocycle/items/717444/?asn=fhdn&asn-ref=miamistylerentals&ref=miamistylerentals&bookable-only=yes&full-items=yes&marketplace=yes&flow=no""></script>",https://fareharbor.com/embeds/book/solanocycle/items/717444/?asn=fhdn&asn-ref=miamistylerentals&ref=miamistylerentals&bookable-only=yes&full-items=yes&marketplace=yes&flow=no,https://cdn.filestackcontent.com/7ftXsJRRtG2YyfXaUtMi
Solano Cycle Rentals,solanocycle,kymcodealer@gmail.com,(904) 825-6766,United States/Florida/St. Augustine,,,717487,Single Rider Scooter Rentals,Scooter,1,51,1440,112,480,960,1440,2880,https://fareharbor.com/embeds/calendar/solanocycle/items/717487/?asn=fhdn&asn-ref=miamistylerentals&ref=miamistylerentals&bookable-only=yes&full-items=yes&marketplace=yes&flow=no,"<script src=""https://fareharbor.com/embeds/script/calendar/solanocycle/items/717487/?asn=fhdn&asn-ref=miamistylerentals&ref=miamistylerentals&bookable-only=yes&full-items=yes&marketplace=yes&flow=no""></script>",https://fareharbor.com/embeds/book/solanocycle/items/717487/?asn=fhdn&asn-ref=miamistylerentals&ref=miamistylerentals&bookable-only=yes&full-items=yes&marketplace=yes&flow=no,https://cdn.filestackcontent.com/P1mDEdEpQidjTxqboBbS
Solano Cycle Rentals,solanocycle,kymcodealer@gmail.com,(904) 825-6766,United States/Florida/St. Augustine,,,721737,Arcimoto Electric Scooter Rentals,Scooter,1,51,1440,112,480,960,1440,2880,https://fareharbor.com/embeds/calendar/solanocycle/items/721737/?asn=fhdn&asn-ref=miamistylerentals&ref=miamistylerentals&bookable-only=yes&full-items=yes&marketplace=yes&flow=no,"<script src=""https://fareharbor.com/embeds/script/calendar/solanocycle/items/721737/?asn=fhdn&asn-ref=miamistylerentals&ref=miamistylerentals&bookable-only=yes&full-items=yes&marketplace=yes&flow=no""></script>",https://fareharbor.com/embeds/book/solanocycle/items/721737/?asn=fhdn&asn-ref=miamistylerentals&ref=miamistylerentals&bookable-only=yes&full-items=yes&marketplace=yes&flow=no,https://cdn.filestackcontent.com/J5plafpQT62QuSKjw2cE
St. Augustine Land and Sea Tours LLC,staugustinelandandseatours,info@staugustinelandandseatours.com,9046799880,United States/Florida/St. Augustine,-81.312122,29.89137,253441,St. Augustine Nights of Lights by Electric Cart,City Tour,8,50,0,0,0,0,0,0,https://fareharbor.com/embeds/calendar/staugustinelandandseatours/items/253441/?asn=fhdn&asn-ref=miamistylerentals&ref=miamistylerentals&bookable-only=yes&full-items=yes&marketplace=yes&flow=no,"<script src=""https://fareharbor.com/embeds/script/calendar/staugustinelandandseatours/items/253441/?asn=fhdn&asn-ref=miamistylerentals&ref=miamistylerentals&bookable-only=yes&full-items=yes&marketplace=yes&flow=no""></script>",https://fareharbor.com/embeds/book/staugustinelandandseatours/items/253441/?asn=fhdn&asn-ref=miamistylerentals&ref=miamistylerentals&bookable-only=yes&full-items=yes&marketplace=yes&flow=no,https://cdn.filestackcontent.com/j6oNrr4uRFKhWtSgER5z
Florida Water Tours,floridawatertour,info@flwatertours.com,904-827-7728,United States/Florida/St. Augustine,,,255264,Marine Field Experience,Boat Tour,7,50,3,0,1,2,3,3,https://fareharbor.com/embeds/calendar/floridawatertour/items/255264/?asn=fhdn&asn-ref=miamistylerentals&ref=miamistylerentals&bookable-only=yes&full-items=yes&marketplace=yes&flow=no,"<script src=""https://fareharbor.com/embeds/script/calendar/floridawatertour/items/255264/?asn=fhdn&asn-ref=miamistylerentals&ref=miamistylerentals&bookable-only=yes&full-items=yes&marketplace=yes&flow=no""></script>",https://fareharbor.com/embeds/book/floridawatertour/items/255264/?asn=fhdn&asn-ref=miamistylerentals&ref=miamistylerentals&bookable-only=yes&full-items=yes&marketplace=yes&flow=no,https://cdn.filestackcontent.com/rp6bHuGsQS6l60e2rqJY
Florida Water Tours,floridawatertour,info@flwatertours.com,904-827-7728,United States/Florida/St. Augustine,,,293111,Private Cruise - Island Breeze,Boat Tour-Private,7,50,4,1,3,4,4,4,https://fareharbor.com/embeds/calendar/floridawatertour/items/293111/?asn=fhdn&asn-ref=miamistylerentals&ref=miamistylerentals&bookable-only=yes&full-items=yes&marketplace=yes&flow=no,"<script src=""https://fareharbor.com/embeds/script/calendar/floridawatertour/items/293111/?asn=fhdn&asn-ref=miamistylerentals&ref=miamistylerentals&bookable-only=yes&full-items=yes&marketplace=yes&flow=no""></script>",https://fareharbor.com/embeds/book/floridawatertour/items/293111/?asn=fhdn&asn-ref=miamistylerentals&ref=miamistylerentals&bookable-only=yes&full-items=yes&marketplace=yes&flow=no,https://cdn.filestackcontent.com/CzeUQaThmQ3VDdjggtig
St Augustine Dark Side Tours LLC,staugustinedarksidetours,staugustinedarksidetours@gmail.com,386-983-0996,United States/Florida/St. Augustine,,,711613,The Dark Side Tour,Walking Tour,1,50,180,14,60,120,180,360,https://fareharbor.com/embeds/calendar/staugustinedarksidetours/items/711613/?asn=fhdn&asn-ref=miamistylerentals&ref=miamistylerentals&bookable-only=yes&full-items=yes&marketplace=yes&flow=no,"<script src=""https://fareharbor.com/embeds/script/calendar/staugustinedarksidetours/items/711613/?asn=fhdn&asn-ref=miamistylerentals&ref=miamistylerentals&bookable-only=yes&full-items=yes&marketplace=yes&flow=no""></script>",https://fareharbor.com/embeds/book/staugustinedarksidetours/items/711613/?asn=fhdn&asn-ref=miamistylerentals&ref=miamistylerentals&bookable-only=yes&full-items=yes&marketplace=yes&flow=no,https://cdn.filestackcontent.com/JfMV0hyTtyml5S9Jyy8z
Solano Cycle Rentals,solanocycle,kymcodealer@gmail.com,(904) 825-6766,United States/Florida/St. Augustine,,,717481,Velotric Electric Bicycle Rentals,E-Bike,1,50,1440,112,480,960,1440,2880,https://fareharbor.com/embeds/calendar/solanocycle/items/717481/?asn=fhdn&asn-ref=miamistylerentals&ref=miamistylerentals&bookable-only=yes&full-items=yes&marketplace=yes&flow=no,"<script src=""https://fareharbor.com/embeds/script/calendar/solanocycle/items/717481/?asn=fhdn&asn-ref=miamistylerentals&ref=miamistylerentals&bookable-only=yes&full-items=yes&marketplace=yes&flow=no""></script>",https://fareharbor.com/embeds/book/solanocycle/items/717481/?asn=fhdn&asn-ref=miamistylerentals&ref=miamistylerentals&bookable-only=yes&full-items=yes&marketplace=yes&flow=no,https://cdn.filestackcontent.com/qW262bhhR2GQtrdoEYYI
Solano Cycle Rentals,solanocycle,kymcodealer@gmail.com,(904) 825-6766,United States/Florida/St. Augustine,,,717495,Stroller Rentals,Rentals,1,50,1440,112,480,960,1440,2880,https://fareharbor.com/embeds/calendar/solanocycle/items/717495/?asn=fhdn&asn-ref=miamistylerentals&ref=miamistylerentals&bookable-only=yes&full-items=yes&marketplace=yes&flow=no,"<script src=""https://fareharbor.com/embeds/script/calendar/solanocycle/items/717495/?asn=fhdn&asn-ref=miamistylerentals&ref=miamistylerentals&bookable-only=yes&full-items=yes&marketplace=yes&flow=no""></script>",https://fareharbor.com/embeds/book/solanocycle/items/717495/?asn=fhdn&asn-ref=miamistylerentals&ref=miamistylerentals&bookable-only=yes&full-items=yes&marketplace=yes&flow=no,https://cdn.filestackcontent.com/f1OEp1ffRC2ernIDPf1m
Solano Cycle Rentals,solanocycle,kymcodealer@gmail.com,(904) 825-6766,United States/Florida/St. Augustine,,,717513,Wheelchair Rentals,Rentals,1,50,1440,112,480,960,1440,2880,https://fareharbor.com/embeds/calendar/solanocycle/items/717513/?asn=fhdn&asn-ref=miamistylerentals&ref=miamistylerentals&bookable-only=yes&full-items=yes&marketplace=yes&flow=no,"<script src=""https://fareharbor.com/embeds/script/calendar/solanocycle/items/717513/?asn=fhdn&asn-ref=miamistylerentals&ref=miamistylerentals&bookable-only=yes&full-items=yes&marketplace=yes&flow=no""></script>",https://fareharbor.com/embeds/book/solanocycle/items/717513/?asn=fhdn&asn-ref=miamistylerentals&ref=miamistylerentals&bookable-only=yes&full-items=yes&marketplace=yes&flow=no,https://cdn.filestackcontent.com/Hwnk6iwzTACDGxZzqENQ
Solano Cycle Rentals,solanocycle,kymcodealer@gmail.com,(904) 825-6766,United States/Florida/St. Augustine,,,717515,Mobility Chair Rentals,Rentals,1,50,1440,112,480,960,1440,2880,https://fareharbor.com/embeds/calendar/solanocycle/items/717515/?asn=fhdn&asn-ref=miamistylerentals&ref=miamistylerentals&bookable-only=yes&full-items=yes&marketplace=yes&flow=no,"<script src=""https://fareharbor.com/embeds/script/calendar/solanocycle/items/717515/?asn=fhdn&asn-ref=miamistylerentals&ref=miamistylerentals&bookable-only=yes&full-items=yes&marketplace=yes&flow=no""></script>",https://fareharbor.com/embeds/book/solanocycle/items/717515/?asn=fhdn&asn-ref=miamistylerentals&ref=miamistylerentals&bookable-only=yes&full-items=yes&marketplace=yes&flow=no,https://cdn.filestackcontent.com/uoC1hNFZSlKiyeNYS6uc
St Augustine Sailing,sta-sail,sas@sta-sail.com,(904) 829-0648,United States/Florida/St. Augustine,,,43460,ASA 104 - Bareboat Cruising,Sailing,1,49,40,3,13,28,40,80,https://fareharbor.com/embeds/calendar/sta-sail/items/43460/?asn=fhdn&asn-ref=miamistylerentals&ref=miamistylerentals&bookable-only=yes&full-items=yes&marketplace=yes&flow=no,"<script src=""https://fareharbor.com/embeds/script/calendar/sta-sail/items/43460/?asn=fhdn&asn-ref=miamistylerentals&ref=miamistylerentals&bookable-only=yes&full-items=yes&marketplace=yes&flow=no""></script>",https://fareharbor.com/embeds/book/sta-sail/items/43460/?asn=fhdn&asn-ref=miamistylerentals&ref=miamistylerentals&bookable-only=yes&full-items=yes&marketplace=yes&flow=no,https://cdn.filestackcontent.com/vKLEG0XSRN2x0lgNhvqN
St Augustine Sailing,sta-sail,sas@sta-sail.com,(904) 829-0648,United States/Florida/St. Augustine,,,43466,ASA 103/104,Sailing,1,49,39,3,13,26,39,77,https://fareharbor.com/embeds/calendar/sta-sail/items/43466/?asn=fhdn&asn-ref=miamistylerentals&ref=miamistylerentals&bookable-only=yes&full-items=yes&marketplace=yes&flow=no,"<script src=""https://fareharbor.com/embeds/script/calendar/sta-sail/items/43466/?asn=fhdn&asn-ref=miamistylerentals&ref=miamistylerentals&bookable-only=yes&full-items=yes&marketplace=yes&flow=no""></script>",https://fareharbor.com/embeds/book/sta-sail/items/43466/?asn=fhdn&asn-ref=miamistylerentals&ref=miamistylerentals&bookable-only=yes&full-items=yes&marketplace=yes&flow=no,https://cdn.filestackcontent.com/mIDxNnjtSVuoGEub76sE
GeoTrippin,geotrippin,tours@geotrippin.com,(904) 701-3272,United States/Florida/St. Augustine,-81.256193,29.767557,191118,Eco Trip,Kayak,5,49,0,0,0,0,0,0,https://fareharbor.com/embeds/calendar/geotrippin/items/191118/?asn=fhdn&asn-ref=miamistylerentals&ref=miamistylerentals&bookable-only=yes&full-items=yes&marketplace=yes&flow=no,"<script src=""https://fareharbor.com/embeds/script/calendar/geotrippin/items/191118/?asn=fhdn&asn-ref=miamistylerentals&ref=miamistylerentals&bookable-only=yes&full-items=yes&marketplace=yes&flow=no""></script>",https://fareharbor.com/embeds/book/geotrippin/items/191118/?asn=fhdn&asn-ref=miamistylerentals&ref=miamistylerentals&bookable-only=yes&full-items=yes&marketplace=yes&flow=no,
St. Augustine Experiences,oldcitybeertours,hello@staexp.com,+1 904 599 7391,United States/Florida/St. Augustine,,,195467,St. Augustine's Sweets & History Walking Tour,Food Tour,1,49,82,6,22,52,82,172,https://fareharbor.com/embeds/calendar/oldcitybeertours/items/195467/?asn=fhdn&asn-ref=miamistylerentals&ref=miamistylerentals&bookable-only=yes&full-items=yes&marketplace=yes&flow=no,"<script src=""https://fareharbor.com/embeds/script/calendar/oldcitybeertours/items/195467/?asn=fhdn&asn-ref=miamistylerentals&ref=miamistylerentals&bookable-only=yes&full-items=yes&marketplace=yes&flow=no""></script>",https://fareharbor.com/embeds/book/oldcitybeertours/items/195467/?asn=fhdn&asn-ref=miamistylerentals&ref=miamistylerentals&bookable-only=yes&full-items=yes&marketplace=yes&flow=no,https://cdn.filestackcontent.com/B8q6uXmhR7e0avQWzwZC
Fun Rentals St. Augustine,funrentals-staugustine,funrentalsstaug@gmail.com,+1 904-547-2074,United States/Florida/St. Augustine,,,223058,Segway Nights of Lights Tour,Segway,1,49,0,0,0,0,0,0,https://fareharbor.com/embeds/calendar/funrentals-staugustine/items/223058/?asn=fhdn&asn-ref=miamistylerentals&ref=miamistylerentals&bookable-only=yes&full-items=yes&marketplace=yes&flow=no,"<script src=""https://fareharbor.com/embeds/script/calendar/funrentals-staugustine/items/223058/?asn=fhdn&asn-ref=miamistylerentals&ref=miamistylerentals&bookable-only=yes&full-items=yes&marketplace=yes&flow=no""></script>",https://fareharbor.com/embeds/book/funrentals-staugustine/items/223058/?asn=fhdn&asn-ref=miamistylerentals&ref=miamistylerentals&bookable-only=yes&full-items=yes&marketplace=yes&flow=no,https://cdn.filestackcontent.com/i8SLovZNSmGPoDISHSlV
Genung's Fish Camp,genungsfishcamp,genungsfc@gmail.com,904-907-5742,United States/Florida/St. Augustine,,,262280,Tandem Kayak Rentals,Kayak-Rentals,1,49,1530,119,510,1020,1530,3058,https://fareharbor.com/embeds/calendar/genungsfishcamp/items/262280/?asn=fhdn&asn-ref=miamistylerentals&ref=miamistylerentals&bookable-only=yes&full-items=yes&marketplace=yes&flow=no,"<script src=""https://fareharbor.com/embeds/script/calendar/genungsfishcamp/items/262280/?asn=fhdn&asn-ref=miamistylerentals&ref=miamistylerentals&bookable-only=yes&full-items=yes&marketplace=yes&flow=no""></script>",https://fareharbor.com/embeds/book/genungsfishcamp/items/262280/?asn=fhdn&asn-ref=miamistylerentals&ref=miamistylerentals&bookable-only=yes&full-items=yes&marketplace=yes&flow=no,https://cdn.filestackcontent.com/vQNwBOIEQduFt391jnFY
Genung's Fish Camp,genungsfishcamp,genungsfc@gmail.com,904-907-5742,United States/Florida/St. Augustine,,,262290,Fishing Kayaks,Kayak-Rentals,1,49,1530,119,510,1020,1530,3058,https://fareharbor.com/embeds/calendar/genungsfishcamp/items/262290/?asn=fhdn&asn-ref=miamistylerentals&ref=miamistylerentals&bookable-only=yes&full-items=yes&marketplace=yes&flow=no,"<script src=""https://fareharbor.com/embeds/script/calendar/genungsfishcamp/items/262290/?asn=fhdn&asn-ref=miamistylerentals&ref=miamistylerentals&bookable-only=yes&full-items=yes&marketplace=yes&flow=no""></script>",https://fareharbor.com/embeds/book/genungsfishcamp/items/262290/?asn=fhdn&asn-ref=miamistylerentals&ref=miamistylerentals&bookable-only=yes&full-items=yes&marketplace=yes&flow=no,https://cdn.filestackcontent.com/5QuQeCJURw6PAJXocotQ
Genung's Fish Camp,genungsfishcamp,genungsfc@gmail.com,904-907-5742,United States/Florida/St. Augustine,,,262329,Stand Up Paddleboard Rentals,Rentals-SUP,1,49,1530,119,510,1020,1530,3058,https://fareharbor.com/embeds/calendar/genungsfishcamp/items/262329/?asn=fhdn&asn-ref=miamistylerentals&ref=miamistylerentals&bookable-only=yes&full-items=yes&marketplace=yes&flow=no,"<script src=""https://fareharbor.com/embeds/script/calendar/genungsfishcamp/items/262329/?asn=fhdn&asn-ref=miamistylerentals&ref=miamistylerentals&bookable-only=yes&full-items=yes&marketplace=yes&flow=no""></script>",https://fareharbor.com/embeds/book/genungsfishcamp/items/262329/?asn=fhdn&asn-ref=miamistylerentals&ref=miamistylerentals&bookable-only=yes&full-items=yes&marketplace=yes&flow=no,https://cdn.filestackcontent.com/dkKrvxJlTvG0mgH7CZQH
Ancient City Slingshots,ancientcityslingshot,acslingshots@gmail.com,904-385-9676,United States/Florida/St. Augustine,-81.333275,29.91531,315385,Half Day Manual Vehicle (Self-Guided Adventure),Boat Tour,1,49,810,63,270,540,810,1620,https://fareharbor.com/embeds/calendar/ancientcityslingshot/items/315385/?asn=fhdn&asn-ref=miamistylerentals&ref=miamistylerentals&bookable-only=yes&full-items=yes&marketplace=yes&flow=no,"<script src=""https://fareharbor.com/embeds/script/calendar/ancientcityslingshot/items/315385/?asn=fhdn&asn-ref=miamistylerentals&ref=miamistylerentals&bookable-only=yes&full-items=yes&marketplace=yes&flow=no""></script>",https://fareharbor.com/embeds/book/ancientcityslingshot/items/315385/?asn=fhdn&asn-ref=miamistylerentals&ref=miamistylerentals&bookable-only=yes&full-items=yes&marketplace=yes&flow=no,https://cdn.filestackcontent.com/yI97zBmTi3hqMviMV03w
Ancient City Slingshots,ancientcityslingshot,acslingshots@gmail.com,904-385-9676,United States/Florida/St. Augustine,-81.333275,29.91531,315446,Full Day Automatic Vehicle Adventure,Boat Tour,1,49,630,49,210,420,630,1260,https://fareharbor.com/embeds/calendar/ancientcityslingshot/items/315446/?asn=fhdn&asn-ref=miamistylerentals&ref=miamistylerentals&bookable-only=yes&full-items=yes&marketplace=yes&flow=no,"<script src=""https://fareharbor.com/embeds/script/calendar/ancientcityslingshot/items/315446/?asn=fhdn&asn-ref=miamistylerentals&ref=miamistylerentals&bookable-only=yes&full-items=yes&marketplace=yes&flow=no""></script>",https://fareharbor.com/embeds/book/ancientcityslingshot/items/315446/?asn=fhdn&asn-ref=miamistylerentals&ref=miamistylerentals&bookable-only=yes&full-items=yes&marketplace=yes&flow=no,https://cdn.filestackcontent.com/nkYFYGStqjlehbujHWGw
Ancient City Slingshots,ancientcityslingshot,acslingshots@gmail.com,904-385-9676,United States/Florida/St. Augustine,-81.333275,29.91531,315449,Half Day Automatic Vehicle (Self-Guided Adventure),Boat Tour,1,49,810,63,270,540,810,1620,https://fareharbor.com/embeds/calendar/ancientcityslingshot/items/315449/?asn=fhdn&asn-ref=miamistylerentals&ref=miamistylerentals&bookable-only=yes&full-items=yes&marketplace=yes&flow=no,"<script src=""https://fareharbor.com/embeds/script/calendar/ancientcityslingshot/items/315449/?asn=fhdn&asn-ref=miamistylerentals&ref=miamistylerentals&bookable-only=yes&full-items=yes&marketplace=yes&flow=no""></script>",https://fareharbor.com/embeds/book/ancientcityslingshot/items/315449/?asn=fhdn&asn-ref=miamistylerentals&ref=miamistylerentals&bookable-only=yes&full-items=yes&marketplace=yes&flow=no,https://cdn.filestackcontent.com/3OKmFMBzSoCVNeddWkV8
Ancient City Slingshots,ancientcityslingshot,acslingshots@gmail.com,904-385-9676,United States/Florida/St. Augustine,,,315466,24+ Hour Manual Vehicle Adventure,Boat Tour,1,49,720,56,240,480,720,1440,https://fareharbor.com/embeds/calendar/ancientcityslingshot/items/315466/?asn=fhdn&asn-ref=miamistylerentals&ref=miamistylerentals&bookable-only=yes&full-items=yes&marketplace=yes&flow=no,"<script src=""https://fareharbor.com/embeds/script/calendar/ancientcityslingshot/items/315466/?asn=fhdn&asn-ref=miamistylerentals&ref=miamistylerentals&bookable-only=yes&full-items=yes&marketplace=yes&flow=no""></script>",https://fareharbor.com/embeds/book/ancientcityslingshot/items/315466/?asn=fhdn&asn-ref=miamistylerentals&ref=miamistylerentals&bookable-only=yes&full-items=yes&marketplace=yes&flow=no,https://cdn.filestackcontent.com/SRvOW9W7R2OI85E0ZfTy
Ancient City Slingshots,ancientcityslingshot,acslingshots@gmail.com,904-385-9676,United States/Florida/St. Augustine,,,315476,24+ Hour Automatic Vehicle Adventure,Boat Tour,1,49,720,56,240,480,720,1440,https://fareharbor.com/embeds/calendar/ancientcityslingshot/items/315476/?asn=fhdn&asn-ref=miamistylerentals&ref=miamistylerentals&bookable-only=yes&full-items=yes&marketplace=yes&flow=no,"<script src=""https://fareharbor.com/embeds/script/calendar/ancientcityslingshot/items/315476/?asn=fhdn&asn-ref=miamistylerentals&ref=miamistylerentals&bookable-only=yes&full-items=yes&marketplace=yes&flow=no""></script>",https://fareharbor.com/embeds/book/ancientcityslingshot/items/315476/?asn=fhdn&asn-ref=miamistylerentals&ref=miamistylerentals&bookable-only=yes&full-items=yes&marketplace=yes&flow=no,https://cdn.filestackcontent.com/KdjHP81TRBqtsDo1Sq4G
St Augustine Sailing,sta-sail,sas@sta-sail.com,(904) 829-0648,United States/Florida/St. Augustine,,,320469,Private Luxury Brunch Sail - Family Style,Boat Rental-Boat Tour-Catamaran-Dinner Boat-Dolphin-Eco Tour-Events-Food Tour-Private-Rentals-Sailing-Service-Sports-Water Activities-Wildlife-Wine,1,49,180,14,60,120,180,360,https://fareharbor.com/embeds/calendar/sta-sail/items/320469/?asn=fhdn&asn-ref=miamistylerentals&ref=miamistylerentals&bookable-only=yes&full-items=yes&marketplace=yes&flow=no,"<script src=""https://fareharbor.com/embeds/script/calendar/sta-sail/items/320469/?asn=fhdn&asn-ref=miamistylerentals&ref=miamistylerentals&bookable-only=yes&full-items=yes&marketplace=yes&flow=no""></script>",https://fareharbor.com/embeds/book/sta-sail/items/320469/?asn=fhdn&asn-ref=miamistylerentals&ref=miamistylerentals&bookable-only=yes&full-items=yes&marketplace=yes&flow=no,https://cdn.filestackcontent.com/mLNP0dmnRLGUdPv8i4P9
St Augustine Sailing,sta-sail,sas@sta-sail.com,(904) 829-0648,United States/Florida/St. Augustine,,,320478,Shared Brunch Sail Experience,Boat Rental-Boat Tour-Catamaran-Dinner Boat-Dolphin-Events-Food Tour-Private-Rentals-Sailing-Service-Wine,1,49,180,14,60,120,180,360,https://fareharbor.com/embeds/calendar/sta-sail/items/320478/?asn=fhdn&asn-ref=miamistylerentals&ref=miamistylerentals&bookable-only=yes&full-items=yes&marketplace=yes&flow=no,"<script src=""https://fareharbor.com/embeds/script/calendar/sta-sail/items/320478/?asn=fhdn&asn-ref=miamistylerentals&ref=miamistylerentals&bookable-only=yes&full-items=yes&marketplace=yes&flow=no""></script>",https://fareharbor.com/embeds/book/sta-sail/items/320478/?asn=fhdn&asn-ref=miamistylerentals&ref=miamistylerentals&bookable-only=yes&full-items=yes&marketplace=yes&flow=no,https://cdn.filestackcontent.com/qGCKlgBQwuXbrKwYKFHA
St Augustine Sailing,sta-sail,sas@sta-sail.com,(904) 829-0648,United States/Florida/St. Augustine,,,320488,Sip & Sail,Boat Tour-Sailing,1,49,90,7,30,60,90,180,https://fareharbor.com/embeds/calendar/sta-sail/items/320488/?asn=fhdn&asn-ref=miamistylerentals&ref=miamistylerentals&bookable-only=yes&full-items=yes&marketplace=yes&flow=no,"<script src=""https://fareharbor.com/embeds/script/calendar/sta-sail/items/320488/?asn=fhdn&asn-ref=miamistylerentals&ref=miamistylerentals&bookable-only=yes&full-items=yes&marketplace=yes&flow=no""></script>",https://fareharbor.com/embeds/book/sta-sail/items/320488/?asn=fhdn&asn-ref=miamistylerentals&ref=miamistylerentals&bookable-only=yes&full-items=yes&marketplace=yes&flow=no,https://cdn.filestackcontent.com/MUyNN5nxSuyEf4LtirjH
St Augustine Sailing,sta-sail,sas@sta-sail.com,(904) 829-0648,United States/Florida/St. Augustine,,,320490,2 hour Private Day Sail,Sailing,1,49,360,28,120,240,360,720,https://fareharbor.com/embeds/calendar/sta-sail/items/320490/?asn=fhdn&asn-ref=miamistylerentals&ref=miamistylerentals&bookable-only=yes&full-items=yes&marketplace=yes&flow=no,"<script src=""https://fareharbor.com/embeds/script/calendar/sta-sail/items/320490/?asn=fhdn&asn-ref=miamistylerentals&ref=miamistylerentals&bookable-only=yes&full-items=yes&marketplace=yes&flow=no""></script>",https://fareharbor.com/embeds/book/sta-sail/items/320490/?asn=fhdn&asn-ref=miamistylerentals&ref=miamistylerentals&bookable-only=yes&full-items=yes&marketplace=yes&flow=no,https://cdn.filestackcontent.com/mY4hlmsVQNWW9NFunEn0
St Augustine Sailing,sta-sail,sas@sta-sail.com,(904) 829-0648,United States/Florida/St. Augustine,,,320968,Shared Day Sailing Charter,Boat Rental-Boat Tour-Dinner Boat-Dolphin-Eco Tour-Events-Food Tour-Rentals-Sailing-Service-Transportation-Water Activities-Wine,1,49,360,28,120,240,360,720,https://fareharbor.com/embeds/calendar/sta-sail/items/320968/?asn=fhdn&asn-ref=miamistylerentals&ref=miamistylerentals&bookable-only=yes&full-items=yes&marketplace=yes&flow=no,"<script src=""https://fareharbor.com/embeds/script/calendar/sta-sail/items/320968/?asn=fhdn&asn-ref=miamistylerentals&ref=miamistylerentals&bookable-only=yes&full-items=yes&marketplace=yes&flow=no""></script>",https://fareharbor.com/embeds/book/sta-sail/items/320968/?asn=fhdn&asn-ref=miamistylerentals&ref=miamistylerentals&bookable-only=yes&full-items=yes&marketplace=yes&flow=no,https://cdn.filestackcontent.com/FaECnMtxSNaRL59uQnGd
St Augustine Sailing,sta-sail,sas@sta-sail.com,(904) 829-0648,United States/Florida/St. Augustine,,,322173,Learn The Ropes,Boat Rental-Catamaran-Lesson-Sailing-Sports-Water Activities-Workshop,1,49,182,14,62,122,182,362,https://fareharbor.com/embeds/calendar/sta-sail/items/322173/?asn=fhdn&asn-ref=miamistylerentals&ref=miamistylerentals&bookable-only=yes&full-items=yes&marketplace=yes&flow=no,"<script src=""https://fareharbor.com/embeds/script/calendar/sta-sail/items/322173/?asn=fhdn&asn-ref=miamistylerentals&ref=miamistylerentals&bookable-only=yes&full-items=yes&marketplace=yes&flow=no""></script>",https://fareharbor.com/embeds/book/sta-sail/items/322173/?asn=fhdn&asn-ref=miamistylerentals&ref=miamistylerentals&bookable-only=yes&full-items=yes&marketplace=yes&flow=no,https://cdn.filestackcontent.com/e4VZIpxrQo6d1RlBXZMk
St Augustine Sailing,sta-sail,sas@sta-sail.com,(904) 829-0648,United States/Florida/St. Augustine,,,322174,Intro To Sailing,Boat Rental-Catamaran-Sailing-Water Activities-Workshop,1,49,180,14,60,120,180,360,https://fareharbor.com/embeds/calendar/sta-sail/items/322174/?asn=fhdn&asn-ref=miamistylerentals&ref=miamistylerentals&bookable-only=yes&full-items=yes&marketplace=yes&flow=no,"<script src=""https://fareharbor.com/embeds/script/calendar/sta-sail/items/322174/?asn=fhdn&asn-ref=miamistylerentals&ref=miamistylerentals&bookable-only=yes&full-items=yes&marketplace=yes&flow=no""></script>",https://fareharbor.com/embeds/book/sta-sail/items/322174/?asn=fhdn&asn-ref=miamistylerentals&ref=miamistylerentals&bookable-only=yes&full-items=yes&marketplace=yes&flow=no,https://cdn.filestackcontent.com/kinnB7rVRByMIgMKgPdA
Island Life St. Augustine,pedegoelectricbikes-staugustine,glenn@pedegostaugustine.com,(904) 436-5045,United States/Florida/St. Augustine,-81.280993,29.860253,394612,E-Bike Rental,Bike Tour-E-Bike,1,49,924,72,312,624,924,1860,https://fareharbor.com/embeds/calendar/pedegoelectricbikes-staugustine/items/394612/?asn=fhdn&asn-ref=miamistylerentals&ref=miamistylerentals&bookable-only=yes&full-items=yes&marketplace=yes&flow=no,"<script src=""https://fareharbor.com/embeds/script/calendar/pedegoelectricbikes-staugustine/items/394612/?asn=fhdn&asn-ref=miamistylerentals&ref=miamistylerentals&bookable-only=yes&full-items=yes&marketplace=yes&flow=no""></script>",https://fareharbor.com/embeds/book/pedegoelectricbikes-staugustine/items/394612/?asn=fhdn&asn-ref=miamistylerentals&ref=miamistylerentals&bookable-only=yes&full-items=yes&marketplace=yes&flow=no,https://cdn.filestackcontent.com/HSnO4AwkTwee8sCGny4V
Spyglass Travel,spyglasstravel,Kevin@spyglasstravel.org,(386) 227-1064,United States/Florida/St. Augustine,-81.313796,29.890869,404070,Walking Guided History Tour of Old St. Augustine,,1,49,6,3,6,6,6,6,https://fareharbor.com/embeds/calendar/spyglasstravel/items/404070/?asn=fhdn&asn-ref=miamistylerentals&ref=miamistylerentals&bookable-only=yes&full-items=yes&marketplace=yes&flow=no,"<script src=""https://fareharbor.com/embeds/script/calendar/spyglasstravel/items/404070/?asn=fhdn&asn-ref=miamistylerentals&ref=miamistylerentals&bookable-only=yes&full-items=yes&marketplace=yes&flow=no""></script>",https://fareharbor.com/embeds/book/spyglasstravel/items/404070/?asn=fhdn&asn-ref=miamistylerentals&ref=miamistylerentals&bookable-only=yes&full-items=yes&marketplace=yes&flow=no,https://cdn.filestackcontent.com/UfsIc7mSzqIPiGOB6N8Q
The Tasting Tours,thetastingtours,info@thetastingtours.com,904-325-3911,United States/Florida/St. Augustine,,,410115,Historic City Tour (St. Augustine),Shuttle,5,49,0,0,0,0,0,0,https://fareharbor.com/embeds/calendar/thetastingtours/items/410115/?asn=fhdn&asn-ref=miamistylerentals&ref=miamistylerentals&bookable-only=yes&full-items=yes&marketplace=yes&flow=no,"<script src=""https://fareharbor.com/embeds/script/calendar/thetastingtours/items/410115/?asn=fhdn&asn-ref=miamistylerentals&ref=miamistylerentals&bookable-only=yes&full-items=yes&marketplace=yes&flow=no""></script>",https://fareharbor.com/embeds/book/thetastingtours/items/410115/?asn=fhdn&asn-ref=miamistylerentals&ref=miamistylerentals&bookable-only=yes&full-items=yes&marketplace=yes&flow=no,https://cdn.filestackcontent.com/5mRF8PUHQYSyrWENl6UB
St Augustine Sailing,sta-sail,sas@sta-sail.com,(904) 829-0648,United States/Florida/St. Augustine,,,428937,Women On the Water,Sailing,1,49,90,7,30,60,90,180,https://fareharbor.com/embeds/calendar/sta-sail/items/428937/?asn=fhdn&asn-ref=miamistylerentals&ref=miamistylerentals&bookable-only=yes&full-items=yes&marketplace=yes&flow=no,"<script src=""https://fareharbor.com/embeds/script/calendar/sta-sail/items/428937/?asn=fhdn&asn-ref=miamistylerentals&ref=miamistylerentals&bookable-only=yes&full-items=yes&marketplace=yes&flow=no""></script>",https://fareharbor.com/embeds/book/sta-sail/items/428937/?asn=fhdn&asn-ref=miamistylerentals&ref=miamistylerentals&bookable-only=yes&full-items=yes&marketplace=yes&flow=no,https://cdn.filestackcontent.com/knnyZwSzTLGVepWq5P6D
St Augustine Sailing,sta-sail,sas@sta-sail.com,(904) 829-0648,United States/Florida/St. Augustine,,,433233,Sweetheart - Puppy Love Package,Boat Rental-Boat Tour-Catamaran-Dinner Boat-Dolphin-Eco Tour-Events-Food Tour-Private-Rentals-Sailing-Service-Sports-Water Activities-Wine,1,49,90,7,30,60,90,180,https://fareharbor.com/embeds/calendar/sta-sail/items/433233/?asn=fhdn&asn-ref=miamistylerentals&ref=miamistylerentals&bookable-only=yes&full-items=yes&marketplace=yes&flow=no,"<script src=""https://fareharbor.com/embeds/script/calendar/sta-sail/items/433233/?asn=fhdn&asn-ref=miamistylerentals&ref=miamistylerentals&bookable-only=yes&full-items=yes&marketplace=yes&flow=no""></script>",https://fareharbor.com/embeds/book/sta-sail/items/433233/?asn=fhdn&asn-ref=miamistylerentals&ref=miamistylerentals&bookable-only=yes&full-items=yes&marketplace=yes&flow=no,https://cdn.filestackcontent.com/w8q8tkI0RcO9m29hQSQG
Island Life St. Augustine,pedegoelectricbikes-staugustine,glenn@pedegostaugustine.com,(904) 436-5045,United States/Florida/St. Augustine,-81.313931,29.892184,443279,Cruiser Rental,Bike Rental,1,49,1155,90,390,780,1155,2325,https://fareharbor.com/embeds/calendar/pedegoelectricbikes-staugustine/items/443279/?asn=fhdn&asn-ref=miamistylerentals&ref=miamistylerentals&bookable-only=yes&full-items=yes&marketplace=yes&flow=no,"<script src=""https://fareharbor.com/embeds/script/calendar/pedegoelectricbikes-staugustine/items/443279/?asn=fhdn&asn-ref=miamistylerentals&ref=miamistylerentals&bookable-only=yes&full-items=yes&marketplace=yes&flow=no""></script>",https://fareharbor.com/embeds/book/pedegoelectricbikes-staugustine/items/443279/?asn=fhdn&asn-ref=miamistylerentals&ref=miamistylerentals&bookable-only=yes&full-items=yes&marketplace=yes&flow=no,https://cdn.filestackcontent.com/5sEA3Sd3RoCzkPlX801H
St Augustine Sailing,sta-sail,sas@sta-sail.com,(904) 829-0648,United States/Florida/St. Augustine,,,454128,Lovers' Knot,Sailing,1,49,540,42,180,360,540,1080,https://fareharbor.com/embeds/calendar/sta-sail/items/454128/?asn=fhdn&asn-ref=miamistylerentals&ref=miamistylerentals&bookable-only=yes&full-items=yes&marketplace=yes&flow=no,"<script src=""https://fareharbor.com/embeds/script/calendar/sta-sail/items/454128/?asn=fhdn&asn-ref=miamistylerentals&ref=miamistylerentals&bookable-only=yes&full-items=yes&marketplace=yes&flow=no""></script>",https://fareharbor.com/embeds/book/sta-sail/items/454128/?asn=fhdn&asn-ref=miamistylerentals&ref=miamistylerentals&bookable-only=yes&full-items=yes&marketplace=yes&flow=no,https://cdn.filestackcontent.com/WvA4U56IRWylgBU1WVXc
St Augustine Sailing,sta-sail,sas@sta-sail.com,(904) 829-0648,United States/Florida/St. Augustine,,,454129,Marriage Knot Ceremony,Sailing,1,49,540,42,180,360,540,1080,https://fareharbor.com/embeds/calendar/sta-sail/items/454129/?asn=fhdn&asn-ref=miamistylerentals&ref=miamistylerentals&bookable-only=yes&full-items=yes&marketplace=yes&flow=no,"<script src=""https://fareharbor.com/embeds/script/calendar/sta-sail/items/454129/?asn=fhdn&asn-ref=miamistylerentals&ref=miamistylerentals&bookable-only=yes&full-items=yes&marketplace=yes&flow=no""></script>",https://fareharbor.com/embeds/book/sta-sail/items/454129/?asn=fhdn&asn-ref=miamistylerentals&ref=miamistylerentals&bookable-only=yes&full-items=yes&marketplace=yes&flow=no,https://cdn.filestackcontent.com/4k49Mtt2TNmbouwRUfs6
St. Augustine Experiences,oldcitybeertours,hello@staexp.com,+1 904 599 7391,United States/Florida/St. Augustine,,,499349,St. Augustine Food Tour,City Tour-Food Tour-Guided Tour-History Tour,1,49,40,3,14,23,40,99,https://fareharbor.com/embeds/calendar/oldcitybeertours/items/499349/?asn=fhdn&asn-ref=miamistylerentals&ref=miamistylerentals&bookable-only=yes&full-items=yes&marketplace=yes&flow=no,"<script src=""https://fareharbor.com/embeds/script/calendar/oldcitybeertours/items/499349/?asn=fhdn&asn-ref=miamistylerentals&ref=miamistylerentals&bookable-only=yes&full-items=yes&marketplace=yes&flow=no""></script>",https://fareharbor.com/embeds/book/oldcitybeertours/items/499349/?asn=fhdn&asn-ref=miamistylerentals&ref=miamistylerentals&bookable-only=yes&full-items=yes&marketplace=yes&flow=no,https://cdn.filestackcontent.com/jH4rlIS2QjmzWu86FBVS
Wild Sol Kayaking Adventures,wildsolkayakingadventures,amanda.wcb@gmail.com,904.436.3134,United States/Florida/St. Augustine,,,504801,Sunrise Adventure - Private Tour,Kayak,1,49,90,7,30,60,90,180,https://fareharbor.com/embeds/calendar/wildsolkayakingadventures/items/504801/?asn=fhdn&asn-ref=miamistylerentals&ref=miamistylerentals&bookable-only=yes&full-items=yes&marketplace=yes&flow=no,"<script src=""https://fareharbor.com/embeds/script/calendar/wildsolkayakingadventures/items/504801/?asn=fhdn&asn-ref=miamistylerentals&ref=miamistylerentals&bookable-only=yes&full-items=yes&marketplace=yes&flow=no""></script>",https://fareharbor.com/embeds/book/wildsolkayakingadventures/items/504801/?asn=fhdn&asn-ref=miamistylerentals&ref=miamistylerentals&bookable-only=yes&full-items=yes&marketplace=yes&flow=no,https://cdn.filestackcontent.com/pFp6do5QQJ6vzp7tD2xl
Wild Sol Kayaking Adventures,wildsolkayakingadventures,amanda.wcb@gmail.com,904.436.3134,United States/Florida/St. Augustine,,,504808,Daytime Adventure - Private Tour,Kayak,1,49,180,14,60,120,180,360,https://fareharbor.com/embeds/calendar/wildsolkayakingadventures/items/504808/?asn=fhdn&asn-ref=miamistylerentals&ref=miamistylerentals&bookable-only=yes&full-items=yes&marketplace=yes&flow=no,"<script src=""https://fareharbor.com/embeds/script/calendar/wildsolkayakingadventures/items/504808/?asn=fhdn&asn-ref=miamistylerentals&ref=miamistylerentals&bookable-only=yes&full-items=yes&marketplace=yes&flow=no""></script>",https://fareharbor.com/embeds/book/wildsolkayakingadventures/items/504808/?asn=fhdn&asn-ref=miamistylerentals&ref=miamistylerentals&bookable-only=yes&full-items=yes&marketplace=yes&flow=no,https://cdn.filestackcontent.com/v22CihOKT3qhUalxSpEb
Wild Sol Kayaking Adventures,wildsolkayakingadventures,amanda.wcb@gmail.com,904.436.3134,United States/Florida/St. Augustine,,,504809,Afternoon Adventure - Private Tour,Kayak,1,49,90,7,30,60,90,180,https://fareharbor.com/embeds/calendar/wildsolkayakingadventures/items/504809/?asn=fhdn&asn-ref=miamistylerentals&ref=miamistylerentals&bookable-only=yes&full-items=yes&marketplace=yes&flow=no,"<script src=""https://fareharbor.com/embeds/script/calendar/wildsolkayakingadventures/items/504809/?asn=fhdn&asn-ref=miamistylerentals&ref=miamistylerentals&bookable-only=yes&full-items=yes&marketplace=yes&flow=no""></script>",https://fareharbor.com/embeds/book/wildsolkayakingadventures/items/504809/?asn=fhdn&asn-ref=miamistylerentals&ref=miamistylerentals&bookable-only=yes&full-items=yes&marketplace=yes&flow=no,https://cdn.filestackcontent.com/340tOrkYSECwuWROtTIc
Wild Sol Kayaking Adventures,wildsolkayakingadventures,amanda.wcb@gmail.com,904.436.3134,United States/Florida/St. Augustine,,,504811,Sunset Adventure - Private Tour,Kayak,1,49,90,7,30,60,90,180,https://fareharbor.com/embeds/calendar/wildsolkayakingadventures/items/504811/?asn=fhdn&asn-ref=miamistylerentals&ref=miamistylerentals&bookable-only=yes&full-items=yes&marketplace=yes&flow=no,"<script src=""https://fareharbor.com/embeds/script/calendar/wildsolkayakingadventures/items/504811/?asn=fhdn&asn-ref=miamistylerentals&ref=miamistylerentals&bookable-only=yes&full-items=yes&marketplace=yes&flow=no""></script>",https://fareharbor.com/embeds/book/wildsolkayakingadventures/items/504811/?asn=fhdn&asn-ref=miamistylerentals&ref=miamistylerentals&bookable-only=yes&full-items=yes&marketplace=yes&flow=no,https://cdn.filestackcontent.com/Jq4sDJKbQBu33Hcj5fiJ
After Dark Investigations - St. Augustine,afterdarkinvestigations,adinvestigators@gmail.com,717-451-1070,United States/Florida/St. Augustine,,,537125,Fright Night Investigation,Ghost Tour,1,49,88,6,29,58,88,179,https://fareharbor.com/embeds/calendar/afterdarkinvestigations/items/537125/?asn=fhdn&asn-ref=miamistylerentals&ref=miamistylerentals&bookable-only=yes&full-items=yes&marketplace=yes&flow=no,"<script src=""https://fareharbor.com/embeds/script/calendar/afterdarkinvestigations/items/537125/?asn=fhdn&asn-ref=miamistylerentals&ref=miamistylerentals&bookable-only=yes&full-items=yes&marketplace=yes&flow=no""></script>",https://fareharbor.com/embeds/book/afterdarkinvestigations/items/537125/?asn=fhdn&asn-ref=miamistylerentals&ref=miamistylerentals&bookable-only=yes&full-items=yes&marketplace=yes&flow=no,https://cdn.filestackcontent.com/VU4bVU8Tcuvvds8lxLbQ
After Dark Investigations - St. Augustine,afterdarkinvestigations,adinvestigators@gmail.com,717-451-1070,United States/Florida/St. Augustine,,,537127,Devil's Hour Investigation,Ghost Tour,1,49,88,6,29,58,88,179,https://fareharbor.com/embeds/calendar/afterdarkinvestigations/items/537127/?asn=fhdn&asn-ref=miamistylerentals&ref=miamistylerentals&bookable-only=yes&full-items=yes&marketplace=yes&flow=no,"<script src=""https://fareharbor.com/embeds/script/calendar/afterdarkinvestigations/items/537127/?asn=fhdn&asn-ref=miamistylerentals&ref=miamistylerentals&bookable-only=yes&full-items=yes&marketplace=yes&flow=no""></script>",https://fareharbor.com/embeds/book/afterdarkinvestigations/items/537127/?asn=fhdn&asn-ref=miamistylerentals&ref=miamistylerentals&bookable-only=yes&full-items=yes&marketplace=yes&flow=no,https://cdn.filestackcontent.com/fJ8ytNB6TRealAPL99tP
St. Augustine Experiences,oldcitybeertours,hello@staexp.com,+1 904 599 7391,United States/Florida/St. Augustine,,,541700,"St. Augustine's Bourbon, Whiskey, and History Experience",Distillery,1,49,172,10,52,110,172,354,https://fareharbor.com/embeds/calendar/oldcitybeertours/items/541700/?asn=fhdn&asn-ref=miamistylerentals&ref=miamistylerentals&bookable-only=yes&full-items=yes&marketplace=yes&flow=no,"<script src=""https://fareharbor.com/embeds/script/calendar/oldcitybeertours/items/541700/?asn=fhdn&asn-ref=miamistylerentals&ref=miamistylerentals&bookable-only=yes&full-items=yes&marketplace=yes&flow=no""></script>",https://fareharbor.com/embeds/book/oldcitybeertours/items/541700/?asn=fhdn&asn-ref=miamistylerentals&ref=miamistylerentals&bookable-only=yes&full-items=yes&marketplace=yes&flow=no,https://cdn.filestackcontent.com/adj1e5yURpSKRFOfo2bv
Oldest City Surf School,oldestcitysurfschool,oldestcitysurfschool@gmail.com,843-906-2619,United States/Florida/St. Augustine,,,541955,Group Surf Lessons,Surf,1,49,159,6,57,150,159,159,https://fareharbor.com/embeds/calendar/oldestcitysurfschool/items/541955/?asn=fhdn&asn-ref=miamistylerentals&ref=miamistylerentals&bookable-only=yes&full-items=yes&marketplace=yes&flow=no,"<script src=""https://fareharbor.com/embeds/script/calendar/oldestcitysurfschool/items/541955/?asn=fhdn&asn-ref=miamistylerentals&ref=miamistylerentals&bookable-only=yes&full-items=yes&marketplace=yes&flow=no""></script>",https://fareharbor.com/embeds/book/oldestcitysurfschool/items/541955/?asn=fhdn&asn-ref=miamistylerentals&ref=miamistylerentals&bookable-only=yes&full-items=yes&marketplace=yes&flow=no,https://cdn.filestackcontent.com/WWA6nqDTgg0B83wqFUYw
Oldest City Surf School,oldestcitysurfschool,oldestcitysurfschool@gmail.com,843-906-2619,United States/Florida/St. Augustine,,,541956,Semi-Private Surf Lesson,Surf,1,49,159,12,57,156,159,159,https://fareharbor.com/embeds/calendar/oldestcitysurfschool/items/541956/?asn=fhdn&asn-ref=miamistylerentals&ref=miamistylerentals&bookable-only=yes&full-items=yes&marketplace=yes&flow=no,"<script src=""https://fareharbor.com/embeds/script/calendar/oldestcitysurfschool/items/541956/?asn=fhdn&asn-ref=miamistylerentals&ref=miamistylerentals&bookable-only=yes&full-items=yes&marketplace=yes&flow=no""></script>",https://fareharbor.com/embeds/book/oldestcitysurfschool/items/541956/?asn=fhdn&asn-ref=miamistylerentals&ref=miamistylerentals&bookable-only=yes&full-items=yes&marketplace=yes&flow=no,https://cdn.filestackcontent.com/f5d7prGeRfer5RkX5fcA
Oldest City Surf School,oldestcitysurfschool,oldestcitysurfschool@gmail.com,843-906-2619,United States/Florida/St. Augustine,,,541962,Private Surf Lesson,Surf,1,49,159,6,57,150,159,159,https://fareharbor.com/embeds/calendar/oldestcitysurfschool/items/541962/?asn=fhdn&asn-ref=miamistylerentals&ref=miamistylerentals&bookable-only=yes&full-items=yes&marketplace=yes&flow=no,"<script src=""https://fareharbor.com/embeds/script/calendar/oldestcitysurfschool/items/541962/?asn=fhdn&asn-ref=miamistylerentals&ref=miamistylerentals&bookable-only=yes&full-items=yes&marketplace=yes&flow=no""></script>",https://fareharbor.com/embeds/book/oldestcitysurfschool/items/541962/?asn=fhdn&asn-ref=miamistylerentals&ref=miamistylerentals&bookable-only=yes&full-items=yes&marketplace=yes&flow=no,https://cdn.filestackcontent.com/nKnDmrQYmEVDeCJJUSbQ
Sunsal SUP Co.,sunsalsupco,rasteen@me.com,(423)290-3511,United States/Florida/St. Augustine,,,560765,Scenic Paddleboard Tour,SUP,1,49,540,42,180,360,540,1078,https://fareharbor.com/embeds/calendar/sunsalsupco/items/560765/?asn=fhdn&asn-ref=miamistylerentals&ref=miamistylerentals&bookable-only=yes&full-items=yes&marketplace=yes&flow=no,"<script src=""https://fareharbor.com/embeds/script/calendar/sunsalsupco/items/560765/?asn=fhdn&asn-ref=miamistylerentals&ref=miamistylerentals&bookable-only=yes&full-items=yes&marketplace=yes&flow=no""></script>",https://fareharbor.com/embeds/book/sunsalsupco/items/560765/?asn=fhdn&asn-ref=miamistylerentals&ref=miamistylerentals&bookable-only=yes&full-items=yes&marketplace=yes&flow=no,https://cdn.filestackcontent.com/gYbtMhN4SJaFh4iTWpPF
Kayaking St. Augustine,kayakingstaugustine,booking@kayakingstaugustine.com,(904) 315-8442,United States/Florida/Ponte Vedra Beach,-81.32645079999999,30.022731699999998,569529,Nights of Living Lights,Kayak,3,49,0,0,0,0,0,0,https://fareharbor.com/embeds/calendar/kayakingstaugustine/items/569529/?asn=fhdn&asn-ref=miamistylerentals&ref=miamistylerentals&bookable-only=yes&full-items=yes&marketplace=yes&flow=no,"<script src=""https://fareharbor.com/embeds/script/calendar/kayakingstaugustine/items/569529/?asn=fhdn&asn-ref=miamistylerentals&ref=miamistylerentals&bookable-only=yes&full-items=yes&marketplace=yes&flow=no""></script>",https://fareharbor.com/embeds/book/kayakingstaugustine/items/569529/?asn=fhdn&asn-ref=miamistylerentals&ref=miamistylerentals&bookable-only=yes&full-items=yes&marketplace=yes&flow=no,https://cdn.filestackcontent.com/zCfmzctUQeGjmi6RpjMu
Palatka Boathouse Riverfront,palatkaboathouseriverfront,lisa@boathousemarina.com,386-385-3662,United States/Florida/Palatka,,,662476,Morning Boat Tours,,4,49,2,0,2,2,2,2,https://fareharbor.com/embeds/calendar/palatkaboathouseriverfront/items/662476/?asn=fhdn&asn-ref=miamistylerentals&ref=miamistylerentals&bookable-only=yes&full-items=yes&marketplace=yes&flow=no,"<script src=""https://fareharbor.com/embeds/script/calendar/palatkaboathouseriverfront/items/662476/?asn=fhdn&asn-ref=miamistylerentals&ref=miamistylerentals&bookable-only=yes&full-items=yes&marketplace=yes&flow=no""></script>",https://fareharbor.com/embeds/book/palatkaboathouseriverfront/items/662476/?asn=fhdn&asn-ref=miamistylerentals&ref=miamistylerentals&bookable-only=yes&full-items=yes&marketplace=yes&flow=no,https://cdn.filestackcontent.com/lXnNckLKTqm6ACkMTm1Y
Palatka Boathouse Riverfront,palatkaboathouseriverfront,lisa@boathousemarina.com,386-385-3662,United States/Florida/Palatka,,,663251,Sunset Boat Tours,,4,49,2,0,2,2,2,2,https://fareharbor.com/embeds/calendar/palatkaboathouseriverfront/items/663251/?asn=fhdn&asn-ref=miamistylerentals&ref=miamistylerentals&bookable-only=yes&full-items=yes&marketplace=yes&flow=no,"<script src=""https://fareharbor.com/embeds/script/calendar/palatkaboathouseriverfront/items/663251/?asn=fhdn&asn-ref=miamistylerentals&ref=miamistylerentals&bookable-only=yes&full-items=yes&marketplace=yes&flow=no""></script>",https://fareharbor.com/embeds/book/palatkaboathouseriverfront/items/663251/?asn=fhdn&asn-ref=miamistylerentals&ref=miamistylerentals&bookable-only=yes&full-items=yes&marketplace=yes&flow=no,https://cdn.filestackcontent.com/jT0bXNIETQuxM8AelHsG
Palatka Boathouse Riverfront,palatkaboathouseriverfront,lisa@boathousemarina.com,386-385-3662,United States/Florida/Palatka,,,670719,Milk & Cookies with Santa on the Water,,6,49,0,0,0,0,0,0,https://fareharbor.com/embeds/calendar/palatkaboathouseriverfront/items/670719/?asn=fhdn&asn-ref=miamistylerentals&ref=miamistylerentals&bookable-only=yes&full-items=yes&marketplace=yes&flow=no,"<script src=""https://fareharbor.com/embeds/script/calendar/palatkaboathouseriverfront/items/670719/?asn=fhdn&asn-ref=miamistylerentals&ref=miamistylerentals&bookable-only=yes&full-items=yes&marketplace=yes&flow=no""></script>",https://fareharbor.com/embeds/book/palatkaboathouseriverfront/items/670719/?asn=fhdn&asn-ref=miamistylerentals&ref=miamistylerentals&bookable-only=yes&full-items=yes&marketplace=yes&flow=no,https://cdn.filestackcontent.com/CijHp2pTIinMhStrrLih
Pineapple Ride & Tour,rideandtour,rideapplicationsinc@gmail.com,904-615-5515,United States/Florida/St. Augustine,,,676941,DAY PASS - All day Ride Services in Downtown St.Augustine,,2,49,90,7,30,60,90,180,https://fareharbor.com/embeds/calendar/rideandtour/items/676941/?asn=fhdn&asn-ref=miamistylerentals&ref=miamistylerentals&bookable-only=yes&full-items=yes&marketplace=yes&flow=no,"<script src=""https://fareharbor.com/embeds/script/calendar/rideandtour/items/676941/?asn=fhdn&asn-ref=miamistylerentals&ref=miamistylerentals&bookable-only=yes&full-items=yes&marketplace=yes&flow=no""></script>",https://fareharbor.com/embeds/book/rideandtour/items/676941/?asn=fhdn&asn-ref=miamistylerentals&ref=miamistylerentals&bookable-only=yes&full-items=yes&marketplace=yes&flow=no,https://cdn.filestackcontent.com/YvnTuKfVSrOe2e3CItZF
Island Life St. Augustine,pedegoelectricbikes-staugustine,glenn@pedegostaugustine.com,(904) 436-5045,United States/Florida/St. Augustine,-81.313931,29.892184,443286,Small Road 52 Rental,Bike Rental,2,48,1155,90,390,780,1155,2325,https://fareharbor.com/embeds/calendar/pedegoelectricbikes-staugustine/items/443286/?asn=fhdn&asn-ref=miamistylerentals&ref=miamistylerentals&bookable-only=yes&full-items=yes&marketplace=yes&flow=no,"<script src=""https://fareharbor.com/embeds/script/calendar/pedegoelectricbikes-staugustine/items/443286/?asn=fhdn&asn-ref=miamistylerentals&ref=miamistylerentals&bookable-only=yes&full-items=yes&marketplace=yes&flow=no""></script>",https://fareharbor.com/embeds/book/pedegoelectricbikes-staugustine/items/443286/?asn=fhdn&asn-ref=miamistylerentals&ref=miamistylerentals&bookable-only=yes&full-items=yes&marketplace=yes&flow=no,https://cdn.filestackcontent.com/Nxf4pBW6SiWvBm9TSj6q
Island Life St. Augustine,pedegoelectricbikes-staugustine,glenn@pedegostaugustine.com,(904) 436-5045,United States/Florida/St. Augustine,-81.313931,29.892184,443287,Medium Road 54 Rental,Bike Rental,2,48,1155,90,390,780,1155,2325,https://fareharbor.com/embeds/calendar/pedegoelectricbikes-staugustine/items/443287/?asn=fhdn&asn-ref=miamistylerentals&ref=miamistylerentals&bookable-only=yes&full-items=yes&marketplace=yes&flow=no,"<script src=""https://fareharbor.com/embeds/script/calendar/pedegoelectricbikes-staugustine/items/443287/?asn=fhdn&asn-ref=miamistylerentals&ref=miamistylerentals&bookable-only=yes&full-items=yes&marketplace=yes&flow=no""></script>",https://fareharbor.com/embeds/book/pedegoelectricbikes-staugustine/items/443287/?asn=fhdn&asn-ref=miamistylerentals&ref=miamistylerentals&bookable-only=yes&full-items=yes&marketplace=yes&flow=no,https://cdn.filestackcontent.com/PKFJguucTjGEIY2HtVob
Island Life St. Augustine,pedegoelectricbikes-staugustine,glenn@pedegostaugustine.com,(904) 436-5045,United States/Florida/St. Augustine,-81.313931,29.892184,443288,Large Road 56 Rental,Bike Rental,2,48,1155,90,390,780,1155,2325,https://fareharbor.com/embeds/calendar/pedegoelectricbikes-staugustine/items/443288/?asn=fhdn&asn-ref=miamistylerentals&ref=miamistylerentals&bookable-only=yes&full-items=yes&marketplace=yes&flow=no,"<script src=""https://fareharbor.com/embeds/script/calendar/pedegoelectricbikes-staugustine/items/443288/?asn=fhdn&asn-ref=miamistylerentals&ref=miamistylerentals&bookable-only=yes&full-items=yes&marketplace=yes&flow=no""></script>",https://fareharbor.com/embeds/book/pedegoelectricbikes-staugustine/items/443288/?asn=fhdn&asn-ref=miamistylerentals&ref=miamistylerentals&bookable-only=yes&full-items=yes&marketplace=yes&flow=no,https://cdn.filestackcontent.com/1G1DDSoQ22MYwipM9M0Z
Island Life St. Augustine,pedegoelectricbikes-staugustine,glenn@pedegostaugustine.com,(904) 436-5045,United States/Florida/St. Augustine,-81.313931,29.892184,443289,X-Large Road 58 Rental,Bike Rental,2,48,1155,90,390,780,1155,2325,https://fareharbor.com/embeds/calendar/pedegoelectricbikes-staugustine/items/443289/?asn=fhdn&asn-ref=miamistylerentals&ref=miamistylerentals&bookable-only=yes&full-items=yes&marketplace=yes&flow=no,"<script src=""https://fareharbor.com/embeds/script/calendar/pedegoelectricbikes-staugustine/items/443289/?asn=fhdn&asn-ref=miamistylerentals&ref=miamistylerentals&bookable-only=yes&full-items=yes&marketplace=yes&flow=no""></script>",https://fareharbor.com/embeds/book/pedegoelectricbikes-staugustine/items/443289/?asn=fhdn&asn-ref=miamistylerentals&ref=miamistylerentals&bookable-only=yes&full-items=yes&marketplace=yes&flow=no,https://cdn.filestackcontent.com/NjKvgyC5QgClUytFd5wv
Fury Water Adventures - St. Augustine,furystaug,reservations@furystaug.com,(844) 831-5397,United States/Florida/St. Augustine,,,635143,St. Augustine Historical Landmark Cruise,,2,48,162,8,49,107,162,276,https://fareharbor.com/embeds/calendar/furystaug/items/635143/?asn=fhdn&asn-ref=miamistylerentals&ref=miamistylerentals&bookable-only=yes&full-items=yes&marketplace=yes&flow=no,"<script src=""https://fareharbor.com/embeds/script/calendar/furystaug/items/635143/?asn=fhdn&asn-ref=miamistylerentals&ref=miamistylerentals&bookable-only=yes&full-items=yes&marketplace=yes&flow=no""></script>",https://fareharbor.com/embeds/book/furystaug/items/635143/?asn=fhdn&asn-ref=miamistylerentals&ref=miamistylerentals&bookable-only=yes&full-items=yes&marketplace=yes&flow=no,
Palatka Boathouse Riverfront,palatkaboathouseriverfront,lisa@boathousemarina.com,386-385-3662,United States/Florida/Palatka,,,674856,Pride of Palatka Pink Out *Free Tickets for Breast Cancer Survivors*,,5,48,0,0,0,0,0,0,https://fareharbor.com/embeds/calendar/palatkaboathouseriverfront/items/674856/?asn=fhdn&asn-ref=miamistylerentals&ref=miamistylerentals&bookable-only=yes&full-items=yes&marketplace=yes&flow=no,"<script src=""https://fareharbor.com/embeds/script/calendar/palatkaboathouseriverfront/items/674856/?asn=fhdn&asn-ref=miamistylerentals&ref=miamistylerentals&bookable-only=yes&full-items=yes&marketplace=yes&flow=no""></script>",https://fareharbor.com/embeds/book/palatkaboathouseriverfront/items/674856/?asn=fhdn&asn-ref=miamistylerentals&ref=miamistylerentals&bookable-only=yes&full-items=yes&marketplace=yes&flow=no,https://cdn.filestackcontent.com/X7kCeXSMSD66Qkmn2fsn
Jax Cruise,tikilacruise,Jaxcruiseinfo@gmail.com,9046511161,United States/Florida/St. Augustine,,,697366,Exodus,,1,48,180,14,60,120,180,360,https://fareharbor.com/embeds/calendar/tikilacruise/items/697366/?asn=fhdn&asn-ref=miamistylerentals&ref=miamistylerentals&bookable-only=yes&full-items=yes&marketplace=yes&flow=no,"<script src=""https://fareharbor.com/embeds/script/calendar/tikilacruise/items/697366/?asn=fhdn&asn-ref=miamistylerentals&ref=miamistylerentals&bookable-only=yes&full-items=yes&marketplace=yes&flow=no""></script>",https://fareharbor.com/embeds/book/tikilacruise/items/697366/?asn=fhdn&asn-ref=miamistylerentals&ref=miamistylerentals&bookable-only=yes&full-items=yes&marketplace=yes&flow=no,https://cdn.filestackcontent.com/tDx6VhbTTJRqEnihzAwL
Florida Water Tours,floridawatertour,info@flwatertours.com,904-827-7728,United States/Florida/St. Augustine,,,701481,Sunset River Jazz Cruise,,6,48,11,1,4,7,11,17,https://fareharbor.com/embeds/calendar/floridawatertour/items/701481/?asn=fhdn&asn-ref=miamistylerentals&ref=miamistylerentals&bookable-only=yes&full-items=yes&marketplace=yes&flow=no,"<script src=""https://fareharbor.com/embeds/script/calendar/floridawatertour/items/701481/?asn=fhdn&asn-ref=miamistylerentals&ref=miamistylerentals&bookable-only=yes&full-items=yes&marketplace=yes&flow=no""></script>",https://fareharbor.com/embeds/book/floridawatertour/items/701481/?asn=fhdn&asn-ref=miamistylerentals&ref=miamistylerentals&bookable-only=yes&full-items=yes&marketplace=yes&flow=no,https://cdn.filestackcontent.com/u9uRHeQVQwS5uNJpQNTj
Pineapple Ride & Tour,rideandtour,rideapplicationsinc@gmail.com,904-615-5515,United States/Florida/St. Augustine,,,720339,1 Hour EV Historical Tour (Portal),,2,48,990,77,330,660,990,1980,https://fareharbor.com/embeds/calendar/rideandtour/items/720339/?asn=fhdn&asn-ref=miamistylerentals&ref=miamistylerentals&bookable-only=yes&full-items=yes&marketplace=yes&flow=no,"<script src=""https://fareharbor.com/embeds/script/calendar/rideandtour/items/720339/?asn=fhdn&asn-ref=miamistylerentals&ref=miamistylerentals&bookable-only=yes&full-items=yes&marketplace=yes&flow=no""></script>",https://fareharbor.com/embeds/book/rideandtour/items/720339/?asn=fhdn&asn-ref=miamistylerentals&ref=miamistylerentals&bookable-only=yes&full-items=yes&marketplace=yes&flow=no,https://cdn.filestackcontent.com/9KQi25TtSROLS0ZaZ1T6
Saint Augustine Transfer Company Inc,saintaugustinetransfer,booking@satransfer.com,(904) 293-3471,United States/Florida/St. Augustine,-81.31343,29.891352,300192,Feast of St. Augustine Walking Food Tour,,3,47,52,4,17,36,52,103,https://fareharbor.com/embeds/calendar/saintaugustinetransfer/items/300192/?asn=fhdn&asn-ref=miamistylerentals&ref=miamistylerentals&bookable-only=yes&full-items=yes&marketplace=yes&flow=no,"<script src=""https://fareharbor.com/embeds/script/calendar/saintaugustinetransfer/items/300192/?asn=fhdn&asn-ref=miamistylerentals&ref=miamistylerentals&bookable-only=yes&full-items=yes&marketplace=yes&flow=no""></script>",https://fareharbor.com/embeds/book/saintaugustinetransfer/items/300192/?asn=fhdn&asn-ref=miamistylerentals&ref=miamistylerentals&bookable-only=yes&full-items=yes&marketplace=yes&flow=no,https://cdn.filestackcontent.com/Y03sA1P1SEmxJ2pUZqju
Saint Augustine Transfer Company Inc,saintaugustinetransfer,booking@satransfer.com,(904) 293-3471,United States/Florida/St. Augustine,,,403328,Dessert a la Cart Golf Cart Dessert Tour,,3,47,39,3,12,26,39,76,https://fareharbor.com/embeds/calendar/saintaugustinetransfer/items/403328/?asn=fhdn&asn-ref=miamistylerentals&ref=miamistylerentals&bookable-only=yes&full-items=yes&marketplace=yes&flow=no,"<script src=""https://fareharbor.com/embeds/script/calendar/saintaugustinetransfer/items/403328/?asn=fhdn&asn-ref=miamistylerentals&ref=miamistylerentals&bookable-only=yes&full-items=yes&marketplace=yes&flow=no""></script>",https://fareharbor.com/embeds/book/saintaugustinetransfer/items/403328/?asn=fhdn&asn-ref=miamistylerentals&ref=miamistylerentals&bookable-only=yes&full-items=yes&marketplace=yes&flow=no,https://cdn.filestackcontent.com/2D3WgqJsTSWeEjaZEgfs
Earth Kinship,earthkinship,ayolane@earthkinship.us,904-477-5669,United States/Florida/St. Augustine,-81.285637,29.885918,648928,"Salt Run, Dolphin Paddle",Dolphin-Eco Tour-Environmental Attraction-Wellness-Guided Tour-Kayak,4,47,0,0,0,0,0,0,https://fareharbor.com/embeds/calendar/earthkinship/items/648928/?asn=fhdn&asn-ref=miamistylerentals&ref=miamistylerentals&bookable-only=yes&full-items=yes&marketplace=yes&flow=no,"<script src=""https://fareharbor.com/embeds/script/calendar/earthkinship/items/648928/?asn=fhdn&asn-ref=miamistylerentals&ref=miamistylerentals&bookable-only=yes&full-items=yes&marketplace=yes&flow=no""></script>",https://fareharbor.com/embeds/book/earthkinship/items/648928/?asn=fhdn&asn-ref=miamistylerentals&ref=miamistylerentals&bookable-only=yes&full-items=yes&marketplace=yes&flow=no,https://cdn.filestackcontent.com/ykSIg9DzSxm03q2N4P5E
Anastasia Watersports,anastasiawatersports,info@AnastasiaWatersports.com,904-460-9111,United States/Florida/St. Augustine,,,679388,Lighthouse Guided Paddle Tour!,,3,47,18,1,6,12,18,31,https://fareharbor.com/embeds/calendar/anastasiawatersports/items/679388/?asn=fhdn&asn-ref=miamistylerentals&ref=miamistylerentals&bookable-only=yes&full-items=yes&marketplace=yes&flow=no,"<script src=""https://fareharbor.com/embeds/script/calendar/anastasiawatersports/items/679388/?asn=fhdn&asn-ref=miamistylerentals&ref=miamistylerentals&bookable-only=yes&full-items=yes&marketplace=yes&flow=no""></script>",https://fareharbor.com/embeds/book/anastasiawatersports/items/679388/?asn=fhdn&asn-ref=miamistylerentals&ref=miamistylerentals&bookable-only=yes&full-items=yes&marketplace=yes&flow=no,
Gone2Sea Boat Rentals,gone2seaboatrentals,info@gone2seaboatrentals.com,904-980-8700,United States/Florida/St. Augustine,,,682255,Private Ancient City Day Cruise,,2,47,540,42,180,360,540,1080,https://fareharbor.com/embeds/calendar/gone2seaboatrentals/items/682255/?asn=fhdn&asn-ref=miamistylerentals&ref=miamistylerentals&bookable-only=yes&full-items=yes&marketplace=yes&flow=no,"<script src=""https://fareharbor.com/embeds/script/calendar/gone2seaboatrentals/items/682255/?asn=fhdn&asn-ref=miamistylerentals&ref=miamistylerentals&bookable-only=yes&full-items=yes&marketplace=yes&flow=no""></script>",https://fareharbor.com/embeds/book/gone2seaboatrentals/items/682255/?asn=fhdn&asn-ref=miamistylerentals&ref=miamistylerentals&bookable-only=yes&full-items=yes&marketplace=yes&flow=no,https://cdn.filestackcontent.com/07CkOxVsQl2DGrz9LgKR
Saint Augustine Transfer Company Inc,saintaugustinetransfer,booking@satransfer.com,(904) 293-3471,United States/Florida/St. Augustine,-81.31343,29.891352,300226,Second Breakfast Brunch Golf Cart Tour,,4,46,26,2,8,17,26,50,https://fareharbor.com/embeds/calendar/saintaugustinetransfer/items/300226/?asn=fhdn&asn-ref=miamistylerentals&ref=miamistylerentals&bookable-only=yes&full-items=yes&marketplace=yes&flow=no,"<script src=""https://fareharbor.com/embeds/script/calendar/saintaugustinetransfer/items/300226/?asn=fhdn&asn-ref=miamistylerentals&ref=miamistylerentals&bookable-only=yes&full-items=yes&marketplace=yes&flow=no""></script>",https://fareharbor.com/embeds/book/saintaugustinetransfer/items/300226/?asn=fhdn&asn-ref=miamistylerentals&ref=miamistylerentals&bookable-only=yes&full-items=yes&marketplace=yes&flow=no,https://cdn.filestackcontent.com/NOkIP5W3T4a9NpxH7Mkq
Saint Augustine Transfer Company Inc,saintaugustinetransfer,booking@satransfer.com,(904) 293-3471,United States/Florida/St. Augustine,-81.31343,29.891352,403357,Feast of St. Augustine Golf Cart Tour,,4,46,26,2,8,18,26,51,https://fareharbor.com/embeds/calendar/saintaugustinetransfer/items/403357/?asn=fhdn&asn-ref=miamistylerentals&ref=miamistylerentals&bookable-only=yes&full-items=yes&marketplace=yes&flow=no,"<script src=""https://fareharbor.com/embeds/script/calendar/saintaugustinetransfer/items/403357/?asn=fhdn&asn-ref=miamistylerentals&ref=miamistylerentals&bookable-only=yes&full-items=yes&marketplace=yes&flow=no""></script>",https://fareharbor.com/embeds/book/saintaugustinetransfer/items/403357/?asn=fhdn&asn-ref=miamistylerentals&ref=miamistylerentals&bookable-only=yes&full-items=yes&marketplace=yes&flow=no,https://cdn.filestackcontent.com/yezAQwDSJGFSEilQEbhg
Get Up and Go Kayaking - Vilano,getupandgokayaking-vilano,staugstine@getupandgokayaking.com,904-709-7476,United States/Florida/St. Augustine,,,542240,St. Augustine Clear Kayak Tour,Kayak,7,46,0,0,0,0,0,0,https://fareharbor.com/embeds/calendar/getupandgokayaking-vilano/items/542240/?asn=fhdn&asn-ref=miamistylerentals&ref=miamistylerentals&bookable-only=yes&full-items=yes&marketplace=yes&flow=no,"<script src=""https://fareharbor.com/embeds/script/calendar/getupandgokayaking-vilano/items/542240/?asn=fhdn&asn-ref=miamistylerentals&ref=miamistylerentals&bookable-only=yes&full-items=yes&marketplace=yes&flow=no""></script>",https://fareharbor.com/embeds/book/getupandgokayaking-vilano/items/542240/?asn=fhdn&asn-ref=miamistylerentals&ref=miamistylerentals&bookable-only=yes&full-items=yes&marketplace=yes&flow=no,
Palatka Boathouse Riverfront,palatkaboathouseriverfront,lisa@boathousemarina.com,386-385-3662,United States/Florida/Palatka,,,719221,Blue Crab Festival Scenic Boat Tours,,2,46,5,5,5,5,5,5,https://fareharbor.com/embeds/calendar/palatkaboathouseriverfront/items/719221/?asn=fhdn&asn-ref=miamistylerentals&ref=miamistylerentals&bookable-only=yes&full-items=yes&marketplace=yes&flow=no,"<script src=""https://fareharbor.com/embeds/script/calendar/palatkaboathouseriverfront/items/719221/?asn=fhdn&asn-ref=miamistylerentals&ref=miamistylerentals&bookable-only=yes&full-items=yes&marketplace=yes&flow=no""></script>",https://fareharbor.com/embeds/book/palatkaboathouseriverfront/items/719221/?asn=fhdn&asn-ref=miamistylerentals&ref=miamistylerentals&bookable-only=yes&full-items=yes&marketplace=yes&flow=no,https://cdn.filestackcontent.com/rhcmz6UQB6CCixib5YQN
Florida Water Tours,floridawatertour,info@flwatertours.com,904-827-7728,United States/Florida/St. Augustine,,,24431,Nights Of Lights - Osprey,City Tour-Events-History Tour,6,45,0,0,0,0,0,0,https://fareharbor.com/embeds/calendar/floridawatertour/items/24431/?asn=fhdn&asn-ref=miamistylerentals&ref=miamistylerentals&bookable-only=yes&full-items=yes&marketplace=yes&flow=no,"<script src=""https://fareharbor.com/embeds/script/calendar/floridawatertour/items/24431/?asn=fhdn&asn-ref=miamistylerentals&ref=miamistylerentals&bookable-only=yes&full-items=yes&marketplace=yes&flow=no""></script>",https://fareharbor.com/embeds/book/floridawatertour/items/24431/?asn=fhdn&asn-ref=miamistylerentals&ref=miamistylerentals&bookable-only=yes&full-items=yes&marketplace=yes&flow=no,https://cdn.filestackcontent.com/nuNUOcuPQlahVHfFtXId
St Augustine Sailing,sta-sail,sas@sta-sail.com,(904) 829-0648,United States/Florida/St. Augustine,,,59968,ASA 105 - Coastal Navigation,Sailing,0,45,90,7,30,60,90,180,https://fareharbor.com/embeds/calendar/sta-sail/items/59968/?asn=fhdn&asn-ref=miamistylerentals&ref=miamistylerentals&bookable-only=yes&full-items=yes&marketplace=yes&flow=no,"<script src=""https://fareharbor.com/embeds/script/calendar/sta-sail/items/59968/?asn=fhdn&asn-ref=miamistylerentals&ref=miamistylerentals&bookable-only=yes&full-items=yes&marketplace=yes&flow=no""></script>",https://fareharbor.com/embeds/book/sta-sail/items/59968/?asn=fhdn&asn-ref=miamistylerentals&ref=miamistylerentals&bookable-only=yes&full-items=yes&marketplace=yes&flow=no,https://cdn.filestackcontent.com/67ijdyRTTSK4Xm0sK6GT
Red Boat Water Tours,redboatwatertours,info@redboattours.com,904-436-3566,United States/Florida/St. Augustine,,,80938,Sunset / Moonrise Cruise,,5,45,0,0,0,0,0,0,https://fareharbor.com/embeds/calendar/redboatwatertours/items/80938/?asn=fhdn&asn-ref=miamistylerentals&ref=miamistylerentals&bookable-only=yes&full-items=yes&marketplace=yes&flow=no,"<script src=""https://fareharbor.com/embeds/script/calendar/redboatwatertours/items/80938/?asn=fhdn&asn-ref=miamistylerentals&ref=miamistylerentals&bookable-only=yes&full-items=yes&marketplace=yes&flow=no""></script>",https://fareharbor.com/embeds/book/redboatwatertours/items/80938/?asn=fhdn&asn-ref=miamistylerentals&ref=miamistylerentals&bookable-only=yes&full-items=yes&marketplace=yes&flow=no,https://cdn.filestackcontent.com/IWLfwZORHqIy3YgrBAQf
Sea Serpent Tours,seaserpenttours,capt@seaserpenttours.com,904-495-4200,United States/Florida/St. Augustine,-81.313931,29.892184,157157,Pontoon Boat Rentals,Boat Rental,0,45,72,6,24,47,72,146,https://fareharbor.com/embeds/calendar/seaserpenttours/items/157157/?asn=fhdn&asn-ref=miamistylerentals&ref=miamistylerentals&bookable-only=yes&full-items=yes&marketplace=yes&flow=no,"<script src=""https://fareharbor.com/embeds/script/calendar/seaserpenttours/items/157157/?asn=fhdn&asn-ref=miamistylerentals&ref=miamistylerentals&bookable-only=yes&full-items=yes&marketplace=yes&flow=no""></script>",https://fareharbor.com/embeds/book/seaserpenttours/items/157157/?asn=fhdn&asn-ref=miamistylerentals&ref=miamistylerentals&bookable-only=yes&full-items=yes&marketplace=yes&flow=no,https://cdn.filestackcontent.com/YLwKinkSmewVcCSt2e9w
GeoTrippin,geotrippin,tours@geotrippin.com,(904) 701-3272,United States/Florida/St. Augustine,-81.565757,29.986923,191119,We're Duned,Fishing-Kayak,5,45,0,0,0,0,0,0,https://fareharbor.com/embeds/calendar/geotrippin/items/191119/?asn=fhdn&asn-ref=miamistylerentals&ref=miamistylerentals&bookable-only=yes&full-items=yes&marketplace=yes&flow=no,"<script src=""https://fareharbor.com/embeds/script/calendar/geotrippin/items/191119/?asn=fhdn&asn-ref=miamistylerentals&ref=miamistylerentals&bookable-only=yes&full-items=yes&marketplace=yes&flow=no""></script>",https://fareharbor.com/embeds/book/geotrippin/items/191119/?asn=fhdn&asn-ref=miamistylerentals&ref=miamistylerentals&bookable-only=yes&full-items=yes&marketplace=yes&flow=no,
GeoTrippin,geotrippin,tours@geotrippin.com,(904) 701-3272,United States/Florida/St. Augustine,,,191120,Trout Creek,Kayak,5,45,0,0,0,0,0,0,https://fareharbor.com/embeds/calendar/geotrippin/items/191120/?asn=fhdn&asn-ref=miamistylerentals&ref=miamistylerentals&bookable-only=yes&full-items=yes&marketplace=yes&flow=no,"<script src=""https://fareharbor.com/embeds/script/calendar/geotrippin/items/191120/?asn=fhdn&asn-ref=miamistylerentals&ref=miamistylerentals&bookable-only=yes&full-items=yes&marketplace=yes&flow=no""></script>",https://fareharbor.com/embeds/book/geotrippin/items/191120/?asn=fhdn&asn-ref=miamistylerentals&ref=miamistylerentals&bookable-only=yes&full-items=yes&marketplace=yes&flow=no,
GeoTrippin,geotrippin,tours@geotrippin.com,(904) 701-3272,United States/Florida/Ponte Vedra Beach,,,230768,Kayaking Essentials,Kayak,5,45,0,0,0,0,0,0,https://fareharbor.com/embeds/calendar/geotrippin/items/230768/?asn=fhdn&asn-ref=miamistylerentals&ref=miamistylerentals&bookable-only=yes&full-items=yes&marketplace=yes&flow=no,"<script src=""https://fareharbor.com/embeds/script/calendar/geotrippin/items/230768/?asn=fhdn&asn-ref=miamistylerentals&ref=miamistylerentals&bookable-only=yes&full-items=yes&marketplace=yes&flow=no""></script>",https://fareharbor.com/embeds/book/geotrippin/items/230768/?asn=fhdn&asn-ref=miamistylerentals&ref=miamistylerentals&bookable-only=yes&full-items=yes&marketplace=yes&flow=no,
St. Augustine Land and Sea Tours LLC,staugustinelandandseatours,info@staugustinelandandseatours.com,9046799880,United States/Florida/St. Augustine,,,246451,Private St. Augustine Boat and Golf Cart Tour,Boat Tour-City Tour,17,45,0,0,0,0,0,0,https://fareharbor.com/embeds/calendar/staugustinelandandseatours/items/246451/?asn=fhdn&asn-ref=miamistylerentals&ref=miamistylerentals&bookable-only=yes&full-items=yes&marketplace=yes&flow=no,"<script src=""https://fareharbor.com/embeds/script/calendar/staugustinelandandseatours/items/246451/?asn=fhdn&asn-ref=miamistylerentals&ref=miamistylerentals&bookable-only=yes&full-items=yes&marketplace=yes&flow=no""></script>",https://fareharbor.com/embeds/book/staugustinelandandseatours/items/246451/?asn=fhdn&asn-ref=miamistylerentals&ref=miamistylerentals&bookable-only=yes&full-items=yes&marketplace=yes&flow=no,https://cdn.filestackcontent.com/mw03cFdRK6evUcviyIXk
A Night Among Ghosts,theoddmacabrecompany,anightamongghosts@gmail.com,904-788-5537,United States/Florida/St. Augustine,-81.313931,29.892184,248308,Investigative Ride - Private Group,Other,8,45,0,0,0,0,0,0,https://fareharbor.com/embeds/calendar/theoddmacabrecompany/items/248308/?asn=fhdn&asn-ref=miamistylerentals&ref=miamistylerentals&bookable-only=yes&full-items=yes&marketplace=yes&flow=no,"<script src=""https://fareharbor.com/embeds/script/calendar/theoddmacabrecompany/items/248308/?asn=fhdn&asn-ref=miamistylerentals&ref=miamistylerentals&bookable-only=yes&full-items=yes&marketplace=yes&flow=no""></script>",https://fareharbor.com/embeds/book/theoddmacabrecompany/items/248308/?asn=fhdn&asn-ref=miamistylerentals&ref=miamistylerentals&bookable-only=yes&full-items=yes&marketplace=yes&flow=no,
A Night Among Ghosts,theoddmacabrecompany,anightamongghosts@gmail.com,904-788-5537,United States/Florida/St. Augustine,-81.311594,29.891013,256016,A Night Among Ghosts at the Ximenez-Fatio House Museum,Museum,8,45,0,0,0,0,0,1,https://fareharbor.com/embeds/calendar/theoddmacabrecompany/items/256016/?asn=fhdn&asn-ref=miamistylerentals&ref=miamistylerentals&bookable-only=yes&full-items=yes&marketplace=yes&flow=no,"<script src=""https://fareharbor.com/embeds/script/calendar/theoddmacabrecompany/items/256016/?asn=fhdn&asn-ref=miamistylerentals&ref=miamistylerentals&bookable-only=yes&full-items=yes&marketplace=yes&flow=no""></script>",https://fareharbor.com/embeds/book/theoddmacabrecompany/items/256016/?asn=fhdn&asn-ref=miamistylerentals&ref=miamistylerentals&bookable-only=yes&full-items=yes&marketplace=yes&flow=no,https://cdn.filestackcontent.com/m5J1ldNdSQe78mLf6Y9V
Florida Water Tours,floridawatertour,info@flwatertours.com,904-827-7728,United States/Florida/St. Augustine,,,256481,Educational Tour,Boat Tour,8,45,0,0,0,0,0,0,https://fareharbor.com/embeds/calendar/floridawatertour/items/256481/?asn=fhdn&asn-ref=miamistylerentals&ref=miamistylerentals&bookable-only=yes&full-items=yes&marketplace=yes&flow=no,"<script src=""https://fareharbor.com/embeds/script/calendar/floridawatertour/items/256481/?asn=fhdn&asn-ref=miamistylerentals&ref=miamistylerentals&bookable-only=yes&full-items=yes&marketplace=yes&flow=no""></script>",https://fareharbor.com/embeds/book/floridawatertour/items/256481/?asn=fhdn&asn-ref=miamistylerentals&ref=miamistylerentals&bookable-only=yes&full-items=yes&marketplace=yes&flow=no,https://cdn.filestackcontent.com/M1wjxdIxR1ShzWnexzEB
A Night Among Ghosts,theoddmacabrecompany,anightamongghosts@gmail.com,904-788-5537,United States/Florida/St. Augustine,-82.851021,31.506687,264318,Create Your Own Candle,,7,45,2,0,0,2,2,7,https://fareharbor.com/embeds/calendar/theoddmacabrecompany/items/264318/?asn=fhdn&asn-ref=miamistylerentals&ref=miamistylerentals&bookable-only=yes&full-items=yes&marketplace=yes&flow=no,"<script src=""https://fareharbor.com/embeds/script/calendar/theoddmacabrecompany/items/264318/?asn=fhdn&asn-ref=miamistylerentals&ref=miamistylerentals&bookable-only=yes&full-items=yes&marketplace=yes&flow=no""></script>",https://fareharbor.com/embeds/book/theoddmacabrecompany/items/264318/?asn=fhdn&asn-ref=miamistylerentals&ref=miamistylerentals&bookable-only=yes&full-items=yes&marketplace=yes&flow=no,https://cdn.filestackcontent.com/AUw4do1mTN6qebs4aGB0
Saint Augustine Photo Tours,saintaugustinephototours,saintaugustinephototours@gmail.com,(904) 789-0202,United States/Florida/St. Augustine,,,276108,Evening Architectural Tour,Photography Tour,15,45,0,0,0,0,0,0,https://fareharbor.com/embeds/calendar/saintaugustinephototours/items/276108/?asn=fhdn&asn-ref=miamistylerentals&ref=miamistylerentals&bookable-only=yes&full-items=yes&marketplace=yes&flow=no,"<script src=""https://fareharbor.com/embeds/script/calendar/saintaugustinephototours/items/276108/?asn=fhdn&asn-ref=miamistylerentals&ref=miamistylerentals&bookable-only=yes&full-items=yes&marketplace=yes&flow=no""></script>",https://fareharbor.com/embeds/book/saintaugustinephototours/items/276108/?asn=fhdn&asn-ref=miamistylerentals&ref=miamistylerentals&bookable-only=yes&full-items=yes&marketplace=yes&flow=no,https://cdn.filestackcontent.com/rciRbxJ5RZ24CxQM7Yg8
St. Augustine Land and Sea Tours LLC,staugustinelandandseatours,info@staugustinelandandseatours.com,9046799880,United States/Florida/St. Augustine,-81.31213,29.892496,276133,St. Augustine Private Golf Cart Tour,City Tour,6,45,0,0,0,0,0,0,https://fareharbor.com/embeds/calendar/staugustinelandandseatours/items/276133/?asn=fhdn&asn-ref=miamistylerentals&ref=miamistylerentals&bookable-only=yes&full-items=yes&marketplace=yes&flow=no,"<script src=""https://fareharbor.com/embeds/script/calendar/staugustinelandandseatours/items/276133/?asn=fhdn&asn-ref=miamistylerentals&ref=miamistylerentals&bookable-only=yes&full-items=yes&marketplace=yes&flow=no""></script>",https://fareharbor.com/embeds/book/staugustinelandandseatours/items/276133/?asn=fhdn&asn-ref=miamistylerentals&ref=miamistylerentals&bookable-only=yes&full-items=yes&marketplace=yes&flow=no,https://cdn.filestackcontent.com/rvsb9nYHTKShvuU3pMDo
St. Augustine Land and Sea Tours LLC,staugustinelandandseatours,info@staugustinelandandseatours.com,9046799880,United States/Florida/St. Augustine,,,282274,Paseo en Barco abordo de La Paseadora de San Agustin,Boat Tour-City Tour,12,45,0,0,0,0,0,0,https://fareharbor.com/embeds/calendar/staugustinelandandseatours/items/282274/?asn=fhdn&asn-ref=miamistylerentals&ref=miamistylerentals&bookable-only=yes&full-items=yes&marketplace=yes&flow=no,"<script src=""https://fareharbor.com/embeds/script/calendar/staugustinelandandseatours/items/282274/?asn=fhdn&asn-ref=miamistylerentals&ref=miamistylerentals&bookable-only=yes&full-items=yes&marketplace=yes&flow=no""></script>",https://fareharbor.com/embeds/book/staugustinelandandseatours/items/282274/?asn=fhdn&asn-ref=miamistylerentals&ref=miamistylerentals&bookable-only=yes&full-items=yes&marketplace=yes&flow=no,https://cdn.filestackcontent.com/8fLSpUC4TyyqMOQUTxnT
Florida Water Tours,floridawatertour,info@flwatertours.com,904-827-7728,United States/Florida/St. Augustine,,,286095,Sunset Dolphin Cruise - Island Breeze,Boat Tour-Dolphin,6,45,0,0,0,0,0,0,https://fareharbor.com/embeds/calendar/floridawatertour/items/286095/?asn=fhdn&asn-ref=miamistylerentals&ref=miamistylerentals&bookable-only=yes&full-items=yes&marketplace=yes&flow=no,"<script src=""https://fareharbor.com/embeds/script/calendar/floridawatertour/items/286095/?asn=fhdn&asn-ref=miamistylerentals&ref=miamistylerentals&bookable-only=yes&full-items=yes&marketplace=yes&flow=no""></script>",https://fareharbor.com/embeds/book/floridawatertour/items/286095/?asn=fhdn&asn-ref=miamistylerentals&ref=miamistylerentals&bookable-only=yes&full-items=yes&marketplace=yes&flow=no,https://cdn.filestackcontent.com/9fisNSGKSF6FNHbRYVic
Florida Water Tours,floridawatertour,info@flwatertours.com,904-827-7728,United States/Florida/St. Augustine,,,291706,Dolphin and Wildlife Adventure - Island Breeze,Boat Tour-Dolphin-Guided Tour-Sightseeing Tour-Wildlife,6,45,0,0,0,0,0,0,https://fareharbor.com/embeds/calendar/floridawatertour/items/291706/?asn=fhdn&asn-ref=miamistylerentals&ref=miamistylerentals&bookable-only=yes&full-items=yes&marketplace=yes&flow=no,"<script src=""https://fareharbor.com/embeds/script/calendar/floridawatertour/items/291706/?asn=fhdn&asn-ref=miamistylerentals&ref=miamistylerentals&bookable-only=yes&full-items=yes&marketplace=yes&flow=no""></script>",https://fareharbor.com/embeds/book/floridawatertour/items/291706/?asn=fhdn&asn-ref=miamistylerentals&ref=miamistylerentals&bookable-only=yes&full-items=yes&marketplace=yes&flow=no,https://cdn.filestackcontent.com/v1LMr7fwTMiSl2b4pvCh
St. Augustine Land and Sea Tours LLC,staugustinelandandseatours,info@staugustinelandandseatours.com,9046799880,United States/Florida/St. Augustine,,,304201,St Augustine at Sunset Boat & Golf Cart Tour,Boat Tour-City Tour,12,45,0,0,0,0,0,0,https://fareharbor.com/embeds/calendar/staugustinelandandseatours/items/304201/?asn=fhdn&asn-ref=miamistylerentals&ref=miamistylerentals&bookable-only=yes&full-items=yes&marketplace=yes&flow=no,"<script src=""https://fareharbor.com/embeds/script/calendar/staugustinelandandseatours/items/304201/?asn=fhdn&asn-ref=miamistylerentals&ref=miamistylerentals&bookable-only=yes&full-items=yes&marketplace=yes&flow=no""></script>",https://fareharbor.com/embeds/book/staugustinelandandseatours/items/304201/?asn=fhdn&asn-ref=miamistylerentals&ref=miamistylerentals&bookable-only=yes&full-items=yes&marketplace=yes&flow=no,https://cdn.filestackcontent.com/8JYI59FSQgWkZQKw9zhe
Pirates of St. Augustine,piratesofstaugistine,blackravenadventures@gmail.com,(904) 826-0000,United States/Florida/St. Augustine,,,315154,4th of July Fireworks,Events,5,45,0,0,0,1,0,0,https://fareharbor.com/embeds/calendar/piratesofstaugistine/items/315154/?asn=fhdn&asn-ref=miamistylerentals&ref=miamistylerentals&bookable-only=yes&full-items=yes&marketplace=yes&flow=no,"<script src=""https://fareharbor.com/embeds/script/calendar/piratesofstaugistine/items/315154/?asn=fhdn&asn-ref=miamistylerentals&ref=miamistylerentals&bookable-only=yes&full-items=yes&marketplace=yes&flow=no""></script>",https://fareharbor.com/embeds/book/piratesofstaugistine/items/315154/?asn=fhdn&asn-ref=miamistylerentals&ref=miamistylerentals&bookable-only=yes&full-items=yes&marketplace=yes&flow=no,https://cdn.filestackcontent.com/w7nVrcmeTOGGT6fXAhrD
Florida Water Tours,floridawatertour,info@flwatertours.com,904-827-7728,United States/Florida/St. Augustine,-81.308422,29.91653,324411,Nights of Lights - Island Breeze,City Tour-Events-History Tour,5,45,0,0,0,0,0,0,https://fareharbor.com/embeds/calendar/floridawatertour/items/324411/?asn=fhdn&asn-ref=miamistylerentals&ref=miamistylerentals&bookable-only=yes&full-items=yes&marketplace=yes&flow=no,"<script src=""https://fareharbor.com/embeds/script/calendar/floridawatertour/items/324411/?asn=fhdn&asn-ref=miamistylerentals&ref=miamistylerentals&bookable-only=yes&full-items=yes&marketplace=yes&flow=no""></script>",https://fareharbor.com/embeds/book/floridawatertour/items/324411/?asn=fhdn&asn-ref=miamistylerentals&ref=miamistylerentals&bookable-only=yes&full-items=yes&marketplace=yes&flow=no,https://cdn.filestackcontent.com/leIsb7HsSkap09W1IH7G
St Augustine Sailing,sta-sail,sas@sta-sail.com,(904) 829-0648,United States/Florida/St. Augustine,,,329441,Nights of Lights - Twinkle Package,Sailing,5,45,0,0,0,0,0,0,https://fareharbor.com/embeds/calendar/sta-sail/items/329441/?asn=fhdn&asn-ref=miamistylerentals&ref=miamistylerentals&bookable-only=yes&full-items=yes&marketplace=yes&flow=no,"<script src=""https://fareharbor.com/embeds/script/calendar/sta-sail/items/329441/?asn=fhdn&asn-ref=miamistylerentals&ref=miamistylerentals&bookable-only=yes&full-items=yes&marketplace=yes&flow=no""></script>",https://fareharbor.com/embeds/book/sta-sail/items/329441/?asn=fhdn&asn-ref=miamistylerentals&ref=miamistylerentals&bookable-only=yes&full-items=yes&marketplace=yes&flow=no,https://cdn.filestackcontent.com/2D0BJ14hR5p9MfB2OAtg
St Augustine Sailing,sta-sail,sas@sta-sail.com,(904) 829-0648,United States/Florida/St. Augustine,,,329485,Nights of Lights - Sparkle Package,Sailing,5,45,0,0,0,0,0,0,https://fareharbor.com/embeds/calendar/sta-sail/items/329485/?asn=fhdn&asn-ref=miamistylerentals&ref=miamistylerentals&bookable-only=yes&full-items=yes&marketplace=yes&flow=no,"<script src=""https://fareharbor.com/embeds/script/calendar/sta-sail/items/329485/?asn=fhdn&asn-ref=miamistylerentals&ref=miamistylerentals&bookable-only=yes&full-items=yes&marketplace=yes&flow=no""></script>",https://fareharbor.com/embeds/book/sta-sail/items/329485/?asn=fhdn&asn-ref=miamistylerentals&ref=miamistylerentals&bookable-only=yes&full-items=yes&marketplace=yes&flow=no,https://cdn.filestackcontent.com/P2tysCxQyGkx5Wh5C7Zj
St Augustine Sailing,sta-sail,sas@sta-sail.com,(904) 829-0648,United States/Florida/St. Augustine,,,329486,Nights of Lights - Glitter Package,Sailing,16,45,0,0,0,0,0,0,https://fareharbor.com/embeds/calendar/sta-sail/items/329486/?asn=fhdn&asn-ref=miamistylerentals&ref=miamistylerentals&bookable-only=yes&full-items=yes&marketplace=yes&flow=no,"<script src=""https://fareharbor.com/embeds/script/calendar/sta-sail/items/329486/?asn=fhdn&asn-ref=miamistylerentals&ref=miamistylerentals&bookable-only=yes&full-items=yes&marketplace=yes&flow=no""></script>",https://fareharbor.com/embeds/book/sta-sail/items/329486/?asn=fhdn&asn-ref=miamistylerentals&ref=miamistylerentals&bookable-only=yes&full-items=yes&marketplace=yes&flow=no,https://cdn.filestackcontent.com/sCWNeGkYTTqwxzZEyd4j
A Night Among Ghosts,theoddmacabrecompany,anightamongghosts@gmail.com,904-788-5537,United States/Florida/St. Augustine,,,338729,Madness & Malice - True Crime Tour,History Tour,5,45,0,0,0,0,0,0,https://fareharbor.com/embeds/calendar/theoddmacabrecompany/items/338729/?asn=fhdn&asn-ref=miamistylerentals&ref=miamistylerentals&bookable-only=yes&full-items=yes&marketplace=yes&flow=no,"<script src=""https://fareharbor.com/embeds/script/calendar/theoddmacabrecompany/items/338729/?asn=fhdn&asn-ref=miamistylerentals&ref=miamistylerentals&bookable-only=yes&full-items=yes&marketplace=yes&flow=no""></script>",https://fareharbor.com/embeds/book/theoddmacabrecompany/items/338729/?asn=fhdn&asn-ref=miamistylerentals&ref=miamistylerentals&bookable-only=yes&full-items=yes&marketplace=yes&flow=no,https://cdn.filestackcontent.com/BhOIPFeTQa5WRffdAiLR
St. Augustine Land and Sea Tours LLC,staugustinelandandseatours,info@staugustinelandandseatours.com,9046799880,United States/Florida/St. Augustine,,,360316,"St. Augustine History, Wine and Cheesecake Tasting Tour",City Tour-Food Tour-History Tour-Wine,12,45,0,0,0,0,0,0,https://fareharbor.com/embeds/calendar/staugustinelandandseatours/items/360316/?asn=fhdn&asn-ref=miamistylerentals&ref=miamistylerentals&bookable-only=yes&full-items=yes&marketplace=yes&flow=no,"<script src=""https://fareharbor.com/embeds/script/calendar/staugustinelandandseatours/items/360316/?asn=fhdn&asn-ref=miamistylerentals&ref=miamistylerentals&bookable-only=yes&full-items=yes&marketplace=yes&flow=no""></script>",https://fareharbor.com/embeds/book/staugustinelandandseatours/items/360316/?asn=fhdn&asn-ref=miamistylerentals&ref=miamistylerentals&bookable-only=yes&full-items=yes&marketplace=yes&flow=no,https://cdn.filestackcontent.com/6JSBPA6pRSmTtVSiM5GG
A Night Among Ghosts,theoddmacabrecompany,anightamongghosts@gmail.com,904-788-5537,United States/Florida/St. Augustine,,,382223,Spooky St. Augustine,Ghost Tour,6,45,0,0,0,0,0,0,https://fareharbor.com/embeds/calendar/theoddmacabrecompany/items/382223/?asn=fhdn&asn-ref=miamistylerentals&ref=miamistylerentals&bookable-only=yes&full-items=yes&marketplace=yes&flow=no,"<script src=""https://fareharbor.com/embeds/script/calendar/theoddmacabrecompany/items/382223/?asn=fhdn&asn-ref=miamistylerentals&ref=miamistylerentals&bookable-only=yes&full-items=yes&marketplace=yes&flow=no""></script>",https://fareharbor.com/embeds/book/theoddmacabrecompany/items/382223/?asn=fhdn&asn-ref=miamistylerentals&ref=miamistylerentals&bookable-only=yes&full-items=yes&marketplace=yes&flow=no,https://cdn.filestackcontent.com/Znc3sn6iSx2crm9xluCA
Explore Tours And Pickups,exploretoursandpickups,exploretoursandpickups@gmail.com,(904) 853-1500,United States/Florida/St. Augustine,,,393010,Tour Histórico en Español,,7,45,0,0,0,0,0,0,https://fareharbor.com/embeds/calendar/exploretoursandpickups/items/393010/?asn=fhdn&asn-ref=miamistylerentals&ref=miamistylerentals&bookable-only=yes&full-items=yes&marketplace=yes&flow=no,"<script src=""https://fareharbor.com/embeds/script/calendar/exploretoursandpickups/items/393010/?asn=fhdn&asn-ref=miamistylerentals&ref=miamistylerentals&bookable-only=yes&full-items=yes&marketplace=yes&flow=no""></script>",https://fareharbor.com/embeds/book/exploretoursandpickups/items/393010/?asn=fhdn&asn-ref=miamistylerentals&ref=miamistylerentals&bookable-only=yes&full-items=yes&marketplace=yes&flow=no,https://cdn.filestackcontent.com/Hhobaq3Se60hXe5R6OMQ
St. Augustine Land and Sea Tours LLC,staugustinelandandseatours,info@staugustinelandandseatours.com,9046799880,United States/Florida/St. Augustine,,,421353,Ghosts and Spirits of St Augustine Pub Crawl on Golf Cart!,Pub Crawl,6,45,0,0,0,0,0,0,https://fareharbor.com/embeds/calendar/staugustinelandandseatours/items/421353/?asn=fhdn&asn-ref=miamistylerentals&ref=miamistylerentals&bookable-only=yes&full-items=yes&marketplace=yes&flow=no,"<script src=""https://fareharbor.com/embeds/script/calendar/staugustinelandandseatours/items/421353/?asn=fhdn&asn-ref=miamistylerentals&ref=miamistylerentals&bookable-only=yes&full-items=yes&marketplace=yes&flow=no""></script>",https://fareharbor.com/embeds/book/staugustinelandandseatours/items/421353/?asn=fhdn&asn-ref=miamistylerentals&ref=miamistylerentals&bookable-only=yes&full-items=yes&marketplace=yes&flow=no,https://cdn.filestackcontent.com/8zKITb2HTcWcAA9zSEob
St Augustine Sailing,sta-sail,sas@sta-sail.com,(904) 829-0648,United States/Florida/St. Augustine,,,433304,Sweetheart - Head Over Heels Package,Sailing,8,45,0,0,0,0,0,0,https://fareharbor.com/embeds/calendar/sta-sail/items/433304/?asn=fhdn&asn-ref=miamistylerentals&ref=miamistylerentals&bookable-only=yes&full-items=yes&marketplace=yes&flow=no,"<script src=""https://fareharbor.com/embeds/script/calendar/sta-sail/items/433304/?asn=fhdn&asn-ref=miamistylerentals&ref=miamistylerentals&bookable-only=yes&full-items=yes&marketplace=yes&flow=no""></script>",https://fareharbor.com/embeds/book/sta-sail/items/433304/?asn=fhdn&asn-ref=miamistylerentals&ref=miamistylerentals&bookable-only=yes&full-items=yes&marketplace=yes&flow=no,https://cdn.filestackcontent.com/vbvbS9kyR7WzlYBSqfS8
A Night Among Ghosts,theoddmacabrecompany,anightamongghosts@gmail.com,904-788-5537,United States/Florida/St. Augustine,,,443798,Lighthouse tour,Ghost Tour-Walking Tour,6,45,0,0,0,0,0,0,https://fareharbor.com/embeds/calendar/theoddmacabrecompany/items/443798/?asn=fhdn&asn-ref=miamistylerentals&ref=miamistylerentals&bookable-only=yes&full-items=yes&marketplace=yes&flow=no,"<script src=""https://fareharbor.com/embeds/script/calendar/theoddmacabrecompany/items/443798/?asn=fhdn&asn-ref=miamistylerentals&ref=miamistylerentals&bookable-only=yes&full-items=yes&marketplace=yes&flow=no""></script>",https://fareharbor.com/embeds/book/theoddmacabrecompany/items/443798/?asn=fhdn&asn-ref=miamistylerentals&ref=miamistylerentals&bookable-only=yes&full-items=yes&marketplace=yes&flow=no,
Summerwind Adventures,summerwindadventures,mtighe@summerwindadventures.com,404-229-0507,United States/Florida/St. Augustine,,,483676,"Day Sailing, Snorkeling and Adventures in St. Thomas",Sailing,7,45,0,0,0,0,0,0,https://fareharbor.com/embeds/calendar/summerwindadventures/items/483676/?asn=fhdn&asn-ref=miamistylerentals&ref=miamistylerentals&bookable-only=yes&full-items=yes&marketplace=yes&flow=no,"<script src=""https://fareharbor.com/embeds/script/calendar/summerwindadventures/items/483676/?asn=fhdn&asn-ref=miamistylerentals&ref=miamistylerentals&bookable-only=yes&full-items=yes&marketplace=yes&flow=no""></script>",https://fareharbor.com/embeds/book/summerwindadventures/items/483676/?asn=fhdn&asn-ref=miamistylerentals&ref=miamistylerentals&bookable-only=yes&full-items=yes&marketplace=yes&flow=no,https://cdn.filestackcontent.com/ibK8qKrzRYuUM1Vw9HJ9
Summerwind Adventures,summerwindadventures,mtighe@summerwindadventures.com,404-229-0507,U.S. Virgin Islands/St. Thomas/Nazareth,-64.852862,18.324455,484579,Sailing Adventures (Full & Half Day) in  the Virgin Islands,Boat Tour-Sailing-Water Activities,8,45,0,0,0,0,0,0,https://fareharbor.com/embeds/calendar/summerwindadventures/items/484579/?asn=fhdn&asn-ref=miamistylerentals&ref=miamistylerentals&bookable-only=yes&full-items=yes&marketplace=yes&flow=no,"<script src=""https://fareharbor.com/embeds/script/calendar/summerwindadventures/items/484579/?asn=fhdn&asn-ref=miamistylerentals&ref=miamistylerentals&bookable-only=yes&full-items=yes&marketplace=yes&flow=no""></script>",https://fareharbor.com/embeds/book/summerwindadventures/items/484579/?asn=fhdn&asn-ref=miamistylerentals&ref=miamistylerentals&bookable-only=yes&full-items=yes&marketplace=yes&flow=no,https://cdn.filestackcontent.com/EsbxM8OR62UDbzr2FUbR
Summerwind Adventures,summerwindadventures,mtighe@summerwindadventures.com,404-229-0507,U.S. Virgin Islands/St. Thomas/Nazareth,-64.852862,18.324455,484583,Multi-night Sailing Adventures in the U.S. Virgin Islands and British Virgin Islands,Sailing,8,45,0,0,0,0,0,0,https://fareharbor.com/embeds/calendar/summerwindadventures/items/484583/?asn=fhdn&asn-ref=miamistylerentals&ref=miamistylerentals&bookable-only=yes&full-items=yes&marketplace=yes&flow=no,"<script src=""https://fareharbor.com/embeds/script/calendar/summerwindadventures/items/484583/?asn=fhdn&asn-ref=miamistylerentals&ref=miamistylerentals&bookable-only=yes&full-items=yes&marketplace=yes&flow=no""></script>",https://fareharbor.com/embeds/book/summerwindadventures/items/484583/?asn=fhdn&asn-ref=miamistylerentals&ref=miamistylerentals&bookable-only=yes&full-items=yes&marketplace=yes&flow=no,https://cdn.filestackcontent.com/BoTmGljBQdCRpqbqsDHE
Summerwind Adventures,summerwindadventures,mtighe@summerwindadventures.com,404-229-0507,U.S. Virgin Islands/St. Thomas/Nazareth,-64.852862,18.324455,484584,Sunset Sailing Adventures in St. Thomas and St. John,Boat Tour,7,45,0,0,0,0,0,0,https://fareharbor.com/embeds/calendar/summerwindadventures/items/484584/?asn=fhdn&asn-ref=miamistylerentals&ref=miamistylerentals&bookable-only=yes&full-items=yes&marketplace=yes&flow=no,"<script src=""https://fareharbor.com/embeds/script/calendar/summerwindadventures/items/484584/?asn=fhdn&asn-ref=miamistylerentals&ref=miamistylerentals&bookable-only=yes&full-items=yes&marketplace=yes&flow=no""></script>",https://fareharbor.com/embeds/book/summerwindadventures/items/484584/?asn=fhdn&asn-ref=miamistylerentals&ref=miamistylerentals&bookable-only=yes&full-items=yes&marketplace=yes&flow=no,https://cdn.filestackcontent.com/vpomqVUmQ9uzqVg1xU5d
Summerwind Adventures,summerwindadventures,mtighe@summerwindadventures.com,404-229-0507,U.S. Virgin Islands/US Virgin Islands/St. Thomas,-64.920148,18.336413,487206,2-Hour Sailing and Exploring Adventure in St. Augustine.  (Private 1/2 day and full-day charters are available as well),Sailing,8,45,0,0,0,0,0,0,https://fareharbor.com/embeds/calendar/summerwindadventures/items/487206/?asn=fhdn&asn-ref=miamistylerentals&ref=miamistylerentals&bookable-only=yes&full-items=yes&marketplace=yes&flow=no,"<script src=""https://fareharbor.com/embeds/script/calendar/summerwindadventures/items/487206/?asn=fhdn&asn-ref=miamistylerentals&ref=miamistylerentals&bookable-only=yes&full-items=yes&marketplace=yes&flow=no""></script>",https://fareharbor.com/embeds/book/summerwindadventures/items/487206/?asn=fhdn&asn-ref=miamistylerentals&ref=miamistylerentals&bookable-only=yes&full-items=yes&marketplace=yes&flow=no,https://cdn.filestackcontent.com/FA3Sr5AMTcGHrcP1ncKb
Summerwind Adventures,summerwindadventures,mtighe@summerwindadventures.com,404-229-0507,U.S. Virgin Islands/US Virgin Islands/St. Thomas,-64.920148,18.336413,487208,"Multi-night Sailing Adventure in St. Augustine, Cumberland Island, and Amelia Island",Sailing,11,45,0,0,0,0,0,0,https://fareharbor.com/embeds/calendar/summerwindadventures/items/487208/?asn=fhdn&asn-ref=miamistylerentals&ref=miamistylerentals&bookable-only=yes&full-items=yes&marketplace=yes&flow=no,"<script src=""https://fareharbor.com/embeds/script/calendar/summerwindadventures/items/487208/?asn=fhdn&asn-ref=miamistylerentals&ref=miamistylerentals&bookable-only=yes&full-items=yes&marketplace=yes&flow=no""></script>",https://fareharbor.com/embeds/book/summerwindadventures/items/487208/?asn=fhdn&asn-ref=miamistylerentals&ref=miamistylerentals&bookable-only=yes&full-items=yes&marketplace=yes&flow=no,https://cdn.filestackcontent.com/nXy1TCUfTsCBfFOBuiBt
St Augustine Sailing,sta-sail,sas@sta-sail.com,(904) 829-0648,United States/Florida/St. Augustine,,,522145,ASA 105 Online / ASA 106 Combo Course,Sailing,5,45,0,0,0,0,0,0,https://fareharbor.com/embeds/calendar/sta-sail/items/522145/?asn=fhdn&asn-ref=miamistylerentals&ref=miamistylerentals&bookable-only=yes&full-items=yes&marketplace=yes&flow=no,"<script src=""https://fareharbor.com/embeds/script/calendar/sta-sail/items/522145/?asn=fhdn&asn-ref=miamistylerentals&ref=miamistylerentals&bookable-only=yes&full-items=yes&marketplace=yes&flow=no""></script>",https://fareharbor.com/embeds/book/sta-sail/items/522145/?asn=fhdn&asn-ref=miamistylerentals&ref=miamistylerentals&bookable-only=yes&full-items=yes&marketplace=yes&flow=no,https://cdn.filestackcontent.com/fRtqSfWR7i4KAkSSpS5L
St Augustine Sailing,sta-sail,sas@sta-sail.com,(904) 829-0648,United States/Florida/St. Augustine,,,536761,High Tea Adventure - A Legacy of Love,Boat Tour-Sailing,6,45,0,0,0,0,0,0,https://fareharbor.com/embeds/calendar/sta-sail/items/536761/?asn=fhdn&asn-ref=miamistylerentals&ref=miamistylerentals&bookable-only=yes&full-items=yes&marketplace=yes&flow=no,"<script src=""https://fareharbor.com/embeds/script/calendar/sta-sail/items/536761/?asn=fhdn&asn-ref=miamistylerentals&ref=miamistylerentals&bookable-only=yes&full-items=yes&marketplace=yes&flow=no""></script>",https://fareharbor.com/embeds/book/sta-sail/items/536761/?asn=fhdn&asn-ref=miamistylerentals&ref=miamistylerentals&bookable-only=yes&full-items=yes&marketplace=yes&flow=no,https://cdn.filestackcontent.com/qND2nrsTJeMK12mUH7A1
Kayaking St. Augustine,kayakingstaugustine,booking@kayakingstaugustine.com,(904) 315-8442,United States/Florida/Hastings,-81.484941,29.723831,569533,Old Florida Backwater Kayak Adventure,,5,45,0,0,0,0,0,0,https://fareharbor.com/embeds/calendar/kayakingstaugustine/items/569533/?asn=fhdn&asn-ref=miamistylerentals&ref=miamistylerentals&bookable-only=yes&full-items=yes&marketplace=yes&flow=no,"<script src=""https://fareharbor.com/embeds/script/calendar/kayakingstaugustine/items/569533/?asn=fhdn&asn-ref=miamistylerentals&ref=miamistylerentals&bookable-only=yes&full-items=yes&marketplace=yes&flow=no""></script>",https://fareharbor.com/embeds/book/kayakingstaugustine/items/569533/?asn=fhdn&asn-ref=miamistylerentals&ref=miamistylerentals&bookable-only=yes&full-items=yes&marketplace=yes&flow=no,https://cdn.filestackcontent.com/yim1cGwvSaukHBj3mxUj
Fury Water Adventures - St. Augustine,furystaug,reservations@furystaug.com,(844) 831-5397,United States/Florida/St. Augustine,,,647364,St. Augustine Historic Landmark Sunset Cruise & Nights of Lights Viewing,Attraction-Boat Tour-Sightseeing Tour-Water Activities-Winter Activities,4,45,0,0,0,0,0,0,https://fareharbor.com/embeds/calendar/furystaug/items/647364/?asn=fhdn&asn-ref=miamistylerentals&ref=miamistylerentals&bookable-only=yes&full-items=yes&marketplace=yes&flow=no,"<script src=""https://fareharbor.com/embeds/script/calendar/furystaug/items/647364/?asn=fhdn&asn-ref=miamistylerentals&ref=miamistylerentals&bookable-only=yes&full-items=yes&marketplace=yes&flow=no""></script>",https://fareharbor.com/embeds/book/furystaug/items/647364/?asn=fhdn&asn-ref=miamistylerentals&ref=miamistylerentals&bookable-only=yes&full-items=yes&marketplace=yes&flow=no,
St Augustine Sailing,sta-sail,sas@sta-sail.com,(904) 829-0648,United States/Florida/St. Augustine,,,663501,Mariner's Book Club,,4,45,3,0,1,2,3,4,https://fareharbor.com/embeds/calendar/sta-sail/items/663501/?asn=fhdn&asn-ref=miamistylerentals&ref=miamistylerentals&bookable-only=yes&full-items=yes&marketplace=yes&flow=no,"<script src=""https://fareharbor.com/embeds/script/calendar/sta-sail/items/663501/?asn=fhdn&asn-ref=miamistylerentals&ref=miamistylerentals&bookable-only=yes&full-items=yes&marketplace=yes&flow=no""></script>",https://fareharbor.com/embeds/book/sta-sail/items/663501/?asn=fhdn&asn-ref=miamistylerentals&ref=miamistylerentals&bookable-only=yes&full-items=yes&marketplace=yes&flow=no,https://cdn.filestackcontent.com/0KFI5YPySJk1jWbBodPg
Destination Ghost Tours,destinationghost,support@destinationghost.com,(888) 944-6780,United States/Florida/St. Augustine,,,724312,Ghosts of the Old City,Walking Tour,0,45,90,7,30,60,90,180,https://fareharbor.com/embeds/calendar/destinationghost/items/724312/?asn=fhdn&asn-ref=miamistylerentals&ref=miamistylerentals&bookable-only=yes&full-items=yes&marketplace=yes&flow=no,"<script src=""https://fareharbor.com/embeds/script/calendar/destinationghost/items/724312/?asn=fhdn&asn-ref=miamistylerentals&ref=miamistylerentals&bookable-only=yes&full-items=yes&marketplace=yes&flow=no""></script>",https://fareharbor.com/embeds/book/destinationghost/items/724312/?asn=fhdn&asn-ref=miamistylerentals&ref=miamistylerentals&bookable-only=yes&full-items=yes&marketplace=yes&flow=no,
St Augustine Sailing,sta-sail,sas@sta-sail.com,(904) 829-0648,United States/Florida/St. Augustine,,,43467,ASA 104/114,Sailing,1,44,25,2,8,17,25,52,https://fareharbor.com/embeds/calendar/sta-sail/items/43467/?asn=fhdn&asn-ref=miamistylerentals&ref=miamistylerentals&bookable-only=yes&full-items=yes&marketplace=yes&flow=no,"<script src=""https://fareharbor.com/embeds/script/calendar/sta-sail/items/43467/?asn=fhdn&asn-ref=miamistylerentals&ref=miamistylerentals&bookable-only=yes&full-items=yes&marketplace=yes&flow=no""></script>",https://fareharbor.com/embeds/book/sta-sail/items/43467/?asn=fhdn&asn-ref=miamistylerentals&ref=miamistylerentals&bookable-only=yes&full-items=yes&marketplace=yes&flow=no,https://cdn.filestackcontent.com/T8PPngc7SKam3yDcHfpq
St Augustine Sailing,sta-sail,sas@sta-sail.com,(904) 829-0648,United States/Florida/St. Augustine,,,43468,ASA 101/103/104,Sailing,1,44,25,2,8,17,25,52,https://fareharbor.com/embeds/calendar/sta-sail/items/43468/?asn=fhdn&asn-ref=miamistylerentals&ref=miamistylerentals&bookable-only=yes&full-items=yes&marketplace=yes&flow=no,"<script src=""https://fareharbor.com/embeds/script/calendar/sta-sail/items/43468/?asn=fhdn&asn-ref=miamistylerentals&ref=miamistylerentals&bookable-only=yes&full-items=yes&marketplace=yes&flow=no""></script>",https://fareharbor.com/embeds/book/sta-sail/items/43468/?asn=fhdn&asn-ref=miamistylerentals&ref=miamistylerentals&bookable-only=yes&full-items=yes&marketplace=yes&flow=no,https://cdn.filestackcontent.com/SbD9b5tERsOEKbGXUTFN
Drifters Rentals LLC,driftersrentals,drift@driftersrentals.com,(904) 315-6150,United States/Florida/St. Augustine,,,56364,Daily Bike Rentals,,4,44,449,35,146,304,449,899,https://fareharbor.com/embeds/calendar/driftersrentals/items/56364/?asn=fhdn&asn-ref=miamistylerentals&ref=miamistylerentals&bookable-only=yes&full-items=yes&marketplace=yes&flow=no,"<script src=""https://fareharbor.com/embeds/script/calendar/driftersrentals/items/56364/?asn=fhdn&asn-ref=miamistylerentals&ref=miamistylerentals&bookable-only=yes&full-items=yes&marketplace=yes&flow=no""></script>",https://fareharbor.com/embeds/book/driftersrentals/items/56364/?asn=fhdn&asn-ref=miamistylerentals&ref=miamistylerentals&bookable-only=yes&full-items=yes&marketplace=yes&flow=no,https://cdn.filestackcontent.com/goGFepNPSASzG95SUeDH
Genung's Fish Camp,genungsfishcamp,genungsfc@gmail.com,904-907-5742,United States/Florida/St. Augustine,,,262269,Single Kayak Rentals,Kayak-Rentals,1,44,1530,119,510,1020,1530,3058,https://fareharbor.com/embeds/calendar/genungsfishcamp/items/262269/?asn=fhdn&asn-ref=miamistylerentals&ref=miamistylerentals&bookable-only=yes&full-items=yes&marketplace=yes&flow=no,"<script src=""https://fareharbor.com/embeds/script/calendar/genungsfishcamp/items/262269/?asn=fhdn&asn-ref=miamistylerentals&ref=miamistylerentals&bookable-only=yes&full-items=yes&marketplace=yes&flow=no""></script>",https://fareharbor.com/embeds/book/genungsfishcamp/items/262269/?asn=fhdn&asn-ref=miamistylerentals&ref=miamistylerentals&bookable-only=yes&full-items=yes&marketplace=yes&flow=no,https://cdn.filestackcontent.com/I4lLdpp1Qgy9lBpJ1Zzq
Island Life St. Augustine,pedegoelectricbikes-staugustine,glenn@pedegostaugustine.com,(904) 436-5045,United States/Florida/St. Augustine,-81.313931,29.892184,443291,Child Bike 20 Rental,Bike Rental,1,44,1155,90,390,780,1155,2325,https://fareharbor.com/embeds/calendar/pedegoelectricbikes-staugustine/items/443291/?asn=fhdn&asn-ref=miamistylerentals&ref=miamistylerentals&bookable-only=yes&full-items=yes&marketplace=yes&flow=no,"<script src=""https://fareharbor.com/embeds/script/calendar/pedegoelectricbikes-staugustine/items/443291/?asn=fhdn&asn-ref=miamistylerentals&ref=miamistylerentals&bookable-only=yes&full-items=yes&marketplace=yes&flow=no""></script>",https://fareharbor.com/embeds/book/pedegoelectricbikes-staugustine/items/443291/?asn=fhdn&asn-ref=miamistylerentals&ref=miamistylerentals&bookable-only=yes&full-items=yes&marketplace=yes&flow=no,https://cdn.filestackcontent.com/hw6DQX2UQ7iORq9dZd9J
Island Life St. Augustine,pedegoelectricbikes-staugustine,glenn@pedegostaugustine.com,(904) 436-5045,United States/Florida/St. Augustine,-81.313931,29.892184,443292,Child Bike 24 Rental,Bike Rental,1,44,1155,90,390,780,1155,2325,https://fareharbor.com/embeds/calendar/pedegoelectricbikes-staugustine/items/443292/?asn=fhdn&asn-ref=miamistylerentals&ref=miamistylerentals&bookable-only=yes&full-items=yes&marketplace=yes&flow=no,"<script src=""https://fareharbor.com/embeds/script/calendar/pedegoelectricbikes-staugustine/items/443292/?asn=fhdn&asn-ref=miamistylerentals&ref=miamistylerentals&bookable-only=yes&full-items=yes&marketplace=yes&flow=no""></script>",https://fareharbor.com/embeds/book/pedegoelectricbikes-staugustine/items/443292/?asn=fhdn&asn-ref=miamistylerentals&ref=miamistylerentals&bookable-only=yes&full-items=yes&marketplace=yes&flow=no,https://cdn.filestackcontent.com/EY2wMVfSKa8NsOoe4f2w
Island Life St. Augustine,pedegoelectricbikes-staugustine,glenn@pedegostaugustine.com,(904) 436-5045,United States/Florida/St. Augustine,-81.313931,29.892184,443293,Child Bike Trailer Rental,Bike Rental,1,44,1155,90,390,780,1155,2325,https://fareharbor.com/embeds/calendar/pedegoelectricbikes-staugustine/items/443293/?asn=fhdn&asn-ref=miamistylerentals&ref=miamistylerentals&bookable-only=yes&full-items=yes&marketplace=yes&flow=no,"<script src=""https://fareharbor.com/embeds/script/calendar/pedegoelectricbikes-staugustine/items/443293/?asn=fhdn&asn-ref=miamistylerentals&ref=miamistylerentals&bookable-only=yes&full-items=yes&marketplace=yes&flow=no""></script>",https://fareharbor.com/embeds/book/pedegoelectricbikes-staugustine/items/443293/?asn=fhdn&asn-ref=miamistylerentals&ref=miamistylerentals&bookable-only=yes&full-items=yes&marketplace=yes&flow=no,https://cdn.filestackcontent.com/U9cmpBLSpqQ7YjuKjOGw
Island Life St. Augustine,pedegoelectricbikes-staugustine,glenn@pedegostaugustine.com,(904) 436-5045,United States/Florida/St. Augustine,-81.280993,29.860253,502712,Adult Trike Rental,Bike Rental,1,44,1155,90,390,780,1155,2325,https://fareharbor.com/embeds/calendar/pedegoelectricbikes-staugustine/items/502712/?asn=fhdn&asn-ref=miamistylerentals&ref=miamistylerentals&bookable-only=yes&full-items=yes&marketplace=yes&flow=no,"<script src=""https://fareharbor.com/embeds/script/calendar/pedegoelectricbikes-staugustine/items/502712/?asn=fhdn&asn-ref=miamistylerentals&ref=miamistylerentals&bookable-only=yes&full-items=yes&marketplace=yes&flow=no""></script>",https://fareharbor.com/embeds/book/pedegoelectricbikes-staugustine/items/502712/?asn=fhdn&asn-ref=miamistylerentals&ref=miamistylerentals&bookable-only=yes&full-items=yes&marketplace=yes&flow=no,https://cdn.filestackcontent.com/zl6m2OaOSbWm4fOzol6n
Panda Tours,thepandatours,thepandatourss@gmail.com,(904) 687- 7113,United States/Florida/St. Augustine,,,567348,St. Augustine Shopping Tour,Other,1,44,26,2,8,17,26,50,https://fareharbor.com/embeds/calendar/thepandatours/items/567348/?asn=fhdn&asn-ref=miamistylerentals&ref=miamistylerentals&bookable-only=yes&full-items=yes&marketplace=yes&flow=no,"<script src=""https://fareharbor.com/embeds/script/calendar/thepandatours/items/567348/?asn=fhdn&asn-ref=miamistylerentals&ref=miamistylerentals&bookable-only=yes&full-items=yes&marketplace=yes&flow=no""></script>",https://fareharbor.com/embeds/book/thepandatours/items/567348/?asn=fhdn&asn-ref=miamistylerentals&ref=miamistylerentals&bookable-only=yes&full-items=yes&marketplace=yes&flow=no,https://cdn.filestackcontent.com/3Kd7cTAQ0WgmqJPrstD5
The Tasting Tours,thetastingtours,info@thetastingtours.com,904-325-3911,United States/Florida/Jacksonville,,,579949,CORPORATE: Avondale Food Tour,,5,44,0,0,0,0,0,0,https://fareharbor.com/embeds/calendar/thetastingtours/items/579949/?asn=fhdn&asn-ref=miamistylerentals&ref=miamistylerentals&bookable-only=yes&full-items=yes&marketplace=yes&flow=no,"<script src=""https://fareharbor.com/embeds/script/calendar/thetastingtours/items/579949/?asn=fhdn&asn-ref=miamistylerentals&ref=miamistylerentals&bookable-only=yes&full-items=yes&marketplace=yes&flow=no""></script>",https://fareharbor.com/embeds/book/thetastingtours/items/579949/?asn=fhdn&asn-ref=miamistylerentals&ref=miamistylerentals&bookable-only=yes&full-items=yes&marketplace=yes&flow=no,https://cdn.filestackcontent.com/qdf88CyR6e3nh3tIiGjs
The Tasting Tours,thetastingtours,info@thetastingtours.com,904-325-3911,United States/Florida/Jacksonville,,,579950,PRIVATE: Avondale Food Tour,,6,44,0,0,0,0,0,0,https://fareharbor.com/embeds/calendar/thetastingtours/items/579950/?asn=fhdn&asn-ref=miamistylerentals&ref=miamistylerentals&bookable-only=yes&full-items=yes&marketplace=yes&flow=no,"<script src=""https://fareharbor.com/embeds/script/calendar/thetastingtours/items/579950/?asn=fhdn&asn-ref=miamistylerentals&ref=miamistylerentals&bookable-only=yes&full-items=yes&marketplace=yes&flow=no""></script>",https://fareharbor.com/embeds/book/thetastingtours/items/579950/?asn=fhdn&asn-ref=miamistylerentals&ref=miamistylerentals&bookable-only=yes&full-items=yes&marketplace=yes&flow=no,https://cdn.filestackcontent.com/ZaRR4sSLQ2uyRcKUCPeS
St Augustine Sailing,sta-sail,sas@sta-sail.com,(904) 829-0648,United States/Florida/St. Augustine,,,617543,Sail In Style: A Nautical Portrait Experience,,11,44,0,0,0,0,0,0,https://fareharbor.com/embeds/calendar/sta-sail/items/617543/?asn=fhdn&asn-ref=miamistylerentals&ref=miamistylerentals&bookable-only=yes&full-items=yes&marketplace=yes&flow=no,"<script src=""https://fareharbor.com/embeds/script/calendar/sta-sail/items/617543/?asn=fhdn&asn-ref=miamistylerentals&ref=miamistylerentals&bookable-only=yes&full-items=yes&marketplace=yes&flow=no""></script>",https://fareharbor.com/embeds/book/sta-sail/items/617543/?asn=fhdn&asn-ref=miamistylerentals&ref=miamistylerentals&bookable-only=yes&full-items=yes&marketplace=yes&flow=no,https://cdn.filestackcontent.com/fdTDlhFFRjyQlssZwASQ
The Tasting Tours,thetastingtours,info@thetastingtours.com,904-325-3911,United States/Florida/St. Augustine,,,674043,PRIVATE: Taste of St. Augustine Tour,,6,44,0,0,0,0,0,0,https://fareharbor.com/embeds/calendar/thetastingtours/items/674043/?asn=fhdn&asn-ref=miamistylerentals&ref=miamistylerentals&bookable-only=yes&full-items=yes&marketplace=yes&flow=no,"<script src=""https://fareharbor.com/embeds/script/calendar/thetastingtours/items/674043/?asn=fhdn&asn-ref=miamistylerentals&ref=miamistylerentals&bookable-only=yes&full-items=yes&marketplace=yes&flow=no""></script>",https://fareharbor.com/embeds/book/thetastingtours/items/674043/?asn=fhdn&asn-ref=miamistylerentals&ref=miamistylerentals&bookable-only=yes&full-items=yes&marketplace=yes&flow=no,https://cdn.filestackcontent.com/F8Akk8f5TWOIq7q0hgVV
Pastime Tours,pastimetours,pastimetours@gmail.com,904-584-5417,United States/Florida/St. Augustine,,,316572,Private Historical Tour - 90 Min.,,2,43,700,54,234,464,700,1400,https://fareharbor.com/embeds/calendar/pastimetours/items/316572/?asn=fhdn&asn-ref=miamistylerentals&ref=miamistylerentals&bookable-only=yes&full-items=yes&marketplace=yes&flow=no,"<script src=""https://fareharbor.com/embeds/script/calendar/pastimetours/items/316572/?asn=fhdn&asn-ref=miamistylerentals&ref=miamistylerentals&bookable-only=yes&full-items=yes&marketplace=yes&flow=no""></script>",https://fareharbor.com/embeds/book/pastimetours/items/316572/?asn=fhdn&asn-ref=miamistylerentals&ref=miamistylerentals&bookable-only=yes&full-items=yes&marketplace=yes&flow=no,https://cdn.filestackcontent.com/5XXHI770TruI6L9YDT2X
Two Conchs - St. Augustine,twoconchs-staugustine,carlson.jack@ymail.com,305-481-0495,United States/Florida/St. Augustine,,,341943,34' Yellowfin w/ Triple Mercury 350's,,2,43,360,28,120,240,360,632,https://fareharbor.com/embeds/calendar/twoconchs-staugustine/items/341943/?asn=fhdn&asn-ref=miamistylerentals&ref=miamistylerentals&bookable-only=yes&full-items=yes&marketplace=yes&flow=no,"<script src=""https://fareharbor.com/embeds/script/calendar/twoconchs-staugustine/items/341943/?asn=fhdn&asn-ref=miamistylerentals&ref=miamistylerentals&bookable-only=yes&full-items=yes&marketplace=yes&flow=no""></script>",https://fareharbor.com/embeds/book/twoconchs-staugustine/items/341943/?asn=fhdn&asn-ref=miamistylerentals&ref=miamistylerentals&bookable-only=yes&full-items=yes&marketplace=yes&flow=no,https://cdn.filestackcontent.com/45N9qjJvRR2lco5vSKK9
The Tasting Tours,thetastingtours,info@thetastingtours.com,904-325-3911,United States/Florida/St. Augustine,,,446862,Island Boulevard Tour (Rolling),,1,43,23,0,6,18,23,23,https://fareharbor.com/embeds/calendar/thetastingtours/items/446862/?asn=fhdn&asn-ref=miamistylerentals&ref=miamistylerentals&bookable-only=yes&full-items=yes&marketplace=yes&flow=no,"<script src=""https://fareharbor.com/embeds/script/calendar/thetastingtours/items/446862/?asn=fhdn&asn-ref=miamistylerentals&ref=miamistylerentals&bookable-only=yes&full-items=yes&marketplace=yes&flow=no""></script>",https://fareharbor.com/embeds/book/thetastingtours/items/446862/?asn=fhdn&asn-ref=miamistylerentals&ref=miamistylerentals&bookable-only=yes&full-items=yes&marketplace=yes&flow=no,
The Tasting Tours,thetastingtours,info@thetastingtours.com,904-325-3911,United States/Florida/Fernandina Beach,,,654895,CORPORATE: Corks & Forks Tour (Amelia Island),,5,43,1,0,1,1,1,1,https://fareharbor.com/embeds/calendar/thetastingtours/items/654895/?asn=fhdn&asn-ref=miamistylerentals&ref=miamistylerentals&bookable-only=yes&full-items=yes&marketplace=yes&flow=no,"<script src=""https://fareharbor.com/embeds/script/calendar/thetastingtours/items/654895/?asn=fhdn&asn-ref=miamistylerentals&ref=miamistylerentals&bookable-only=yes&full-items=yes&marketplace=yes&flow=no""></script>",https://fareharbor.com/embeds/book/thetastingtours/items/654895/?asn=fhdn&asn-ref=miamistylerentals&ref=miamistylerentals&bookable-only=yes&full-items=yes&marketplace=yes&flow=no,https://cdn.filestackcontent.com/g27TUCkwQSG5UnskQbyQ
The Tasting Tours,thetastingtours,info@thetastingtours.com,904-325-3911,United States/Florida/Fernandina Beach,,,655555,CORPORATE: Beer & Bites Tour (Amelia Island),,7,43,0,0,0,0,0,0,https://fareharbor.com/embeds/calendar/thetastingtours/items/655555/?asn=fhdn&asn-ref=miamistylerentals&ref=miamistylerentals&bookable-only=yes&full-items=yes&marketplace=yes&flow=no,"<script src=""https://fareharbor.com/embeds/script/calendar/thetastingtours/items/655555/?asn=fhdn&asn-ref=miamistylerentals&ref=miamistylerentals&bookable-only=yes&full-items=yes&marketplace=yes&flow=no""></script>",https://fareharbor.com/embeds/book/thetastingtours/items/655555/?asn=fhdn&asn-ref=miamistylerentals&ref=miamistylerentals&bookable-only=yes&full-items=yes&marketplace=yes&flow=no,https://cdn.filestackcontent.com/PAvLhnHXSGiuDie0QZYR
Saint Augustine Photo Tours,saintaugustinephototours,saintaugustinephototours@gmail.com,(904) 789-0202,United States/Florida/St. Augustine,-81.313364,29.896242,344693,Twilight Architecture & Nights of Lights Photo Tour,Photography Tour,4,42,0,0,0,0,0,0,https://fareharbor.com/embeds/calendar/saintaugustinephototours/items/344693/?asn=fhdn&asn-ref=miamistylerentals&ref=miamistylerentals&bookable-only=yes&full-items=yes&marketplace=yes&flow=no,"<script src=""https://fareharbor.com/embeds/script/calendar/saintaugustinephototours/items/344693/?asn=fhdn&asn-ref=miamistylerentals&ref=miamistylerentals&bookable-only=yes&full-items=yes&marketplace=yes&flow=no""></script>",https://fareharbor.com/embeds/book/saintaugustinephototours/items/344693/?asn=fhdn&asn-ref=miamistylerentals&ref=miamistylerentals&bookable-only=yes&full-items=yes&marketplace=yes&flow=no,https://cdn.filestackcontent.com/s6TyYjqATbqbmIXC4oL2
Florida Water Tours,floridawatertour,info@flwatertours.com,904-827-7728,United States/Florida/St. Augustine,,,413185,Private Daytime Excursion,Events,3,42,10,0,1,6,10,22,https://fareharbor.com/embeds/calendar/floridawatertour/items/413185/?asn=fhdn&asn-ref=miamistylerentals&ref=miamistylerentals&bookable-only=yes&full-items=yes&marketplace=yes&flow=no,"<script src=""https://fareharbor.com/embeds/script/calendar/floridawatertour/items/413185/?asn=fhdn&asn-ref=miamistylerentals&ref=miamistylerentals&bookable-only=yes&full-items=yes&marketplace=yes&flow=no""></script>",https://fareharbor.com/embeds/book/floridawatertour/items/413185/?asn=fhdn&asn-ref=miamistylerentals&ref=miamistylerentals&bookable-only=yes&full-items=yes&marketplace=yes&flow=no,https://cdn.filestackcontent.com/LR86Ceg5TlyYw6Tx1EwQ
Pineapple Ride & Tour,rideandtour,rideapplicationsinc@gmail.com,904-615-5515,United States/Florida/St. Augustine,,,480372,EV Nights of Lights Tour,Private,3,42,0,0,0,0,0,0,https://fareharbor.com/embeds/calendar/rideandtour/items/480372/?asn=fhdn&asn-ref=miamistylerentals&ref=miamistylerentals&bookable-only=yes&full-items=yes&marketplace=yes&flow=no,"<script src=""https://fareharbor.com/embeds/script/calendar/rideandtour/items/480372/?asn=fhdn&asn-ref=miamistylerentals&ref=miamistylerentals&bookable-only=yes&full-items=yes&marketplace=yes&flow=no""></script>",https://fareharbor.com/embeds/book/rideandtour/items/480372/?asn=fhdn&asn-ref=miamistylerentals&ref=miamistylerentals&bookable-only=yes&full-items=yes&marketplace=yes&flow=no,https://cdn.filestackcontent.com/uztQlLSSGWQdsVTyEfoA
Florida Water Tours,floridawatertour,info@flwatertours.com,904-827-7728,United States/Florida/St. Augustine,,,41877,Moonlit Mysteries: Haunted History Boat Tour,Food Tour,4,41,4,0,0,2,4,21,https://fareharbor.com/embeds/calendar/floridawatertour/items/41877/?asn=fhdn&asn-ref=miamistylerentals&ref=miamistylerentals&bookable-only=yes&full-items=yes&marketplace=yes&flow=no,"<script src=""https://fareharbor.com/embeds/script/calendar/floridawatertour/items/41877/?asn=fhdn&asn-ref=miamistylerentals&ref=miamistylerentals&bookable-only=yes&full-items=yes&marketplace=yes&flow=no""></script>",https://fareharbor.com/embeds/book/floridawatertour/items/41877/?asn=fhdn&asn-ref=miamistylerentals&ref=miamistylerentals&bookable-only=yes&full-items=yes&marketplace=yes&flow=no,https://cdn.filestackcontent.com/FQC9lvGmTROq0s7aSBME
Drifters Rentals LLC,driftersrentals,drift@driftersrentals.com,(904) 315-6150,United States/Florida/St. Augustine,,,56366,Weekly Bike Rentals,,4,41,449,35,146,304,449,899,https://fareharbor.com/embeds/calendar/driftersrentals/items/56366/?asn=fhdn&asn-ref=miamistylerentals&ref=miamistylerentals&bookable-only=yes&full-items=yes&marketplace=yes&flow=no,"<script src=""https://fareharbor.com/embeds/script/calendar/driftersrentals/items/56366/?asn=fhdn&asn-ref=miamistylerentals&ref=miamistylerentals&bookable-only=yes&full-items=yes&marketplace=yes&flow=no""></script>",https://fareharbor.com/embeds/book/driftersrentals/items/56366/?asn=fhdn&asn-ref=miamistylerentals&ref=miamistylerentals&bookable-only=yes&full-items=yes&marketplace=yes&flow=no,https://cdn.filestackcontent.com/CP2J8AejSjKSoC4v0mST
Drifters Rentals LLC,driftersrentals,drift@driftersrentals.com,(904) 315-6150,United States/Florida/St. Augustine,,,61809,Two Day Bike Rentals,,4,41,449,35,146,304,449,899,https://fareharbor.com/embeds/calendar/driftersrentals/items/61809/?asn=fhdn&asn-ref=miamistylerentals&ref=miamistylerentals&bookable-only=yes&full-items=yes&marketplace=yes&flow=no,"<script src=""https://fareharbor.com/embeds/script/calendar/driftersrentals/items/61809/?asn=fhdn&asn-ref=miamistylerentals&ref=miamistylerentals&bookable-only=yes&full-items=yes&marketplace=yes&flow=no""></script>",https://fareharbor.com/embeds/book/driftersrentals/items/61809/?asn=fhdn&asn-ref=miamistylerentals&ref=miamistylerentals&bookable-only=yes&full-items=yes&marketplace=yes&flow=no,https://cdn.filestackcontent.com/ZnBhWJRZQ0quumHZiUBH
Drifters Rentals LLC,driftersrentals,drift@driftersrentals.com,(904) 315-6150,United States/Florida/St. Augustine,,,61812,Three Day Bike Rentals,,4,41,449,35,146,304,449,899,https://fareharbor.com/embeds/calendar/driftersrentals/items/61812/?asn=fhdn&asn-ref=miamistylerentals&ref=miamistylerentals&bookable-only=yes&full-items=yes&marketplace=yes&flow=no,"<script src=""https://fareharbor.com/embeds/script/calendar/driftersrentals/items/61812/?asn=fhdn&asn-ref=miamistylerentals&ref=miamistylerentals&bookable-only=yes&full-items=yes&marketplace=yes&flow=no""></script>",https://fareharbor.com/embeds/book/driftersrentals/items/61812/?asn=fhdn&asn-ref=miamistylerentals&ref=miamistylerentals&bookable-only=yes&full-items=yes&marketplace=yes&flow=no,https://cdn.filestackcontent.com/44NsKGcaRRaIYJdD0vsb
Drifters Rentals LLC,driftersrentals,drift@driftersrentals.com,(904) 315-6150,United States/Florida/St. Augustine,,,61814,Four Day Bike Rentals,,4,41,449,35,146,304,449,899,https://fareharbor.com/embeds/calendar/driftersrentals/items/61814/?asn=fhdn&asn-ref=miamistylerentals&ref=miamistylerentals&bookable-only=yes&full-items=yes&marketplace=yes&flow=no,"<script src=""https://fareharbor.com/embeds/script/calendar/driftersrentals/items/61814/?asn=fhdn&asn-ref=miamistylerentals&ref=miamistylerentals&bookable-only=yes&full-items=yes&marketplace=yes&flow=no""></script>",https://fareharbor.com/embeds/book/driftersrentals/items/61814/?asn=fhdn&asn-ref=miamistylerentals&ref=miamistylerentals&bookable-only=yes&full-items=yes&marketplace=yes&flow=no,https://cdn.filestackcontent.com/XMXXsElxQpCgoHyCLvsR
Drifters Rentals LLC,driftersrentals,drift@driftersrentals.com,(904) 315-6150,United States/Florida/St. Augustine,,,61815,Five Day Bike Rentals,,4,41,449,35,146,304,449,899,https://fareharbor.com/embeds/calendar/driftersrentals/items/61815/?asn=fhdn&asn-ref=miamistylerentals&ref=miamistylerentals&bookable-only=yes&full-items=yes&marketplace=yes&flow=no,"<script src=""https://fareharbor.com/embeds/script/calendar/driftersrentals/items/61815/?asn=fhdn&asn-ref=miamistylerentals&ref=miamistylerentals&bookable-only=yes&full-items=yes&marketplace=yes&flow=no""></script>",https://fareharbor.com/embeds/book/driftersrentals/items/61815/?asn=fhdn&asn-ref=miamistylerentals&ref=miamistylerentals&bookable-only=yes&full-items=yes&marketplace=yes&flow=no,https://cdn.filestackcontent.com/WhIZ1xTNTH6VPHmgTLrS
GeoTrippin,geotrippin,tours@geotrippin.com,(904) 701-3272,United States/Florida/St. Augustine,,,191090,St. Augustine Inlet,Dolphin-Kayak-Marina,4,41,0,0,0,0,0,0,https://fareharbor.com/embeds/calendar/geotrippin/items/191090/?asn=fhdn&asn-ref=miamistylerentals&ref=miamistylerentals&bookable-only=yes&full-items=yes&marketplace=yes&flow=no,"<script src=""https://fareharbor.com/embeds/script/calendar/geotrippin/items/191090/?asn=fhdn&asn-ref=miamistylerentals&ref=miamistylerentals&bookable-only=yes&full-items=yes&marketplace=yes&flow=no""></script>",https://fareharbor.com/embeds/book/geotrippin/items/191090/?asn=fhdn&asn-ref=miamistylerentals&ref=miamistylerentals&bookable-only=yes&full-items=yes&marketplace=yes&flow=no,
GeoTrippin,geotrippin,tours@geotrippin.com,(904) 701-3272,United States/Florida/Palm Coast,-81.2374153,29.6586745,191097,Princess Place,Kayak-Lodging,4,41,0,0,0,0,0,0,https://fareharbor.com/embeds/calendar/geotrippin/items/191097/?asn=fhdn&asn-ref=miamistylerentals&ref=miamistylerentals&bookable-only=yes&full-items=yes&marketplace=yes&flow=no,"<script src=""https://fareharbor.com/embeds/script/calendar/geotrippin/items/191097/?asn=fhdn&asn-ref=miamistylerentals&ref=miamistylerentals&bookable-only=yes&full-items=yes&marketplace=yes&flow=no""></script>",https://fareharbor.com/embeds/book/geotrippin/items/191097/?asn=fhdn&asn-ref=miamistylerentals&ref=miamistylerentals&bookable-only=yes&full-items=yes&marketplace=yes&flow=no,
Saint Augustine Photo Tours,saintaugustinephototours,saintaugustinephototours@gmail.com,(904) 789-0202,United States/Florida/St. Augustine,,,276079,Historic District Photo Tour,Photography Tour,4,41,0,0,0,0,0,0,https://fareharbor.com/embeds/calendar/saintaugustinephototours/items/276079/?asn=fhdn&asn-ref=miamistylerentals&ref=miamistylerentals&bookable-only=yes&full-items=yes&marketplace=yes&flow=no,"<script src=""https://fareharbor.com/embeds/script/calendar/saintaugustinephototours/items/276079/?asn=fhdn&asn-ref=miamistylerentals&ref=miamistylerentals&bookable-only=yes&full-items=yes&marketplace=yes&flow=no""></script>",https://fareharbor.com/embeds/book/saintaugustinephototours/items/276079/?asn=fhdn&asn-ref=miamistylerentals&ref=miamistylerentals&bookable-only=yes&full-items=yes&marketplace=yes&flow=no,https://cdn.filestackcontent.com/ZHL6QPa7SwS4p3JqW0Ak
Earth Kinship,earthkinship,ayolane@earthkinship.us,904-477-5669,United States/Florida/St. Augustine,,,367395,Introduction to Kayaking,Kayak,4,41,0,0,0,0,0,0,https://fareharbor.com/embeds/calendar/earthkinship/items/367395/?asn=fhdn&asn-ref=miamistylerentals&ref=miamistylerentals&bookable-only=yes&full-items=yes&marketplace=yes&flow=no,"<script src=""https://fareharbor.com/embeds/script/calendar/earthkinship/items/367395/?asn=fhdn&asn-ref=miamistylerentals&ref=miamistylerentals&bookable-only=yes&full-items=yes&marketplace=yes&flow=no""></script>",https://fareharbor.com/embeds/book/earthkinship/items/367395/?asn=fhdn&asn-ref=miamistylerentals&ref=miamistylerentals&bookable-only=yes&full-items=yes&marketplace=yes&flow=no,https://cdn.filestackcontent.com/I3W3qDCsRbSDCRoabEUW
Florida Water Tours,floridawatertour,info@flwatertours.com,904-827-7728,United States/Florida/St. Augustine,,,422217,Sunset / Nights of Lights Cruise - Osprey,Boat Tour-Guided Tour,4,41,0,0,0,0,0,0,https://fareharbor.com/embeds/calendar/floridawatertour/items/422217/?asn=fhdn&asn-ref=miamistylerentals&ref=miamistylerentals&bookable-only=yes&full-items=yes&marketplace=yes&flow=no,"<script src=""https://fareharbor.com/embeds/script/calendar/floridawatertour/items/422217/?asn=fhdn&asn-ref=miamistylerentals&ref=miamistylerentals&bookable-only=yes&full-items=yes&marketplace=yes&flow=no""></script>",https://fareharbor.com/embeds/book/floridawatertour/items/422217/?asn=fhdn&asn-ref=miamistylerentals&ref=miamistylerentals&bookable-only=yes&full-items=yes&marketplace=yes&flow=no,https://cdn.filestackcontent.com/AsChIq77T2KaTZMfZHfS
St. Augustine Eco Tours,staugustineecotours-new,reservations@staugustineecotours.com,904-377-7245,United States/Florida/St. Augustine,,,551545,Private Guided Kayak Nature Tour,Kayak,4,41,0,0,0,0,0,0,https://fareharbor.com/embeds/calendar/staugustineecotours-new/items/551545/?asn=fhdn&asn-ref=miamistylerentals&ref=miamistylerentals&bookable-only=yes&full-items=yes&marketplace=yes&flow=no,"<script src=""https://fareharbor.com/embeds/script/calendar/staugustineecotours-new/items/551545/?asn=fhdn&asn-ref=miamistylerentals&ref=miamistylerentals&bookable-only=yes&full-items=yes&marketplace=yes&flow=no""></script>",https://fareharbor.com/embeds/book/staugustineecotours-new/items/551545/?asn=fhdn&asn-ref=miamistylerentals&ref=miamistylerentals&bookable-only=yes&full-items=yes&marketplace=yes&flow=no,
St. Augustine Eco Tours,staugustineecotours-new,reservations@staugustineecotours.com,904-377-7245,United States/Florida/St. Augustine,,,551563,Watery Weddings & Proposals,Private,4,41,0,0,0,0,0,0,https://fareharbor.com/embeds/calendar/staugustineecotours-new/items/551563/?asn=fhdn&asn-ref=miamistylerentals&ref=miamistylerentals&bookable-only=yes&full-items=yes&marketplace=yes&flow=no,"<script src=""https://fareharbor.com/embeds/script/calendar/staugustineecotours-new/items/551563/?asn=fhdn&asn-ref=miamistylerentals&ref=miamistylerentals&bookable-only=yes&full-items=yes&marketplace=yes&flow=no""></script>",https://fareharbor.com/embeds/book/staugustineecotours-new/items/551563/?asn=fhdn&asn-ref=miamistylerentals&ref=miamistylerentals&bookable-only=yes&full-items=yes&marketplace=yes&flow=no,
St. Augustine Eco Tours,staugustineecotours-new,reservations@staugustineecotours.com,904-377-7245,United States/Florida/St. Augustine,,,579438,Backcountry Kayak Adventure,Kayak,4,41,0,0,0,0,0,0,https://fareharbor.com/embeds/calendar/staugustineecotours-new/items/579438/?asn=fhdn&asn-ref=miamistylerentals&ref=miamistylerentals&bookable-only=yes&full-items=yes&marketplace=yes&flow=no,"<script src=""https://fareharbor.com/embeds/script/calendar/staugustineecotours-new/items/579438/?asn=fhdn&asn-ref=miamistylerentals&ref=miamistylerentals&bookable-only=yes&full-items=yes&marketplace=yes&flow=no""></script>",https://fareharbor.com/embeds/book/staugustineecotours-new/items/579438/?asn=fhdn&asn-ref=miamistylerentals&ref=miamistylerentals&bookable-only=yes&full-items=yes&marketplace=yes&flow=no,
St. Augustine Eco Tours,staugustineecotours-new,reservations@staugustineecotours.com,904-377-7245,United States/Florida/St. Augustine,,,579445,Kayak Team Building Adventures,Kayak,4,41,0,0,0,0,0,0,https://fareharbor.com/embeds/calendar/staugustineecotours-new/items/579445/?asn=fhdn&asn-ref=miamistylerentals&ref=miamistylerentals&bookable-only=yes&full-items=yes&marketplace=yes&flow=no,"<script src=""https://fareharbor.com/embeds/script/calendar/staugustineecotours-new/items/579445/?asn=fhdn&asn-ref=miamistylerentals&ref=miamistylerentals&bookable-only=yes&full-items=yes&marketplace=yes&flow=no""></script>",https://fareharbor.com/embeds/book/staugustineecotours-new/items/579445/?asn=fhdn&asn-ref=miamistylerentals&ref=miamistylerentals&bookable-only=yes&full-items=yes&marketplace=yes&flow=no,
Forte K9 Training,fortek9training,julietornaboni@gmail.com,7542659034,United States/Florida/St. Augustine,,,661052,Real World Ready-Public Training,Other,1,41,52,4,16,34,52,100,https://fareharbor.com/embeds/calendar/fortek9training/items/661052/?asn=fhdn&asn-ref=miamistylerentals&ref=miamistylerentals&bookable-only=yes&full-items=yes&marketplace=yes&flow=no,"<script src=""https://fareharbor.com/embeds/script/calendar/fortek9training/items/661052/?asn=fhdn&asn-ref=miamistylerentals&ref=miamistylerentals&bookable-only=yes&full-items=yes&marketplace=yes&flow=no""></script>",https://fareharbor.com/embeds/book/fortek9training/items/661052/?asn=fhdn&asn-ref=miamistylerentals&ref=miamistylerentals&bookable-only=yes&full-items=yes&marketplace=yes&flow=no,https://cdn.filestackcontent.com/Xtx5sscTynkIZIShZpBA
Jax Cruise,tikilacruise,Jaxcruiseinfo@gmail.com,9046511161,United States/Florida/Palm Valley,,,688541,Tiki-La Cruise,Boat Tour,4,41,0,0,0,0,0,0,https://fareharbor.com/embeds/calendar/tikilacruise/items/688541/?asn=fhdn&asn-ref=miamistylerentals&ref=miamistylerentals&bookable-only=yes&full-items=yes&marketplace=yes&flow=no,"<script src=""https://fareharbor.com/embeds/script/calendar/tikilacruise/items/688541/?asn=fhdn&asn-ref=miamistylerentals&ref=miamistylerentals&bookable-only=yes&full-items=yes&marketplace=yes&flow=no""></script>",https://fareharbor.com/embeds/book/tikilacruise/items/688541/?asn=fhdn&asn-ref=miamistylerentals&ref=miamistylerentals&bookable-only=yes&full-items=yes&marketplace=yes&flow=no,
Cruisin Tikis St. Augustine,cruisintikisstaugustine,staugustine@cruisintikis.com,(904)980-TIKI,United States/Florida/St. Augustine,,,225361,Matanzas Bay Tours,,1,40,722,56,240,482,722,1416,https://fareharbor.com/embeds/calendar/cruisintikisstaugustine/items/225361/?asn=fhdn&asn-ref=miamistylerentals&ref=miamistylerentals&bookable-only=yes&full-items=yes&marketplace=yes&flow=no,"<script src=""https://fareharbor.com/embeds/script/calendar/cruisintikisstaugustine/items/225361/?asn=fhdn&asn-ref=miamistylerentals&ref=miamistylerentals&bookable-only=yes&full-items=yes&marketplace=yes&flow=no""></script>",https://fareharbor.com/embeds/book/cruisintikisstaugustine/items/225361/?asn=fhdn&asn-ref=miamistylerentals&ref=miamistylerentals&bookable-only=yes&full-items=yes&marketplace=yes&flow=no,https://cdn.filestackcontent.com/ppvH8RgRfhhQzx4G7C9A
Cruisin Tikis St. Augustine,cruisintikisstaugustine,staugustine@cruisintikis.com,(904)980-TIKI,United States/Florida/St. Augustine,,,225363,Anastasia Island Excursions,,1,40,360,28,120,240,360,720,https://fareharbor.com/embeds/calendar/cruisintikisstaugustine/items/225363/?asn=fhdn&asn-ref=miamistylerentals&ref=miamistylerentals&bookable-only=yes&full-items=yes&marketplace=yes&flow=no,"<script src=""https://fareharbor.com/embeds/script/calendar/cruisintikisstaugustine/items/225363/?asn=fhdn&asn-ref=miamistylerentals&ref=miamistylerentals&bookable-only=yes&full-items=yes&marketplace=yes&flow=no""></script>",https://fareharbor.com/embeds/book/cruisintikisstaugustine/items/225363/?asn=fhdn&asn-ref=miamistylerentals&ref=miamistylerentals&bookable-only=yes&full-items=yes&marketplace=yes&flow=no,https://cdn.filestackcontent.com/xCeP8mjHQXqXZdpry9EW
Cruisin Tikis St. Augustine,cruisintikisstaugustine,staugustine@cruisintikis.com,(904)980-TIKI,United States/Florida/St. Augustine,,,225366,Sunset Cruises,,1,40,178,14,60,118,178,358,https://fareharbor.com/embeds/calendar/cruisintikisstaugustine/items/225366/?asn=fhdn&asn-ref=miamistylerentals&ref=miamistylerentals&bookable-only=yes&full-items=yes&marketplace=yes&flow=no,"<script src=""https://fareharbor.com/embeds/script/calendar/cruisintikisstaugustine/items/225366/?asn=fhdn&asn-ref=miamistylerentals&ref=miamistylerentals&bookable-only=yes&full-items=yes&marketplace=yes&flow=no""></script>",https://fareharbor.com/embeds/book/cruisintikisstaugustine/items/225366/?asn=fhdn&asn-ref=miamistylerentals&ref=miamistylerentals&bookable-only=yes&full-items=yes&marketplace=yes&flow=no,https://cdn.filestackcontent.com/gmIXBGOdQtW3hzDIvwXo
St Augustine Sailing,sta-sail,sas@sta-sail.com,(904) 829-0648,United States/Florida/St. Augustine,,,369043,Small Boat Club Reservation Calendar,Sailing,0,40,180,14,60,120,180,360,https://fareharbor.com/embeds/calendar/sta-sail/items/369043/?asn=fhdn&asn-ref=miamistylerentals&ref=miamistylerentals&bookable-only=yes&full-items=yes&marketplace=yes&flow=no,"<script src=""https://fareharbor.com/embeds/script/calendar/sta-sail/items/369043/?asn=fhdn&asn-ref=miamistylerentals&ref=miamistylerentals&bookable-only=yes&full-items=yes&marketplace=yes&flow=no""></script>",https://fareharbor.com/embeds/book/sta-sail/items/369043/?asn=fhdn&asn-ref=miamistylerentals&ref=miamistylerentals&bookable-only=yes&full-items=yes&marketplace=yes&flow=no,
Historic Stroll Society,lastghosttour,nicholas@lastghosttour.com,(904)-395-7035,United States/Florida/St. Augustine,,,436672,Horrible Hauntings,,1,40,89,6,29,59,89,179,https://fareharbor.com/embeds/calendar/lastghosttour/items/436672/?asn=fhdn&asn-ref=miamistylerentals&ref=miamistylerentals&bookable-only=yes&full-items=yes&marketplace=yes&flow=no,"<script src=""https://fareharbor.com/embeds/script/calendar/lastghosttour/items/436672/?asn=fhdn&asn-ref=miamistylerentals&ref=miamistylerentals&bookable-only=yes&full-items=yes&marketplace=yes&flow=no""></script>",https://fareharbor.com/embeds/book/lastghosttour/items/436672/?asn=fhdn&asn-ref=miamistylerentals&ref=miamistylerentals&bookable-only=yes&full-items=yes&marketplace=yes&flow=no,https://cdn.filestackcontent.com/3B89yOvRLWklpGk85Bsi
Red Boat Water Tours,redboatwatertours,info@redboattours.com,904-436-3566,United States/Florida/St. Augustine,,,490956,Nights of Lights - Sunset Cruise          (NO VOUCHERS on 5:15 trip),,8,40,0,0,0,0,0,0,https://fareharbor.com/embeds/calendar/redboatwatertours/items/490956/?asn=fhdn&asn-ref=miamistylerentals&ref=miamistylerentals&bookable-only=yes&full-items=yes&marketplace=yes&flow=no,"<script src=""https://fareharbor.com/embeds/script/calendar/redboatwatertours/items/490956/?asn=fhdn&asn-ref=miamistylerentals&ref=miamistylerentals&bookable-only=yes&full-items=yes&marketplace=yes&flow=no""></script>",https://fareharbor.com/embeds/book/redboatwatertours/items/490956/?asn=fhdn&asn-ref=miamistylerentals&ref=miamistylerentals&bookable-only=yes&full-items=yes&marketplace=yes&flow=no,
Sunsal SUP Co.,sunsalsupco,rasteen@me.com,(423)290-3511,United States/Florida/St. Augustine,,,560773,Paddlefit Class,SUP,1,40,13,1,4,9,13,26,https://fareharbor.com/embeds/calendar/sunsalsupco/items/560773/?asn=fhdn&asn-ref=miamistylerentals&ref=miamistylerentals&bookable-only=yes&full-items=yes&marketplace=yes&flow=no,"<script src=""https://fareharbor.com/embeds/script/calendar/sunsalsupco/items/560773/?asn=fhdn&asn-ref=miamistylerentals&ref=miamistylerentals&bookable-only=yes&full-items=yes&marketplace=yes&flow=no""></script>",https://fareharbor.com/embeds/book/sunsalsupco/items/560773/?asn=fhdn&asn-ref=miamistylerentals&ref=miamistylerentals&bookable-only=yes&full-items=yes&marketplace=yes&flow=no,https://cdn.filestackcontent.com/qBnCL0rPRe2l0OgKnKIH
Surf Station,surf-station,support@surf-station.com,(904) 461-5395,United States/Florida/St. Augustine,-81.26637,29.858507,637654,Embassy Suites One-On-One Surf Lesson,,1,40,90,7,30,60,90,180,https://fareharbor.com/embeds/calendar/surf-station/items/637654/?asn=fhdn&asn-ref=miamistylerentals&ref=miamistylerentals&bookable-only=yes&full-items=yes&marketplace=yes&flow=no,"<script src=""https://fareharbor.com/embeds/script/calendar/surf-station/items/637654/?asn=fhdn&asn-ref=miamistylerentals&ref=miamistylerentals&bookable-only=yes&full-items=yes&marketplace=yes&flow=no""></script>",https://fareharbor.com/embeds/book/surf-station/items/637654/?asn=fhdn&asn-ref=miamistylerentals&ref=miamistylerentals&bookable-only=yes&full-items=yes&marketplace=yes&flow=no,https://cdn.filestackcontent.com/F00VLJJKSFK8TPHxnleB
The 904 Orb,904orb,904orb@gmail.com,904-884-6729,United States/Florida/St. Augustine,,,725049,Slow Burn Cigar Tour,Golf,1,40,1080,84,360,720,1080,2160,https://fareharbor.com/embeds/calendar/904orb/items/725049/?asn=fhdn&asn-ref=miamistylerentals&ref=miamistylerentals&bookable-only=yes&full-items=yes&marketplace=yes&flow=no,"<script src=""https://fareharbor.com/embeds/script/calendar/904orb/items/725049/?asn=fhdn&asn-ref=miamistylerentals&ref=miamistylerentals&bookable-only=yes&full-items=yes&marketplace=yes&flow=no""></script>",https://fareharbor.com/embeds/book/904orb/items/725049/?asn=fhdn&asn-ref=miamistylerentals&ref=miamistylerentals&bookable-only=yes&full-items=yes&marketplace=yes&flow=no,https://cdn.filestackcontent.com/HEYCfDLzRgSMYvw9FadU
The 904 Orb,904orb,904orb@gmail.com,904-884-6729,United States/Florida/St. Augustine,,,725064,Vibe Ride,Golf,1,40,810,63,270,540,810,1620,https://fareharbor.com/embeds/calendar/904orb/items/725064/?asn=fhdn&asn-ref=miamistylerentals&ref=miamistylerentals&bookable-only=yes&full-items=yes&marketplace=yes&flow=no,"<script src=""https://fareharbor.com/embeds/script/calendar/904orb/items/725064/?asn=fhdn&asn-ref=miamistylerentals&ref=miamistylerentals&bookable-only=yes&full-items=yes&marketplace=yes&flow=no""></script>",https://fareharbor.com/embeds/book/904orb/items/725064/?asn=fhdn&asn-ref=miamistylerentals&ref=miamistylerentals&bookable-only=yes&full-items=yes&marketplace=yes&flow=no,https://cdn.filestackcontent.com/jQfWS9QrS5OVJq02MFWq
The 904 Orb,904orb,904orb@gmail.com,904-884-6729,United States/Florida/St. Augustine,,,725082,Ride w/Captain Jack,Golf,1,40,2070,161,690,1380,2070,4140,https://fareharbor.com/embeds/calendar/904orb/items/725082/?asn=fhdn&asn-ref=miamistylerentals&ref=miamistylerentals&bookable-only=yes&full-items=yes&marketplace=yes&flow=no,"<script src=""https://fareharbor.com/embeds/script/calendar/904orb/items/725082/?asn=fhdn&asn-ref=miamistylerentals&ref=miamistylerentals&bookable-only=yes&full-items=yes&marketplace=yes&flow=no""></script>",https://fareharbor.com/embeds/book/904orb/items/725082/?asn=fhdn&asn-ref=miamistylerentals&ref=miamistylerentals&bookable-only=yes&full-items=yes&marketplace=yes&flow=no,https://cdn.filestackcontent.com/J8jW5KyRmKKA6ZOEiVfn
Surf Station,surf-station,support@surf-station.com,(904) 461-5395,United States/Florida/St. Augustine,-81.253367,29.769296,106734,One-on-One Surf Lesson,,1,39,90,7,30,60,90,180,https://fareharbor.com/embeds/calendar/surf-station/items/106734/?asn=fhdn&asn-ref=miamistylerentals&ref=miamistylerentals&bookable-only=yes&full-items=yes&marketplace=yes&flow=no,"<script src=""https://fareharbor.com/embeds/script/calendar/surf-station/items/106734/?asn=fhdn&asn-ref=miamistylerentals&ref=miamistylerentals&bookable-only=yes&full-items=yes&marketplace=yes&flow=no""></script>",https://fareharbor.com/embeds/book/surf-station/items/106734/?asn=fhdn&asn-ref=miamistylerentals&ref=miamistylerentals&bookable-only=yes&full-items=yes&marketplace=yes&flow=no,https://cdn.filestackcontent.com/SSFB7iOZQ5e1IBRlG5x9
Surf Station,surf-station,support@surf-station.com,(904) 461-5395,United States/Florida/St. Augustine,-81.253367,29.769296,106737,Semi-Private Surf Lesson,,1,39,180,14,60,120,180,360,https://fareharbor.com/embeds/calendar/surf-station/items/106737/?asn=fhdn&asn-ref=miamistylerentals&ref=miamistylerentals&bookable-only=yes&full-items=yes&marketplace=yes&flow=no,"<script src=""https://fareharbor.com/embeds/script/calendar/surf-station/items/106737/?asn=fhdn&asn-ref=miamistylerentals&ref=miamistylerentals&bookable-only=yes&full-items=yes&marketplace=yes&flow=no""></script>",https://fareharbor.com/embeds/book/surf-station/items/106737/?asn=fhdn&asn-ref=miamistylerentals&ref=miamistylerentals&bookable-only=yes&full-items=yes&marketplace=yes&flow=no,https://cdn.filestackcontent.com/RjEFc46NS7ei2PFE2Wzb
Surf Station,surf-station,support@surf-station.com,(904) 461-5395,United States/Florida/St. Augustine,-81.253367,29.769296,106739,Group Surf Lesson,,1,39,180,14,60,120,180,360,https://fareharbor.com/embeds/calendar/surf-station/items/106739/?asn=fhdn&asn-ref=miamistylerentals&ref=miamistylerentals&bookable-only=yes&full-items=yes&marketplace=yes&flow=no,"<script src=""https://fareharbor.com/embeds/script/calendar/surf-station/items/106739/?asn=fhdn&asn-ref=miamistylerentals&ref=miamistylerentals&bookable-only=yes&full-items=yes&marketplace=yes&flow=no""></script>",https://fareharbor.com/embeds/book/surf-station/items/106739/?asn=fhdn&asn-ref=miamistylerentals&ref=miamistylerentals&bookable-only=yes&full-items=yes&marketplace=yes&flow=no,https://cdn.filestackcontent.com/acXo2LvVRam0RBt1mrp9
Afterlife Tours - St. Augustine,afterlifetours-staugustine,afterlifetours@yahoo.com,(912) 398-7820,United States,,,107238,Beyond The Grave Tour,,1,39,87,4,27,57,87,177,https://fareharbor.com/embeds/calendar/afterlifetours-staugustine/items/107238/?asn=fhdn&asn-ref=miamistylerentals&ref=miamistylerentals&bookable-only=yes&full-items=yes&marketplace=yes&flow=no,"<script src=""https://fareharbor.com/embeds/script/calendar/afterlifetours-staugustine/items/107238/?asn=fhdn&asn-ref=miamistylerentals&ref=miamistylerentals&bookable-only=yes&full-items=yes&marketplace=yes&flow=no""></script>",https://fareharbor.com/embeds/book/afterlifetours-staugustine/items/107238/?asn=fhdn&asn-ref=miamistylerentals&ref=miamistylerentals&bookable-only=yes&full-items=yes&marketplace=yes&flow=no,https://cdn.filestackcontent.com/KTLoKot9QjOCznhnmJBh
Ripple Effect Ecotours,rippleeffectecotours,rippleres@gmail.com,(904) 347-1565,United States/Florida/St. Augustine,,,131007,Kayak Rental,,1,39,0,0,0,0,0,0,https://fareharbor.com/embeds/calendar/rippleeffectecotours/items/131007/?asn=fhdn&asn-ref=miamistylerentals&ref=miamistylerentals&bookable-only=yes&full-items=yes&marketplace=yes&flow=no,"<script src=""https://fareharbor.com/embeds/script/calendar/rippleeffectecotours/items/131007/?asn=fhdn&asn-ref=miamistylerentals&ref=miamistylerentals&bookable-only=yes&full-items=yes&marketplace=yes&flow=no""></script>",https://fareharbor.com/embeds/book/rippleeffectecotours/items/131007/?asn=fhdn&asn-ref=miamistylerentals&ref=miamistylerentals&bookable-only=yes&full-items=yes&marketplace=yes&flow=no,https://cdn.filestackcontent.com/HuF9KZwLR2WxrOZMrCLc
Saint Augustine Transfer Company Inc,saintaugustinetransfer,booking@satransfer.com,(904) 293-3471,United States/Florida/St. Augustine,-81.310426,29.891755,300207,The Haunting Hour Walking Ghost Tour,,1,39,65,5,21,43,65,128,https://fareharbor.com/embeds/calendar/saintaugustinetransfer/items/300207/?asn=fhdn&asn-ref=miamistylerentals&ref=miamistylerentals&bookable-only=yes&full-items=yes&marketplace=yes&flow=no,"<script src=""https://fareharbor.com/embeds/script/calendar/saintaugustinetransfer/items/300207/?asn=fhdn&asn-ref=miamistylerentals&ref=miamistylerentals&bookable-only=yes&full-items=yes&marketplace=yes&flow=no""></script>",https://fareharbor.com/embeds/book/saintaugustinetransfer/items/300207/?asn=fhdn&asn-ref=miamistylerentals&ref=miamistylerentals&bookable-only=yes&full-items=yes&marketplace=yes&flow=no,https://cdn.filestackcontent.com/8kPn3yQSTLGCVDSIwUDk
Saint Augustine Transfer Company Inc,saintaugustinetransfer,booking@satransfer.com,(904) 293-3471,United States/Florida/St. Augustine,-81.31343,29.891352,300216,Spirits with the Spirits Pub Crawl,,1,39,39,3,12,26,39,77,https://fareharbor.com/embeds/calendar/saintaugustinetransfer/items/300216/?asn=fhdn&asn-ref=miamistylerentals&ref=miamistylerentals&bookable-only=yes&full-items=yes&marketplace=yes&flow=no,"<script src=""https://fareharbor.com/embeds/script/calendar/saintaugustinetransfer/items/300216/?asn=fhdn&asn-ref=miamistylerentals&ref=miamistylerentals&bookable-only=yes&full-items=yes&marketplace=yes&flow=no""></script>",https://fareharbor.com/embeds/book/saintaugustinetransfer/items/300216/?asn=fhdn&asn-ref=miamistylerentals&ref=miamistylerentals&bookable-only=yes&full-items=yes&marketplace=yes&flow=no,https://cdn.filestackcontent.com/F9H5WLBfQUuuGjdf1WlV
Saint Augustine Transfer Company Inc,saintaugustinetransfer,booking@satransfer.com,(904) 293-3471,United States/Florida/St. Augustine,-81.31343,29.891352,300223,Toast of St. Augustine Pub Crawl,,1,39,39,3,12,27,39,77,https://fareharbor.com/embeds/calendar/saintaugustinetransfer/items/300223/?asn=fhdn&asn-ref=miamistylerentals&ref=miamistylerentals&bookable-only=yes&full-items=yes&marketplace=yes&flow=no,"<script src=""https://fareharbor.com/embeds/script/calendar/saintaugustinetransfer/items/300223/?asn=fhdn&asn-ref=miamistylerentals&ref=miamistylerentals&bookable-only=yes&full-items=yes&marketplace=yes&flow=no""></script>",https://fareharbor.com/embeds/book/saintaugustinetransfer/items/300223/?asn=fhdn&asn-ref=miamistylerentals&ref=miamistylerentals&bookable-only=yes&full-items=yes&marketplace=yes&flow=no,https://cdn.filestackcontent.com/1NlCmZ9SZaDApieWN8cZ
Ancient City Slingshots,ancientcityslingshot,acslingshots@gmail.com,904-385-9676,United States/Florida/St. Augustine,-81.333275,29.91531,315461,1 Hour Try-It Session (Automatic Vehicle),,1,39,720,56,240,480,720,1440,https://fareharbor.com/embeds/calendar/ancientcityslingshot/items/315461/?asn=fhdn&asn-ref=miamistylerentals&ref=miamistylerentals&bookable-only=yes&full-items=yes&marketplace=yes&flow=no,"<script src=""https://fareharbor.com/embeds/script/calendar/ancientcityslingshot/items/315461/?asn=fhdn&asn-ref=miamistylerentals&ref=miamistylerentals&bookable-only=yes&full-items=yes&marketplace=yes&flow=no""></script>",https://fareharbor.com/embeds/book/ancientcityslingshot/items/315461/?asn=fhdn&asn-ref=miamistylerentals&ref=miamistylerentals&bookable-only=yes&full-items=yes&marketplace=yes&flow=no,https://cdn.filestackcontent.com/R6KaKekkQSQsJo8LqhZ2
Drifters Rentals LLC,driftersrentals,drift@driftersrentals.com,(904) 315-6150,United States/Florida/St. Augustine,-81.265029,29.808537,331816,Daily Colony Reef Beach Services,,1,39,77,6,25,52,77,154,https://fareharbor.com/embeds/calendar/driftersrentals/items/331816/?asn=fhdn&asn-ref=miamistylerentals&ref=miamistylerentals&bookable-only=yes&full-items=yes&marketplace=yes&flow=no,"<script src=""https://fareharbor.com/embeds/script/calendar/driftersrentals/items/331816/?asn=fhdn&asn-ref=miamistylerentals&ref=miamistylerentals&bookable-only=yes&full-items=yes&marketplace=yes&flow=no""></script>",https://fareharbor.com/embeds/book/driftersrentals/items/331816/?asn=fhdn&asn-ref=miamistylerentals&ref=miamistylerentals&bookable-only=yes&full-items=yes&marketplace=yes&flow=no,https://cdn.filestackcontent.com/xFkYtmd1S8GI0VT1Wmj1
Drifters Rentals LLC,driftersrentals,drift@driftersrentals.com,(904) 315-6150,United States/Florida/St. Augustine,-81.265029,29.808537,331819,Two Day Colony Reef Beach Services,,1,39,77,6,25,52,77,154,https://fareharbor.com/embeds/calendar/driftersrentals/items/331819/?asn=fhdn&asn-ref=miamistylerentals&ref=miamistylerentals&bookable-only=yes&full-items=yes&marketplace=yes&flow=no,"<script src=""https://fareharbor.com/embeds/script/calendar/driftersrentals/items/331819/?asn=fhdn&asn-ref=miamistylerentals&ref=miamistylerentals&bookable-only=yes&full-items=yes&marketplace=yes&flow=no""></script>",https://fareharbor.com/embeds/book/driftersrentals/items/331819/?asn=fhdn&asn-ref=miamistylerentals&ref=miamistylerentals&bookable-only=yes&full-items=yes&marketplace=yes&flow=no,https://cdn.filestackcontent.com/T2bVOV3PSkenk5qayC42
Drifters Rentals LLC,driftersrentals,drift@driftersrentals.com,(904) 315-6150,United States/Florida/St. Augustine,-81.265029,29.808537,331821,Three Day Colony Reef Beach Services,,1,39,77,6,25,52,77,154,https://fareharbor.com/embeds/calendar/driftersrentals/items/331821/?asn=fhdn&asn-ref=miamistylerentals&ref=miamistylerentals&bookable-only=yes&full-items=yes&marketplace=yes&flow=no,"<script src=""https://fareharbor.com/embeds/script/calendar/driftersrentals/items/331821/?asn=fhdn&asn-ref=miamistylerentals&ref=miamistylerentals&bookable-only=yes&full-items=yes&marketplace=yes&flow=no""></script>",https://fareharbor.com/embeds/book/driftersrentals/items/331821/?asn=fhdn&asn-ref=miamistylerentals&ref=miamistylerentals&bookable-only=yes&full-items=yes&marketplace=yes&flow=no,https://cdn.filestackcontent.com/Qf4zkAspTNi6FoFG6TC4
Drifters Rentals LLC,driftersrentals,drift@driftersrentals.com,(904) 315-6150,United States/Florida/St. Augustine,-81.265029,29.808537,331826,Four Day Colony Reef Beach Services,,1,39,77,6,25,52,77,154,https://fareharbor.com/embeds/calendar/driftersrentals/items/331826/?asn=fhdn&asn-ref=miamistylerentals&ref=miamistylerentals&bookable-only=yes&full-items=yes&marketplace=yes&flow=no,"<script src=""https://fareharbor.com/embeds/script/calendar/driftersrentals/items/331826/?asn=fhdn&asn-ref=miamistylerentals&ref=miamistylerentals&bookable-only=yes&full-items=yes&marketplace=yes&flow=no""></script>",https://fareharbor.com/embeds/book/driftersrentals/items/331826/?asn=fhdn&asn-ref=miamistylerentals&ref=miamistylerentals&bookable-only=yes&full-items=yes&marketplace=yes&flow=no,https://cdn.filestackcontent.com/8RTwQRAaTrup9SIBuT5u
Drifters Rentals LLC,driftersrentals,drift@driftersrentals.com,(904) 315-6150,United States/Florida/St. Augustine,-81.265029,29.808537,331830,Five Day Colony Reef Beach Services,,1,39,77,6,25,52,77,154,https://fareharbor.com/embeds/calendar/driftersrentals/items/331830/?asn=fhdn&asn-ref=miamistylerentals&ref=miamistylerentals&bookable-only=yes&full-items=yes&marketplace=yes&flow=no,"<script src=""https://fareharbor.com/embeds/script/calendar/driftersrentals/items/331830/?asn=fhdn&asn-ref=miamistylerentals&ref=miamistylerentals&bookable-only=yes&full-items=yes&marketplace=yes&flow=no""></script>",https://fareharbor.com/embeds/book/driftersrentals/items/331830/?asn=fhdn&asn-ref=miamistylerentals&ref=miamistylerentals&bookable-only=yes&full-items=yes&marketplace=yes&flow=no,https://cdn.filestackcontent.com/TpLTFkuySHG8pRFqBGgh
Drifters Rentals LLC,driftersrentals,drift@driftersrentals.com,(904) 315-6150,United States/Florida/St. Augustine,-81.265029,29.808537,331832,Six Day Colony Reef Beach Services,,1,39,77,6,25,52,77,154,https://fareharbor.com/embeds/calendar/driftersrentals/items/331832/?asn=fhdn&asn-ref=miamistylerentals&ref=miamistylerentals&bookable-only=yes&full-items=yes&marketplace=yes&flow=no,"<script src=""https://fareharbor.com/embeds/script/calendar/driftersrentals/items/331832/?asn=fhdn&asn-ref=miamistylerentals&ref=miamistylerentals&bookable-only=yes&full-items=yes&marketplace=yes&flow=no""></script>",https://fareharbor.com/embeds/book/driftersrentals/items/331832/?asn=fhdn&asn-ref=miamistylerentals&ref=miamistylerentals&bookable-only=yes&full-items=yes&marketplace=yes&flow=no,https://cdn.filestackcontent.com/ONgh9nXeTR2gc3S3tTgZ
Drifters Rentals LLC,driftersrentals,drift@driftersrentals.com,(904) 315-6150,United States/Florida/St. Augustine,-81.265029,29.808537,331833,Weekly Colony Reef Beach Services,,1,39,77,6,25,52,77,154,https://fareharbor.com/embeds/calendar/driftersrentals/items/331833/?asn=fhdn&asn-ref=miamistylerentals&ref=miamistylerentals&bookable-only=yes&full-items=yes&marketplace=yes&flow=no,"<script src=""https://fareharbor.com/embeds/script/calendar/driftersrentals/items/331833/?asn=fhdn&asn-ref=miamistylerentals&ref=miamistylerentals&bookable-only=yes&full-items=yes&marketplace=yes&flow=no""></script>",https://fareharbor.com/embeds/book/driftersrentals/items/331833/?asn=fhdn&asn-ref=miamistylerentals&ref=miamistylerentals&bookable-only=yes&full-items=yes&marketplace=yes&flow=no,https://cdn.filestackcontent.com/BiT6xm24TTm8FVkCNiY3
The Salon of Secrets,thesalonofsecrets,attillio@theatermagic.com,(904) 814-8098,United States/Florida/St. Augustine,-81.312756,29.894696,335115,General Admission,,1,39,267,15,60,145,267,600,https://fareharbor.com/embeds/calendar/thesalonofsecrets/items/335115/?asn=fhdn&asn-ref=miamistylerentals&ref=miamistylerentals&bookable-only=yes&full-items=yes&marketplace=yes&flow=no,"<script src=""https://fareharbor.com/embeds/script/calendar/thesalonofsecrets/items/335115/?asn=fhdn&asn-ref=miamistylerentals&ref=miamistylerentals&bookable-only=yes&full-items=yes&marketplace=yes&flow=no""></script>",https://fareharbor.com/embeds/book/thesalonofsecrets/items/335115/?asn=fhdn&asn-ref=miamistylerentals&ref=miamistylerentals&bookable-only=yes&full-items=yes&marketplace=yes&flow=no,https://cdn.filestackcontent.com/QpXzp9OrT92HtniNb0Fd
Sea Love Charters,sealovefishing,sealovecharters@gmail.com,904-824-3328,United States/Florida/St. Augustine,,,335314,Super Half Day,,1,39,39,2,13,25,39,77,https://fareharbor.com/embeds/calendar/sealovefishing/items/335314/?asn=fhdn&asn-ref=miamistylerentals&ref=miamistylerentals&bookable-only=yes&full-items=yes&marketplace=yes&flow=no,"<script src=""https://fareharbor.com/embeds/script/calendar/sealovefishing/items/335314/?asn=fhdn&asn-ref=miamistylerentals&ref=miamistylerentals&bookable-only=yes&full-items=yes&marketplace=yes&flow=no""></script>",https://fareharbor.com/embeds/book/sealovefishing/items/335314/?asn=fhdn&asn-ref=miamistylerentals&ref=miamistylerentals&bookable-only=yes&full-items=yes&marketplace=yes&flow=no,https://cdn.filestackcontent.com/bHVeJhi7RounJLgLUyHb
St Augustine Sailing,sta-sail,sas@sta-sail.com,(904) 829-0648,United States/Florida/St. Augustine,,,351531,Crew Sails,Sailing,1,39,23,2,5,13,23,47,https://fareharbor.com/embeds/calendar/sta-sail/items/351531/?asn=fhdn&asn-ref=miamistylerentals&ref=miamistylerentals&bookable-only=yes&full-items=yes&marketplace=yes&flow=no,"<script src=""https://fareharbor.com/embeds/script/calendar/sta-sail/items/351531/?asn=fhdn&asn-ref=miamistylerentals&ref=miamistylerentals&bookable-only=yes&full-items=yes&marketplace=yes&flow=no""></script>",https://fareharbor.com/embeds/book/sta-sail/items/351531/?asn=fhdn&asn-ref=miamistylerentals&ref=miamistylerentals&bookable-only=yes&full-items=yes&marketplace=yes&flow=no,https://cdn.filestackcontent.com/4617N7E5RRyoVrl06Eg1
Panda Tours,thepandatours,thepandatourss@gmail.com,(904) 687- 7113,United States/Florida/St. Augustine,,,456600,The Last Stop Paranormal Investigation Experience,,1,39,152,11,48,100,152,305,https://fareharbor.com/embeds/calendar/thepandatours/items/456600/?asn=fhdn&asn-ref=miamistylerentals&ref=miamistylerentals&bookable-only=yes&full-items=yes&marketplace=yes&flow=no,"<script src=""https://fareharbor.com/embeds/script/calendar/thepandatours/items/456600/?asn=fhdn&asn-ref=miamistylerentals&ref=miamistylerentals&bookable-only=yes&full-items=yes&marketplace=yes&flow=no""></script>",https://fareharbor.com/embeds/book/thepandatours/items/456600/?asn=fhdn&asn-ref=miamistylerentals&ref=miamistylerentals&bookable-only=yes&full-items=yes&marketplace=yes&flow=no,https://cdn.filestackcontent.com/6BEhAqHaSF6vPygpcTIa
Panda Tours,thepandatours,thepandatourss@gmail.com,(904) 687- 7113,United States/Florida/St. Augustine,,,456601,The Tarot Tour,,1,39,39,3,12,25,39,76,https://fareharbor.com/embeds/calendar/thepandatours/items/456601/?asn=fhdn&asn-ref=miamistylerentals&ref=miamistylerentals&bookable-only=yes&full-items=yes&marketplace=yes&flow=no,"<script src=""https://fareharbor.com/embeds/script/calendar/thepandatours/items/456601/?asn=fhdn&asn-ref=miamistylerentals&ref=miamistylerentals&bookable-only=yes&full-items=yes&marketplace=yes&flow=no""></script>",https://fareharbor.com/embeds/book/thepandatours/items/456601/?asn=fhdn&asn-ref=miamistylerentals&ref=miamistylerentals&bookable-only=yes&full-items=yes&marketplace=yes&flow=no,https://cdn.filestackcontent.com/Pf4t4hbR2TD9uR7aTDbQ
Panda Tours,thepandatours,thepandatourss@gmail.com,(904) 687- 7113,United States/Florida/St. Augustine,,,456603,Scenic Sightseeing Private Cart Tour,,1,39,39,3,12,26,39,76,https://fareharbor.com/embeds/calendar/thepandatours/items/456603/?asn=fhdn&asn-ref=miamistylerentals&ref=miamistylerentals&bookable-only=yes&full-items=yes&marketplace=yes&flow=no,"<script src=""https://fareharbor.com/embeds/script/calendar/thepandatours/items/456603/?asn=fhdn&asn-ref=miamistylerentals&ref=miamistylerentals&bookable-only=yes&full-items=yes&marketplace=yes&flow=no""></script>",https://fareharbor.com/embeds/book/thepandatours/items/456603/?asn=fhdn&asn-ref=miamistylerentals&ref=miamistylerentals&bookable-only=yes&full-items=yes&marketplace=yes&flow=no,https://cdn.filestackcontent.com/cByQ0uhCTbmxJHgswWV5
Panda Tours,thepandatours,thepandatourss@gmail.com,(904) 687- 7113,United States/Florida/St. Augustine,,,456609,The Last Ride Private Electric Golf Cart Ghost Tour,,1,39,264,17,85,174,264,532,https://fareharbor.com/embeds/calendar/thepandatours/items/456609/?asn=fhdn&asn-ref=miamistylerentals&ref=miamistylerentals&bookable-only=yes&full-items=yes&marketplace=yes&flow=no,"<script src=""https://fareharbor.com/embeds/script/calendar/thepandatours/items/456609/?asn=fhdn&asn-ref=miamistylerentals&ref=miamistylerentals&bookable-only=yes&full-items=yes&marketplace=yes&flow=no""></script>",https://fareharbor.com/embeds/book/thepandatours/items/456609/?asn=fhdn&asn-ref=miamistylerentals&ref=miamistylerentals&bookable-only=yes&full-items=yes&marketplace=yes&flow=no,https://cdn.filestackcontent.com/0d9Tm93Sd2ymh9ExFVYA
Panda Tours,thepandatours,thepandatourss@gmail.com,(904) 687- 7113,United States/Florida/St. Augustine,,,456612,Story of St. Augustine Private Cart History Tour,,1,39,103,7,32,69,103,203,https://fareharbor.com/embeds/calendar/thepandatours/items/456612/?asn=fhdn&asn-ref=miamistylerentals&ref=miamistylerentals&bookable-only=yes&full-items=yes&marketplace=yes&flow=no,"<script src=""https://fareharbor.com/embeds/script/calendar/thepandatours/items/456612/?asn=fhdn&asn-ref=miamistylerentals&ref=miamistylerentals&bookable-only=yes&full-items=yes&marketplace=yes&flow=no""></script>",https://fareharbor.com/embeds/book/thepandatours/items/456612/?asn=fhdn&asn-ref=miamistylerentals&ref=miamistylerentals&bookable-only=yes&full-items=yes&marketplace=yes&flow=no,https://cdn.filestackcontent.com/NusqYcWYTOOETtX6zag9
Southern Cove Charters & Excursions,claycountychartersandexcursions,southerncovecharters@gmail.com,(904) 463- 5606,United States/Florida/St. Augustine,-81.308313,29.912257,459863,Inshore Fishing,,1,39,270,21,90,180,270,540,https://fareharbor.com/embeds/calendar/claycountychartersandexcursions/items/459863/?asn=fhdn&asn-ref=miamistylerentals&ref=miamistylerentals&bookable-only=yes&full-items=yes&marketplace=yes&flow=no,"<script src=""https://fareharbor.com/embeds/script/calendar/claycountychartersandexcursions/items/459863/?asn=fhdn&asn-ref=miamistylerentals&ref=miamistylerentals&bookable-only=yes&full-items=yes&marketplace=yes&flow=no""></script>",https://fareharbor.com/embeds/book/claycountychartersandexcursions/items/459863/?asn=fhdn&asn-ref=miamistylerentals&ref=miamistylerentals&bookable-only=yes&full-items=yes&marketplace=yes&flow=no,https://cdn.filestackcontent.com/7Ute6jAQBeQ13Ag9VhbK
Southern Cove Charters & Excursions,claycountychartersandexcursions,southerncovecharters@gmail.com,(904) 463- 5606,United States/Florida/St. Augustine,-81.308313,29.912257,459881,Near Shore Fishing,,1,39,270,21,90,180,270,540,https://fareharbor.com/embeds/calendar/claycountychartersandexcursions/items/459881/?asn=fhdn&asn-ref=miamistylerentals&ref=miamistylerentals&bookable-only=yes&full-items=yes&marketplace=yes&flow=no,"<script src=""https://fareharbor.com/embeds/script/calendar/claycountychartersandexcursions/items/459881/?asn=fhdn&asn-ref=miamistylerentals&ref=miamistylerentals&bookable-only=yes&full-items=yes&marketplace=yes&flow=no""></script>",https://fareharbor.com/embeds/book/claycountychartersandexcursions/items/459881/?asn=fhdn&asn-ref=miamistylerentals&ref=miamistylerentals&bookable-only=yes&full-items=yes&marketplace=yes&flow=no,https://cdn.filestackcontent.com/MYi11FMfQziLxJpvg92C
Drifters Rentals LLC,driftersrentals,drift@driftersrentals.com,(904) 315-6150,United States/Florida/St. Augustine,-81.267661,29.846871,461767,E-Coast Beach Cruisers,,1,39,1167,91,380,789,1167,2339,https://fareharbor.com/embeds/calendar/driftersrentals/items/461767/?asn=fhdn&asn-ref=miamistylerentals&ref=miamistylerentals&bookable-only=yes&full-items=yes&marketplace=yes&flow=no,"<script src=""https://fareharbor.com/embeds/script/calendar/driftersrentals/items/461767/?asn=fhdn&asn-ref=miamistylerentals&ref=miamistylerentals&bookable-only=yes&full-items=yes&marketplace=yes&flow=no""></script>",https://fareharbor.com/embeds/book/driftersrentals/items/461767/?asn=fhdn&asn-ref=miamistylerentals&ref=miamistylerentals&bookable-only=yes&full-items=yes&marketplace=yes&flow=no,https://cdn.filestackcontent.com/elDjEQtbSLqQwR4Qd9tu
Wake2Wake,wake2wakefl,wake2wakefl@icloud.com,(904) 994 - 9253,United States/Florida/St. Augustine,-81.285637,29.885918,484853,Private Dolphins & Historical Sightseeing Tour,,1,39,978,77,318,615,978,1968,https://fareharbor.com/embeds/calendar/wake2wakefl/items/484853/?asn=fhdn&asn-ref=miamistylerentals&ref=miamistylerentals&bookable-only=yes&full-items=yes&marketplace=yes&flow=no,"<script src=""https://fareharbor.com/embeds/script/calendar/wake2wakefl/items/484853/?asn=fhdn&asn-ref=miamistylerentals&ref=miamistylerentals&bookable-only=yes&full-items=yes&marketplace=yes&flow=no""></script>",https://fareharbor.com/embeds/book/wake2wakefl/items/484853/?asn=fhdn&asn-ref=miamistylerentals&ref=miamistylerentals&bookable-only=yes&full-items=yes&marketplace=yes&flow=no,
Coastal Carriages INC,coastalcarriagesinc,pezzacoastalcarriages@gmail.com,3865597388,United States/Florida/St. Augustine,,,503648,Historical Private Horse Carriage Tour,,1,39,450,35,150,300,450,900,https://fareharbor.com/embeds/calendar/coastalcarriagesinc/items/503648/?asn=fhdn&asn-ref=miamistylerentals&ref=miamistylerentals&bookable-only=yes&full-items=yes&marketplace=yes&flow=no,"<script src=""https://fareharbor.com/embeds/script/calendar/coastalcarriagesinc/items/503648/?asn=fhdn&asn-ref=miamistylerentals&ref=miamistylerentals&bookable-only=yes&full-items=yes&marketplace=yes&flow=no""></script>",https://fareharbor.com/embeds/book/coastalcarriagesinc/items/503648/?asn=fhdn&asn-ref=miamistylerentals&ref=miamistylerentals&bookable-only=yes&full-items=yes&marketplace=yes&flow=no,https://cdn.filestackcontent.com/bm8D998iTPGwYbFiihuh
See America Tours,seeamericatours,Seeamericatoursfl@gmail.com,407-342-1569,United States/Florida/St. Augustine,-81.311519,29.897862,508572,Castillo After Dark,,1,39,90,7,30,60,90,180,https://fareharbor.com/embeds/calendar/seeamericatours/items/508572/?asn=fhdn&asn-ref=miamistylerentals&ref=miamistylerentals&bookable-only=yes&full-items=yes&marketplace=yes&flow=no,"<script src=""https://fareharbor.com/embeds/script/calendar/seeamericatours/items/508572/?asn=fhdn&asn-ref=miamistylerentals&ref=miamistylerentals&bookable-only=yes&full-items=yes&marketplace=yes&flow=no""></script>",https://fareharbor.com/embeds/book/seeamericatours/items/508572/?asn=fhdn&asn-ref=miamistylerentals&ref=miamistylerentals&bookable-only=yes&full-items=yes&marketplace=yes&flow=no,https://cdn.filestackcontent.com/GhgO9f57QC6VdhKpjRvV
Wake2Wake,wake2wakefl,wake2wakefl@icloud.com,(904) 994 - 9253,United States/Florida/St. Augustine,-81.285637,29.885918,522574,Private Sunset Cruise,,1,39,177,14,58,111,177,357,https://fareharbor.com/embeds/calendar/wake2wakefl/items/522574/?asn=fhdn&asn-ref=miamistylerentals&ref=miamistylerentals&bookable-only=yes&full-items=yes&marketplace=yes&flow=no,"<script src=""https://fareharbor.com/embeds/script/calendar/wake2wakefl/items/522574/?asn=fhdn&asn-ref=miamistylerentals&ref=miamistylerentals&bookable-only=yes&full-items=yes&marketplace=yes&flow=no""></script>",https://fareharbor.com/embeds/book/wake2wakefl/items/522574/?asn=fhdn&asn-ref=miamistylerentals&ref=miamistylerentals&bookable-only=yes&full-items=yes&marketplace=yes&flow=no,
St. Augustine Eco Tours,staugustineecotours-new,reservations@staugustineecotours.com,904-377-7245,United States/Florida/St. Augustine,,,551538,Salt Marsh Kayak Tour,Kayak,1,39,19,1,3,3,19,108,https://fareharbor.com/embeds/calendar/staugustineecotours-new/items/551538/?asn=fhdn&asn-ref=miamistylerentals&ref=miamistylerentals&bookable-only=yes&full-items=yes&marketplace=yes&flow=no,"<script src=""https://fareharbor.com/embeds/script/calendar/staugustineecotours-new/items/551538/?asn=fhdn&asn-ref=miamistylerentals&ref=miamistylerentals&bookable-only=yes&full-items=yes&marketplace=yes&flow=no""></script>",https://fareharbor.com/embeds/book/staugustineecotours-new/items/551538/?asn=fhdn&asn-ref=miamistylerentals&ref=miamistylerentals&bookable-only=yes&full-items=yes&marketplace=yes&flow=no,
Panda Tours,thepandatours,thepandatourss@gmail.com,(904) 687- 7113,United States/Florida/St. Augustine,,,567349,Churches & Chocolate Tour,Other,1,39,13,1,4,9,13,26,https://fareharbor.com/embeds/calendar/thepandatours/items/567349/?asn=fhdn&asn-ref=miamistylerentals&ref=miamistylerentals&bookable-only=yes&full-items=yes&marketplace=yes&flow=no,"<script src=""https://fareharbor.com/embeds/script/calendar/thepandatours/items/567349/?asn=fhdn&asn-ref=miamistylerentals&ref=miamistylerentals&bookable-only=yes&full-items=yes&marketplace=yes&flow=no""></script>",https://fareharbor.com/embeds/book/thepandatours/items/567349/?asn=fhdn&asn-ref=miamistylerentals&ref=miamistylerentals&bookable-only=yes&full-items=yes&marketplace=yes&flow=no,https://cdn.filestackcontent.com/H7aLxwKYQM2nVjZ1tO2E
Saint Augustine Transfer Company Inc,saintaugustinetransfer,booking@satransfer.com,(904) 293-3471,United States/Florida/St. Augustine,-81.310426,29.891755,581623,The Ghoulish Gourmet Haunted Food Tour,,1,39,39,3,12,26,39,77,https://fareharbor.com/embeds/calendar/saintaugustinetransfer/items/581623/?asn=fhdn&asn-ref=miamistylerentals&ref=miamistylerentals&bookable-only=yes&full-items=yes&marketplace=yes&flow=no,"<script src=""https://fareharbor.com/embeds/script/calendar/saintaugustinetransfer/items/581623/?asn=fhdn&asn-ref=miamistylerentals&ref=miamistylerentals&bookable-only=yes&full-items=yes&marketplace=yes&flow=no""></script>",https://fareharbor.com/embeds/book/saintaugustinetransfer/items/581623/?asn=fhdn&asn-ref=miamistylerentals&ref=miamistylerentals&bookable-only=yes&full-items=yes&marketplace=yes&flow=no,https://cdn.filestackcontent.com/dLRz0eyoSX6BdhuUCBmb
The Tasting Tours,thetastingtours,info@thetastingtours.com,904-325-3911,United States/Florida/Fernandina Beach,,,629522,Amelia Island Flavor Trail (2.2),,4,39,0,0,0,0,0,0,https://fareharbor.com/embeds/calendar/thetastingtours/items/629522/?asn=fhdn&asn-ref=miamistylerentals&ref=miamistylerentals&bookable-only=yes&full-items=yes&marketplace=yes&flow=no,"<script src=""https://fareharbor.com/embeds/script/calendar/thetastingtours/items/629522/?asn=fhdn&asn-ref=miamistylerentals&ref=miamistylerentals&bookable-only=yes&full-items=yes&marketplace=yes&flow=no""></script>",https://fareharbor.com/embeds/book/thetastingtours/items/629522/?asn=fhdn&asn-ref=miamistylerentals&ref=miamistylerentals&bookable-only=yes&full-items=yes&marketplace=yes&flow=no,https://cdn.filestackcontent.com/5xIyupLLQROB99WxlY5b
The Tasting Tours,thetastingtours,info@thetastingtours.com,904-325-3911,United States/Florida/Fernandina Beach,,,629524,Amelia Island Flavor Trail (3.2),,4,39,0,0,0,0,0,0,https://fareharbor.com/embeds/calendar/thetastingtours/items/629524/?asn=fhdn&asn-ref=miamistylerentals&ref=miamistylerentals&bookable-only=yes&full-items=yes&marketplace=yes&flow=no,"<script src=""https://fareharbor.com/embeds/script/calendar/thetastingtours/items/629524/?asn=fhdn&asn-ref=miamistylerentals&ref=miamistylerentals&bookable-only=yes&full-items=yes&marketplace=yes&flow=no""></script>",https://fareharbor.com/embeds/book/thetastingtours/items/629524/?asn=fhdn&asn-ref=miamistylerentals&ref=miamistylerentals&bookable-only=yes&full-items=yes&marketplace=yes&flow=no,https://cdn.filestackcontent.com/TaOQzZkSXGCCWCL4gEGf
Earth Kinship,earthkinship,ayolane@earthkinship.us,904-477-5669,United States/Florida/St. Augustine,-81.310964,29.912034,649334,Castillo de San Marcos Tour,,4,39,0,0,0,0,0,0,https://fareharbor.com/embeds/calendar/earthkinship/items/649334/?asn=fhdn&asn-ref=miamistylerentals&ref=miamistylerentals&bookable-only=yes&full-items=yes&marketplace=yes&flow=no,"<script src=""https://fareharbor.com/embeds/script/calendar/earthkinship/items/649334/?asn=fhdn&asn-ref=miamistylerentals&ref=miamistylerentals&bookable-only=yes&full-items=yes&marketplace=yes&flow=no""></script>",https://fareharbor.com/embeds/book/earthkinship/items/649334/?asn=fhdn&asn-ref=miamistylerentals&ref=miamistylerentals&bookable-only=yes&full-items=yes&marketplace=yes&flow=no,https://cdn.filestackcontent.com/lpC9Wl4nSfKOIdYI3zDF
Forte K9 Training,fortek9training,julietornaboni@gmail.com,7542659034,United States/Florida/St. Augustine,,,661038,In Home Private Training,Other,1,39,140,11,48,94,140,286,https://fareharbor.com/embeds/calendar/fortek9training/items/661038/?asn=fhdn&asn-ref=miamistylerentals&ref=miamistylerentals&bookable-only=yes&full-items=yes&marketplace=yes&flow=no,"<script src=""https://fareharbor.com/embeds/script/calendar/fortek9training/items/661038/?asn=fhdn&asn-ref=miamistylerentals&ref=miamistylerentals&bookable-only=yes&full-items=yes&marketplace=yes&flow=no""></script>",https://fareharbor.com/embeds/book/fortek9training/items/661038/?asn=fhdn&asn-ref=miamistylerentals&ref=miamistylerentals&bookable-only=yes&full-items=yes&marketplace=yes&flow=no,https://cdn.filestackcontent.com/33HkRxDnTWyhgbRqfB10
Ripple Effect Ecotours,rippleeffectecotours,rippleres@gmail.com,(904) 347-1565,United States/Florida/St. Augustine,,,699359,Kayak Marineland Daytime Tour,,1,39,0,0,0,0,0,0,https://fareharbor.com/embeds/calendar/rippleeffectecotours/items/699359/?asn=fhdn&asn-ref=miamistylerentals&ref=miamistylerentals&bookable-only=yes&full-items=yes&marketplace=yes&flow=no,"<script src=""https://fareharbor.com/embeds/script/calendar/rippleeffectecotours/items/699359/?asn=fhdn&asn-ref=miamistylerentals&ref=miamistylerentals&bookable-only=yes&full-items=yes&marketplace=yes&flow=no""></script>",https://fareharbor.com/embeds/book/rippleeffectecotours/items/699359/?asn=fhdn&asn-ref=miamistylerentals&ref=miamistylerentals&bookable-only=yes&full-items=yes&marketplace=yes&flow=no,https://cdn.filestackcontent.com/sMBvLPRVaDhQVJDOukQK
Florida Water Tours,floridawatertour,info@flwatertours.com,904-827-7728,United States/Florida/St. Augustine,,,703032,Private Sunset Cruise,,1,39,82,2,23,52,82,170,https://fareharbor.com/embeds/calendar/floridawatertour/items/703032/?asn=fhdn&asn-ref=miamistylerentals&ref=miamistylerentals&bookable-only=yes&full-items=yes&marketplace=yes&flow=no,"<script src=""https://fareharbor.com/embeds/script/calendar/floridawatertour/items/703032/?asn=fhdn&asn-ref=miamistylerentals&ref=miamistylerentals&bookable-only=yes&full-items=yes&marketplace=yes&flow=no""></script>",https://fareharbor.com/embeds/book/floridawatertour/items/703032/?asn=fhdn&asn-ref=miamistylerentals&ref=miamistylerentals&bookable-only=yes&full-items=yes&marketplace=yes&flow=no,https://cdn.filestackcontent.com/udN6lZYnQObuXfSTd3wQ
The Tasting Tours,thetastingtours,info@thetastingtours.com,904-325-3911,United States/Florida/St. Augustine,,,365507,PRIVATE: Corks & Forks Tour,City Tour-Food Tour-Wine,2,38,2,1,2,2,2,2,https://fareharbor.com/embeds/calendar/thetastingtours/items/365507/?asn=fhdn&asn-ref=miamistylerentals&ref=miamistylerentals&bookable-only=yes&full-items=yes&marketplace=yes&flow=no,"<script src=""https://fareharbor.com/embeds/script/calendar/thetastingtours/items/365507/?asn=fhdn&asn-ref=miamistylerentals&ref=miamistylerentals&bookable-only=yes&full-items=yes&marketplace=yes&flow=no""></script>",https://fareharbor.com/embeds/book/thetastingtours/items/365507/?asn=fhdn&asn-ref=miamistylerentals&ref=miamistylerentals&bookable-only=yes&full-items=yes&marketplace=yes&flow=no,https://cdn.filestackcontent.com/pWJ8ctryQtaXe54Z4ILJ
The Tasting Tours,thetastingtours,info@thetastingtours.com,904-325-3911,United States/Florida/St. Augustine,,,365508,PRIVATE: Wine & Dine Tour,City Tour-Events-Food Tour-Wine,2,38,3,0,2,3,3,2,https://fareharbor.com/embeds/calendar/thetastingtours/items/365508/?asn=fhdn&asn-ref=miamistylerentals&ref=miamistylerentals&bookable-only=yes&full-items=yes&marketplace=yes&flow=no,"<script src=""https://fareharbor.com/embeds/script/calendar/thetastingtours/items/365508/?asn=fhdn&asn-ref=miamistylerentals&ref=miamistylerentals&bookable-only=yes&full-items=yes&marketplace=yes&flow=no""></script>",https://fareharbor.com/embeds/book/thetastingtours/items/365508/?asn=fhdn&asn-ref=miamistylerentals&ref=miamistylerentals&bookable-only=yes&full-items=yes&marketplace=yes&flow=no,https://cdn.filestackcontent.com/h4D2tR3qQXucapPdhJZO
Old City Carriages,oldcitycarriages,oldcitycarriages@gmail.com,9047889229,United States/Florida/St. Augustine,,,645888,Night of Lights Horse-Drawn Carriage Ride,Carriage,1,38,0,0,0,0,0,0,https://fareharbor.com/embeds/calendar/oldcitycarriages/items/645888/?asn=fhdn&asn-ref=miamistylerentals&ref=miamistylerentals&bookable-only=yes&full-items=yes&marketplace=yes&flow=no,"<script src=""https://fareharbor.com/embeds/script/calendar/oldcitycarriages/items/645888/?asn=fhdn&asn-ref=miamistylerentals&ref=miamistylerentals&bookable-only=yes&full-items=yes&marketplace=yes&flow=no""></script>",https://fareharbor.com/embeds/book/oldcitycarriages/items/645888/?asn=fhdn&asn-ref=miamistylerentals&ref=miamistylerentals&bookable-only=yes&full-items=yes&marketplace=yes&flow=no,https://cdn.filestackcontent.com/IeaHFjMKSLM0OsaIBPn5
GhoSt Augustine,ghostaugustine,tours@ghostaugustine.com,904-824-8840,United States/Florida/St. Augustine,,,6066,Total Paranormal St. Augustine,,3,37,0,0,0,0,0,0,https://fareharbor.com/embeds/calendar/ghostaugustine/items/6066/?asn=fhdn&asn-ref=miamistylerentals&ref=miamistylerentals&bookable-only=yes&full-items=yes&marketplace=yes&flow=no,"<script src=""https://fareharbor.com/embeds/script/calendar/ghostaugustine/items/6066/?asn=fhdn&asn-ref=miamistylerentals&ref=miamistylerentals&bookable-only=yes&full-items=yes&marketplace=yes&flow=no""></script>",https://fareharbor.com/embeds/book/ghostaugustine/items/6066/?asn=fhdn&asn-ref=miamistylerentals&ref=miamistylerentals&bookable-only=yes&full-items=yes&marketplace=yes&flow=no,https://cdn.filestackcontent.com/gQ9Mxx0NQvyUenMNznka
St. Augustine Boat Tours,boattoursstaugustine,staugboattours@gmail.com,(904) 687-8297,United States/Florida/St. Augustine,,,8954,Private Boat Tour,Boat Tour,0,37,7,3,6,7,7,6,https://fareharbor.com/embeds/calendar/boattoursstaugustine/items/8954/?asn=fhdn&asn-ref=miamistylerentals&ref=miamistylerentals&bookable-only=yes&full-items=yes&marketplace=yes&flow=no,"<script src=""https://fareharbor.com/embeds/script/calendar/boattoursstaugustine/items/8954/?asn=fhdn&asn-ref=miamistylerentals&ref=miamistylerentals&bookable-only=yes&full-items=yes&marketplace=yes&flow=no""></script>",https://fareharbor.com/embeds/book/boattoursstaugustine/items/8954/?asn=fhdn&asn-ref=miamistylerentals&ref=miamistylerentals&bookable-only=yes&full-items=yes&marketplace=yes&flow=no,https://cdn.filestackcontent.com/1137wb2bSZUCzkcV6VnA
Bluewater Adventure St. Augustine,bluewateradventurestaugustine,bluewateradventurestaugustine@gmail.com,904-460-4004,United States/Florida/St. Augustine,-81.32441,29.883829,174453,Pontoon Rental,,18,37,0,0,0,0,0,0,https://fareharbor.com/embeds/calendar/bluewateradventurestaugustine/items/174453/?asn=fhdn&asn-ref=miamistylerentals&ref=miamistylerentals&bookable-only=yes&full-items=yes&marketplace=yes&flow=no,"<script src=""https://fareharbor.com/embeds/script/calendar/bluewateradventurestaugustine/items/174453/?asn=fhdn&asn-ref=miamistylerentals&ref=miamistylerentals&bookable-only=yes&full-items=yes&marketplace=yes&flow=no""></script>",https://fareharbor.com/embeds/book/bluewateradventurestaugustine/items/174453/?asn=fhdn&asn-ref=miamistylerentals&ref=miamistylerentals&bookable-only=yes&full-items=yes&marketplace=yes&flow=no,https://cdn.filestackcontent.com/77Kh6pdeSRaGFptuW7Ug
The Tasting Tours,thetastingtours,info@thetastingtours.com,904-325-3911,United States/Florida/St. Augustine,,,709420,'Bad Bunny' Easter Rides,,3,37,0,0,0,0,0,0,https://fareharbor.com/embeds/calendar/thetastingtours/items/709420/?asn=fhdn&asn-ref=miamistylerentals&ref=miamistylerentals&bookable-only=yes&full-items=yes&marketplace=yes&flow=no,"<script src=""https://fareharbor.com/embeds/script/calendar/thetastingtours/items/709420/?asn=fhdn&asn-ref=miamistylerentals&ref=miamistylerentals&bookable-only=yes&full-items=yes&marketplace=yes&flow=no""></script>",https://fareharbor.com/embeds/book/thetastingtours/items/709420/?asn=fhdn&asn-ref=miamistylerentals&ref=miamistylerentals&bookable-only=yes&full-items=yes&marketplace=yes&flow=no,https://cdn.filestackcontent.com/ZL2PhN93QzevMJfL1YrW
Florida Water Tours,floridawatertour,info@flwatertours.com,904-827-7728,United States/Florida/St. Augustine,,,646027,Reggae Sunset Cruise,,2,36,13,1,4,8,13,13,https://fareharbor.com/embeds/calendar/floridawatertour/items/646027/?asn=fhdn&asn-ref=miamistylerentals&ref=miamistylerentals&bookable-only=yes&full-items=yes&marketplace=yes&flow=no,"<script src=""https://fareharbor.com/embeds/script/calendar/floridawatertour/items/646027/?asn=fhdn&asn-ref=miamistylerentals&ref=miamistylerentals&bookable-only=yes&full-items=yes&marketplace=yes&flow=no""></script>",https://fareharbor.com/embeds/book/floridawatertour/items/646027/?asn=fhdn&asn-ref=miamistylerentals&ref=miamistylerentals&bookable-only=yes&full-items=yes&marketplace=yes&flow=no,https://cdn.filestackcontent.com/YHIrki8nSN6eol9sxo8R
Seaside Adventures,seasideadventures,info@seasideadventures.com,904 923 1010,United States/Florida/St. Augustine,,,730452,Parking,,0,36,5760,448,1920,3840,5760,6848,https://fareharbor.com/embeds/calendar/seasideadventures/items/730452/?asn=fhdn&asn-ref=miamistylerentals&ref=miamistylerentals&bookable-only=yes&full-items=yes&marketplace=yes&flow=no,"<script src=""https://fareharbor.com/embeds/script/calendar/seasideadventures/items/730452/?asn=fhdn&asn-ref=miamistylerentals&ref=miamistylerentals&bookable-only=yes&full-items=yes&marketplace=yes&flow=no""></script>",https://fareharbor.com/embeds/book/seasideadventures/items/730452/?asn=fhdn&asn-ref=miamistylerentals&ref=miamistylerentals&bookable-only=yes&full-items=yes&marketplace=yes&flow=no,
Going Coastal Boat Tours,piaandme,goingcoastalboattours@gmail.com,(904) 295-7400,United States/Florida/St. Augustine,,,47678,Simply  St Augustine Boat Tour,,5,35,0,0,0,0,0,0,https://fareharbor.com/embeds/calendar/piaandme/items/47678/?asn=fhdn&asn-ref=miamistylerentals&ref=miamistylerentals&bookable-only=yes&full-items=yes&marketplace=yes&flow=no,"<script src=""https://fareharbor.com/embeds/script/calendar/piaandme/items/47678/?asn=fhdn&asn-ref=miamistylerentals&ref=miamistylerentals&bookable-only=yes&full-items=yes&marketplace=yes&flow=no""></script>",https://fareharbor.com/embeds/book/piaandme/items/47678/?asn=fhdn&asn-ref=miamistylerentals&ref=miamistylerentals&bookable-only=yes&full-items=yes&marketplace=yes&flow=no,https://cdn.filestackcontent.com/qOjjLniSTNecG1MYzRgA
Going Coastal Boat Tours,piaandme,goingcoastalboattours@gmail.com,(904) 295-7400,United States/Florida/St. Augustine,,,47680,Sunset Cruise,,6,35,0,0,0,0,0,0,https://fareharbor.com/embeds/calendar/piaandme/items/47680/?asn=fhdn&asn-ref=miamistylerentals&ref=miamistylerentals&bookable-only=yes&full-items=yes&marketplace=yes&flow=no,"<script src=""https://fareharbor.com/embeds/script/calendar/piaandme/items/47680/?asn=fhdn&asn-ref=miamistylerentals&ref=miamistylerentals&bookable-only=yes&full-items=yes&marketplace=yes&flow=no""></script>",https://fareharbor.com/embeds/book/piaandme/items/47680/?asn=fhdn&asn-ref=miamistylerentals&ref=miamistylerentals&bookable-only=yes&full-items=yes&marketplace=yes&flow=no,https://cdn.filestackcontent.com/uoiueMT7QM2dNC9XwYIe
Going Coastal Boat Tours,piaandme,goingcoastalboattours@gmail.com,(904) 295-7400,United States/Florida/St. Augustine,,,47683,Twilight Cruise,,6,35,0,0,0,0,0,0,https://fareharbor.com/embeds/calendar/piaandme/items/47683/?asn=fhdn&asn-ref=miamistylerentals&ref=miamistylerentals&bookable-only=yes&full-items=yes&marketplace=yes&flow=no,"<script src=""https://fareharbor.com/embeds/script/calendar/piaandme/items/47683/?asn=fhdn&asn-ref=miamistylerentals&ref=miamistylerentals&bookable-only=yes&full-items=yes&marketplace=yes&flow=no""></script>",https://fareharbor.com/embeds/book/piaandme/items/47683/?asn=fhdn&asn-ref=miamistylerentals&ref=miamistylerentals&bookable-only=yes&full-items=yes&marketplace=yes&flow=no,https://cdn.filestackcontent.com/2h2X7mnT1SXMYFOimaLx
St Augustine Sailing,sta-sail,sas@sta-sail.com,(904) 829-0648,United States/Florida/St. Augustine,,,59787,ASA 118 - Docking Endorsement,Sailing,0,35,13,1,5,9,13,26,https://fareharbor.com/embeds/calendar/sta-sail/items/59787/?asn=fhdn&asn-ref=miamistylerentals&ref=miamistylerentals&bookable-only=yes&full-items=yes&marketplace=yes&flow=no,"<script src=""https://fareharbor.com/embeds/script/calendar/sta-sail/items/59787/?asn=fhdn&asn-ref=miamistylerentals&ref=miamistylerentals&bookable-only=yes&full-items=yes&marketplace=yes&flow=no""></script>",https://fareharbor.com/embeds/book/sta-sail/items/59787/?asn=fhdn&asn-ref=miamistylerentals&ref=miamistylerentals&bookable-only=yes&full-items=yes&marketplace=yes&flow=no,https://cdn.filestackcontent.com/wf3cmHiHSbysjtzNlh4m
Bluewater Adventure St. Augustine,bluewateradventurestaugustine,bluewateradventurestaugustine@gmail.com,904-460-4004,United States/Florida/St. Augustine,-81.32441,29.883829,60412,St. Augustine Catamaran Tour,,17,35,0,0,0,0,0,0,https://fareharbor.com/embeds/calendar/bluewateradventurestaugustine/items/60412/?asn=fhdn&asn-ref=miamistylerentals&ref=miamistylerentals&bookable-only=yes&full-items=yes&marketplace=yes&flow=no,"<script src=""https://fareharbor.com/embeds/script/calendar/bluewateradventurestaugustine/items/60412/?asn=fhdn&asn-ref=miamistylerentals&ref=miamistylerentals&bookable-only=yes&full-items=yes&marketplace=yes&flow=no""></script>",https://fareharbor.com/embeds/book/bluewateradventurestaugustine/items/60412/?asn=fhdn&asn-ref=miamistylerentals&ref=miamistylerentals&bookable-only=yes&full-items=yes&marketplace=yes&flow=no,https://cdn.filestackcontent.com/iJkkbUHnSC6wvKZuiPbS
Going Coastal Boat Tours,piaandme,goingcoastalboattours@gmail.com,(904) 295-7400,United States/Florida/St. Augustine,,,67843,Nights of Lights Cruise,,7,35,0,0,0,0,0,0,https://fareharbor.com/embeds/calendar/piaandme/items/67843/?asn=fhdn&asn-ref=miamistylerentals&ref=miamistylerentals&bookable-only=yes&full-items=yes&marketplace=yes&flow=no,"<script src=""https://fareharbor.com/embeds/script/calendar/piaandme/items/67843/?asn=fhdn&asn-ref=miamistylerentals&ref=miamistylerentals&bookable-only=yes&full-items=yes&marketplace=yes&flow=no""></script>",https://fareharbor.com/embeds/book/piaandme/items/67843/?asn=fhdn&asn-ref=miamistylerentals&ref=miamistylerentals&bookable-only=yes&full-items=yes&marketplace=yes&flow=no,https://cdn.filestackcontent.com/iLvm3bHRRvO2ZARxuwZ1
Red Boat Water Tours,redboatwatertours,info@redboattours.com,904-436-3566,United States/Florida/St. Augustine,,,80936,World Famous Nights of Lights - Red Boat Tours,,5,35,0,0,0,0,0,0,https://fareharbor.com/embeds/calendar/redboatwatertours/items/80936/?asn=fhdn&asn-ref=miamistylerentals&ref=miamistylerentals&bookable-only=yes&full-items=yes&marketplace=yes&flow=no,"<script src=""https://fareharbor.com/embeds/script/calendar/redboatwatertours/items/80936/?asn=fhdn&asn-ref=miamistylerentals&ref=miamistylerentals&bookable-only=yes&full-items=yes&marketplace=yes&flow=no""></script>",https://fareharbor.com/embeds/book/redboatwatertours/items/80936/?asn=fhdn&asn-ref=miamistylerentals&ref=miamistylerentals&bookable-only=yes&full-items=yes&marketplace=yes&flow=no,https://cdn.filestackcontent.com/OyTbIExtQjuJG14ujiLd
Anastasia Watersports,anastasiawatersports,info@AnastasiaWatersports.com,904-460-9111,United States/Florida/St. Augustine,,,119942,Sea Turtle Pavilion,,1,35,89,7,29,59,89,179,https://fareharbor.com/embeds/calendar/anastasiawatersports/items/119942/?asn=fhdn&asn-ref=miamistylerentals&ref=miamistylerentals&bookable-only=yes&full-items=yes&marketplace=yes&flow=no,"<script src=""https://fareharbor.com/embeds/script/calendar/anastasiawatersports/items/119942/?asn=fhdn&asn-ref=miamistylerentals&ref=miamistylerentals&bookable-only=yes&full-items=yes&marketplace=yes&flow=no""></script>",https://fareharbor.com/embeds/book/anastasiawatersports/items/119942/?asn=fhdn&asn-ref=miamistylerentals&ref=miamistylerentals&bookable-only=yes&full-items=yes&marketplace=yes&flow=no,https://cdn.filestackcontent.com/nuq6Rf9tSGre9wM3Q6gG
Going Coastal Boat Tours,piaandme,goingcoastalboattours@gmail.com,(904) 295-7400,United States/Florida/St. Augustine,,,134083,Nights of Lights / Sunset Cruise,,6,35,0,0,0,0,0,0,https://fareharbor.com/embeds/calendar/piaandme/items/134083/?asn=fhdn&asn-ref=miamistylerentals&ref=miamistylerentals&bookable-only=yes&full-items=yes&marketplace=yes&flow=no,"<script src=""https://fareharbor.com/embeds/script/calendar/piaandme/items/134083/?asn=fhdn&asn-ref=miamistylerentals&ref=miamistylerentals&bookable-only=yes&full-items=yes&marketplace=yes&flow=no""></script>",https://fareharbor.com/embeds/book/piaandme/items/134083/?asn=fhdn&asn-ref=miamistylerentals&ref=miamistylerentals&bookable-only=yes&full-items=yes&marketplace=yes&flow=no,https://cdn.filestackcontent.com/niWAaXjoRUO6HjhWz86i
Going Coastal Boat Tours,piaandme,goingcoastalboattours@gmail.com,(904) 295-7400,United States/Florida/St. Augustine,,,145184,Romance Package,,14,35,0,0,0,0,0,0,https://fareharbor.com/embeds/calendar/piaandme/items/145184/?asn=fhdn&asn-ref=miamistylerentals&ref=miamistylerentals&bookable-only=yes&full-items=yes&marketplace=yes&flow=no,"<script src=""https://fareharbor.com/embeds/script/calendar/piaandme/items/145184/?asn=fhdn&asn-ref=miamistylerentals&ref=miamistylerentals&bookable-only=yes&full-items=yes&marketplace=yes&flow=no""></script>",https://fareharbor.com/embeds/book/piaandme/items/145184/?asn=fhdn&asn-ref=miamistylerentals&ref=miamistylerentals&bookable-only=yes&full-items=yes&marketplace=yes&flow=no,https://cdn.filestackcontent.com/ViHOCQQBS82oyeFgx0Zy
Going Coastal Boat Tours,piaandme,goingcoastalboattours@gmail.com,(904) 295-7400,United States/Florida/St. Augustine,,,164850,July 4th Fireworks Cruise,,6,35,0,0,0,0,0,0,https://fareharbor.com/embeds/calendar/piaandme/items/164850/?asn=fhdn&asn-ref=miamistylerentals&ref=miamistylerentals&bookable-only=yes&full-items=yes&marketplace=yes&flow=no,"<script src=""https://fareharbor.com/embeds/script/calendar/piaandme/items/164850/?asn=fhdn&asn-ref=miamistylerentals&ref=miamistylerentals&bookable-only=yes&full-items=yes&marketplace=yes&flow=no""></script>",https://fareharbor.com/embeds/book/piaandme/items/164850/?asn=fhdn&asn-ref=miamistylerentals&ref=miamistylerentals&bookable-only=yes&full-items=yes&marketplace=yes&flow=no,https://cdn.filestackcontent.com/1CkdC00eTFiAyzwL2YQG
Going Coastal Boat Tours,piaandme,goingcoastalboattours@gmail.com,(904) 295-7400,United States/Florida/St. Augustine,,,165290,Boat Parade/Holiday Regatta of Lights,,5,35,0,0,0,0,0,0,https://fareharbor.com/embeds/calendar/piaandme/items/165290/?asn=fhdn&asn-ref=miamistylerentals&ref=miamistylerentals&bookable-only=yes&full-items=yes&marketplace=yes&flow=no,"<script src=""https://fareharbor.com/embeds/script/calendar/piaandme/items/165290/?asn=fhdn&asn-ref=miamistylerentals&ref=miamistylerentals&bookable-only=yes&full-items=yes&marketplace=yes&flow=no""></script>",https://fareharbor.com/embeds/book/piaandme/items/165290/?asn=fhdn&asn-ref=miamistylerentals&ref=miamistylerentals&bookable-only=yes&full-items=yes&marketplace=yes&flow=no,https://cdn.filestackcontent.com/u5bNFYhmQCyIKN54CnCZ
A Night Among Ghosts,theoddmacabrecompany,anightamongghosts@gmail.com,904-788-5537,United States/Florida/St. Augustine,,,249757,Buried History,,5,35,0,0,0,0,0,0,https://fareharbor.com/embeds/calendar/theoddmacabrecompany/items/249757/?asn=fhdn&asn-ref=miamistylerentals&ref=miamistylerentals&bookable-only=yes&full-items=yes&marketplace=yes&flow=no,"<script src=""https://fareharbor.com/embeds/script/calendar/theoddmacabrecompany/items/249757/?asn=fhdn&asn-ref=miamistylerentals&ref=miamistylerentals&bookable-only=yes&full-items=yes&marketplace=yes&flow=no""></script>",https://fareharbor.com/embeds/book/theoddmacabrecompany/items/249757/?asn=fhdn&asn-ref=miamistylerentals&ref=miamistylerentals&bookable-only=yes&full-items=yes&marketplace=yes&flow=no,https://cdn.filestackcontent.com/2tN77WndR4KxRZ0l7Mgr
Saint City Scooters,saintcityscooters,saintcityscooters@gmail.com,904.337.9039,United States/Florida/St. Augustine,,,295476,Scooter Rental,,5,35,0,0,0,0,0,0,https://fareharbor.com/embeds/calendar/saintcityscooters/items/295476/?asn=fhdn&asn-ref=miamistylerentals&ref=miamistylerentals&bookable-only=yes&full-items=yes&marketplace=yes&flow=no,"<script src=""https://fareharbor.com/embeds/script/calendar/saintcityscooters/items/295476/?asn=fhdn&asn-ref=miamistylerentals&ref=miamistylerentals&bookable-only=yes&full-items=yes&marketplace=yes&flow=no""></script>",https://fareharbor.com/embeds/book/saintcityscooters/items/295476/?asn=fhdn&asn-ref=miamistylerentals&ref=miamistylerentals&bookable-only=yes&full-items=yes&marketplace=yes&flow=no,https://cdn.filestackcontent.com/tGJUiJoER8qkXYUWPR1E
Freeedom Adventures and Photography LLC,freeedomphotography,FreeedomAdventures@gmail.com,904-903-6125,United States/Florida/St. Augustine,-81.312892,29.892843,495094,Night Adventures! St. Augustine,,15,35,0,0,0,0,0,0,https://fareharbor.com/embeds/calendar/freeedomphotography/items/495094/?asn=fhdn&asn-ref=miamistylerentals&ref=miamistylerentals&bookable-only=yes&full-items=yes&marketplace=yes&flow=no,"<script src=""https://fareharbor.com/embeds/script/calendar/freeedomphotography/items/495094/?asn=fhdn&asn-ref=miamistylerentals&ref=miamistylerentals&bookable-only=yes&full-items=yes&marketplace=yes&flow=no""></script>",https://fareharbor.com/embeds/book/freeedomphotography/items/495094/?asn=fhdn&asn-ref=miamistylerentals&ref=miamistylerentals&bookable-only=yes&full-items=yes&marketplace=yes&flow=no,https://cdn.filestackcontent.com/ZTjH0DNASxSuLCcLkM2K
Freeedom Adventures and Photography LLC,freeedomphotography,FreeedomAdventures@gmail.com,904-903-6125,United States/Florida/St. Augustine,-81.31281,29.892225,553659,Kid's Pirate Adventure Experience,,17,35,0,0,0,0,0,0,https://fareharbor.com/embeds/calendar/freeedomphotography/items/553659/?asn=fhdn&asn-ref=miamistylerentals&ref=miamistylerentals&bookable-only=yes&full-items=yes&marketplace=yes&flow=no,"<script src=""https://fareharbor.com/embeds/script/calendar/freeedomphotography/items/553659/?asn=fhdn&asn-ref=miamistylerentals&ref=miamistylerentals&bookable-only=yes&full-items=yes&marketplace=yes&flow=no""></script>",https://fareharbor.com/embeds/book/freeedomphotography/items/553659/?asn=fhdn&asn-ref=miamistylerentals&ref=miamistylerentals&bookable-only=yes&full-items=yes&marketplace=yes&flow=no,https://cdn.filestackcontent.com/rNXOaaG4Qh6vUk2KKiZ0
Fury Water Adventures - St. Augustine,furystaug,reservations@furystaug.com,(844) 831-5397,United States/Florida/St. Augustine,,,566161,Live Music Sunset Sail & Nights of Lights Viewing,,4,35,0,0,0,0,0,0,https://fareharbor.com/embeds/calendar/furystaug/items/566161/?asn=fhdn&asn-ref=miamistylerentals&ref=miamistylerentals&bookable-only=yes&full-items=yes&marketplace=yes&flow=no,"<script src=""https://fareharbor.com/embeds/script/calendar/furystaug/items/566161/?asn=fhdn&asn-ref=miamistylerentals&ref=miamistylerentals&bookable-only=yes&full-items=yes&marketplace=yes&flow=no""></script>",https://fareharbor.com/embeds/book/furystaug/items/566161/?asn=fhdn&asn-ref=miamistylerentals&ref=miamistylerentals&bookable-only=yes&full-items=yes&marketplace=yes&flow=no,
A Night Among Ghosts,theoddmacabrecompany,anightamongghosts@gmail.com,904-788-5537,United States/Florida/St. Augustine,,,587934,Mobile Candle Party,,9,35,0,0,0,0,0,0,https://fareharbor.com/embeds/calendar/theoddmacabrecompany/items/587934/?asn=fhdn&asn-ref=miamistylerentals&ref=miamistylerentals&bookable-only=yes&full-items=yes&marketplace=yes&flow=no,"<script src=""https://fareharbor.com/embeds/script/calendar/theoddmacabrecompany/items/587934/?asn=fhdn&asn-ref=miamistylerentals&ref=miamistylerentals&bookable-only=yes&full-items=yes&marketplace=yes&flow=no""></script>",https://fareharbor.com/embeds/book/theoddmacabrecompany/items/587934/?asn=fhdn&asn-ref=miamistylerentals&ref=miamistylerentals&bookable-only=yes&full-items=yes&marketplace=yes&flow=no,https://cdn.filestackcontent.com/QdRlZcquTk6bq4CYiwAJ
St Augustine Sailing,sta-sail,sas@sta-sail.com,(904) 829-0648,United States/Florida/St. Augustine,,,597297,ASA 102 - Basic Keelboat Sailing,,0,35,39,3,13,26,39,77,https://fareharbor.com/embeds/calendar/sta-sail/items/597297/?asn=fhdn&asn-ref=miamistylerentals&ref=miamistylerentals&bookable-only=yes&full-items=yes&marketplace=yes&flow=no,"<script src=""https://fareharbor.com/embeds/script/calendar/sta-sail/items/597297/?asn=fhdn&asn-ref=miamistylerentals&ref=miamistylerentals&bookable-only=yes&full-items=yes&marketplace=yes&flow=no""></script>",https://fareharbor.com/embeds/book/sta-sail/items/597297/?asn=fhdn&asn-ref=miamistylerentals&ref=miamistylerentals&bookable-only=yes&full-items=yes&marketplace=yes&flow=no,https://cdn.filestackcontent.com/awiaXgjQQBO8WHjjt4Uu
A Night Among Ghosts,theoddmacabrecompany,anightamongghosts@gmail.com,904-788-5537,United States/Florida/St. Augustine,,,730936,Investigative Walk,,0,35,13,2,6,12,13,14,https://fareharbor.com/embeds/calendar/theoddmacabrecompany/items/730936/?asn=fhdn&asn-ref=miamistylerentals&ref=miamistylerentals&bookable-only=yes&full-items=yes&marketplace=yes&flow=no,"<script src=""https://fareharbor.com/embeds/script/calendar/theoddmacabrecompany/items/730936/?asn=fhdn&asn-ref=miamistylerentals&ref=miamistylerentals&bookable-only=yes&full-items=yes&marketplace=yes&flow=no""></script>",https://fareharbor.com/embeds/book/theoddmacabrecompany/items/730936/?asn=fhdn&asn-ref=miamistylerentals&ref=miamistylerentals&bookable-only=yes&full-items=yes&marketplace=yes&flow=no,
St Augustine Sailing,sta-sail,sas@sta-sail.com,(904) 829-0648,United States/Florida/St. Augustine,,,43464,ASA 101/103,Sailing,1,34,3,0,3,3,3,4,https://fareharbor.com/embeds/calendar/sta-sail/items/43464/?asn=fhdn&asn-ref=miamistylerentals&ref=miamistylerentals&bookable-only=yes&full-items=yes&marketplace=yes&flow=no,"<script src=""https://fareharbor.com/embeds/script/calendar/sta-sail/items/43464/?asn=fhdn&asn-ref=miamistylerentals&ref=miamistylerentals&bookable-only=yes&full-items=yes&marketplace=yes&flow=no""></script>",https://fareharbor.com/embeds/book/sta-sail/items/43464/?asn=fhdn&asn-ref=miamistylerentals&ref=miamistylerentals&bookable-only=yes&full-items=yes&marketplace=yes&flow=no,https://cdn.filestackcontent.com/y2hc02EoRyOIdc1djAi0
Anastasia Watersports,anastasiawatersports,info@AnastasiaWatersports.com,904-460-9111,United States/Florida/St. Augustine,,,98322,Bike Rentals,,1,34,1170,91,390,780,1170,2340,https://fareharbor.com/embeds/calendar/anastasiawatersports/items/98322/?asn=fhdn&asn-ref=miamistylerentals&ref=miamistylerentals&bookable-only=yes&full-items=yes&marketplace=yes&flow=no,"<script src=""https://fareharbor.com/embeds/script/calendar/anastasiawatersports/items/98322/?asn=fhdn&asn-ref=miamistylerentals&ref=miamistylerentals&bookable-only=yes&full-items=yes&marketplace=yes&flow=no""></script>",https://fareharbor.com/embeds/book/anastasiawatersports/items/98322/?asn=fhdn&asn-ref=miamistylerentals&ref=miamistylerentals&bookable-only=yes&full-items=yes&marketplace=yes&flow=no,https://cdn.filestackcontent.com/hDppbzMQtWLIuF2E4k8Q
Sea Love Charters,sealovefishing,sealovecharters@gmail.com,904-824-3328,United States/Florida/St. Augustine,,,293366,Full Day Fishing,,1,34,28,4,10,20,28,53,https://fareharbor.com/embeds/calendar/sealovefishing/items/293366/?asn=fhdn&asn-ref=miamistylerentals&ref=miamistylerentals&bookable-only=yes&full-items=yes&marketplace=yes&flow=no,"<script src=""https://fareharbor.com/embeds/script/calendar/sealovefishing/items/293366/?asn=fhdn&asn-ref=miamistylerentals&ref=miamistylerentals&bookable-only=yes&full-items=yes&marketplace=yes&flow=no""></script>",https://fareharbor.com/embeds/book/sealovefishing/items/293366/?asn=fhdn&asn-ref=miamistylerentals&ref=miamistylerentals&bookable-only=yes&full-items=yes&marketplace=yes&flow=no,https://cdn.filestackcontent.com/OyTUt1uRxWUQL35vdAQw
Sea Love Charters,sealovefishing,sealovecharters@gmail.com,904-824-3328,United States/Florida/St. Augustine,,,293443,Burial At Sea,,1,34,180,14,60,120,180,360,https://fareharbor.com/embeds/calendar/sealovefishing/items/293443/?asn=fhdn&asn-ref=miamistylerentals&ref=miamistylerentals&bookable-only=yes&full-items=yes&marketplace=yes&flow=no,"<script src=""https://fareharbor.com/embeds/script/calendar/sealovefishing/items/293443/?asn=fhdn&asn-ref=miamistylerentals&ref=miamistylerentals&bookable-only=yes&full-items=yes&marketplace=yes&flow=no""></script>",https://fareharbor.com/embeds/book/sealovefishing/items/293443/?asn=fhdn&asn-ref=miamistylerentals&ref=miamistylerentals&bookable-only=yes&full-items=yes&marketplace=yes&flow=no,https://cdn.filestackcontent.com/yTaODqcQduDN5CmL1uEI
St Augustine Sailing,sta-sail,sas@sta-sail.com,(904) 829-0648,United States/Florida/St. Augustine,,,325277,ASA 105 COASTAL NAVIGATION -  IN CLASS ROOM,Sailing,1,34,3,0,1,2,3,6,https://fareharbor.com/embeds/calendar/sta-sail/items/325277/?asn=fhdn&asn-ref=miamistylerentals&ref=miamistylerentals&bookable-only=yes&full-items=yes&marketplace=yes&flow=no,"<script src=""https://fareharbor.com/embeds/script/calendar/sta-sail/items/325277/?asn=fhdn&asn-ref=miamistylerentals&ref=miamistylerentals&bookable-only=yes&full-items=yes&marketplace=yes&flow=no""></script>",https://fareharbor.com/embeds/book/sta-sail/items/325277/?asn=fhdn&asn-ref=miamistylerentals&ref=miamistylerentals&bookable-only=yes&full-items=yes&marketplace=yes&flow=no,https://cdn.filestackcontent.com/K7PmOI2QM2K84pDCnS9A
Sabrage St. Augustine,sabragestaugustine,charters@sabragestaugustine.com,(904) 310-4999,United States/Florida/St. Augustine,,,615941,Private Charters,Boat Tour,2,34,0,0,0,0,0,0,https://fareharbor.com/embeds/calendar/sabragestaugustine/items/615941/?asn=fhdn&asn-ref=miamistylerentals&ref=miamistylerentals&bookable-only=yes&full-items=yes&marketplace=yes&flow=no,"<script src=""https://fareharbor.com/embeds/script/calendar/sabragestaugustine/items/615941/?asn=fhdn&asn-ref=miamistylerentals&ref=miamistylerentals&bookable-only=yes&full-items=yes&marketplace=yes&flow=no""></script>",https://fareharbor.com/embeds/book/sabragestaugustine/items/615941/?asn=fhdn&asn-ref=miamistylerentals&ref=miamistylerentals&bookable-only=yes&full-items=yes&marketplace=yes&flow=no,https://cdn.filestackcontent.com/A8APjgS4R6yV9NK1mpQh
St Augustine Sailing,sta-sail,sas@sta-sail.com,(904) 829-0648,United States/Florida/St. Augustine,,,633149,SailTime- Zephyr,,1,34,180,14,60,120,180,360,https://fareharbor.com/embeds/calendar/sta-sail/items/633149/?asn=fhdn&asn-ref=miamistylerentals&ref=miamistylerentals&bookable-only=yes&full-items=yes&marketplace=yes&flow=no,"<script src=""https://fareharbor.com/embeds/script/calendar/sta-sail/items/633149/?asn=fhdn&asn-ref=miamistylerentals&ref=miamistylerentals&bookable-only=yes&full-items=yes&marketplace=yes&flow=no""></script>",https://fareharbor.com/embeds/book/sta-sail/items/633149/?asn=fhdn&asn-ref=miamistylerentals&ref=miamistylerentals&bookable-only=yes&full-items=yes&marketplace=yes&flow=no,https://cdn.filestackcontent.com/ugutT33RTMSBQfOjOCpK
Anastasia Watersports,anastasiawatersports,info@AnastasiaWatersports.com,904-460-9111,United States/Florida/St. Augustine,,,723250,1 Hour Paddle Sports Rental,,1,34,1440,112,480,960,1440,2880,https://fareharbor.com/embeds/calendar/anastasiawatersports/items/723250/?asn=fhdn&asn-ref=miamistylerentals&ref=miamistylerentals&bookable-only=yes&full-items=yes&marketplace=yes&flow=no,"<script src=""https://fareharbor.com/embeds/script/calendar/anastasiawatersports/items/723250/?asn=fhdn&asn-ref=miamistylerentals&ref=miamistylerentals&bookable-only=yes&full-items=yes&marketplace=yes&flow=no""></script>",https://fareharbor.com/embeds/book/anastasiawatersports/items/723250/?asn=fhdn&asn-ref=miamistylerentals&ref=miamistylerentals&bookable-only=yes&full-items=yes&marketplace=yes&flow=no,
Jax Cruise,tikilacruise,Jaxcruiseinfo@gmail.com,9046511161,United States/Florida/Palm Valley,,,726044,Family Fun Boat Cruise,,3,34,0,0,0,0,0,0,https://fareharbor.com/embeds/calendar/tikilacruise/items/726044/?asn=fhdn&asn-ref=miamistylerentals&ref=miamistylerentals&bookable-only=yes&full-items=yes&marketplace=yes&flow=no,"<script src=""https://fareharbor.com/embeds/script/calendar/tikilacruise/items/726044/?asn=fhdn&asn-ref=miamistylerentals&ref=miamistylerentals&bookable-only=yes&full-items=yes&marketplace=yes&flow=no""></script>",https://fareharbor.com/embeds/book/tikilacruise/items/726044/?asn=fhdn&asn-ref=miamistylerentals&ref=miamistylerentals&bookable-only=yes&full-items=yes&marketplace=yes&flow=no,https://cdn.filestackcontent.com/8hO6Lc5RC2adzDYiK24B
Anastasia Watersports,anastasiawatersports,info@AnastasiaWatersports.com,904-460-9111,United States/Florida/St. Augustine,,,98313,Half Day Beach Rentals,,1,33,630,49,210,420,630,1059,https://fareharbor.com/embeds/calendar/anastasiawatersports/items/98313/?asn=fhdn&asn-ref=miamistylerentals&ref=miamistylerentals&bookable-only=yes&full-items=yes&marketplace=yes&flow=no,"<script src=""https://fareharbor.com/embeds/script/calendar/anastasiawatersports/items/98313/?asn=fhdn&asn-ref=miamistylerentals&ref=miamistylerentals&bookable-only=yes&full-items=yes&marketplace=yes&flow=no""></script>",https://fareharbor.com/embeds/book/anastasiawatersports/items/98313/?asn=fhdn&asn-ref=miamistylerentals&ref=miamistylerentals&bookable-only=yes&full-items=yes&marketplace=yes&flow=no,https://cdn.filestackcontent.com/OPHSIYNsQP6whJC4LoSL
Anastasia Watersports,anastasiawatersports,info@AnastasiaWatersports.com,904-460-9111,United States/Florida/St. Augustine,,,98319,Full Day Beach Rentals,,1,33,90,7,30,60,90,180,https://fareharbor.com/embeds/calendar/anastasiawatersports/items/98319/?asn=fhdn&asn-ref=miamistylerentals&ref=miamistylerentals&bookable-only=yes&full-items=yes&marketplace=yes&flow=no,"<script src=""https://fareharbor.com/embeds/script/calendar/anastasiawatersports/items/98319/?asn=fhdn&asn-ref=miamistylerentals&ref=miamistylerentals&bookable-only=yes&full-items=yes&marketplace=yes&flow=no""></script>",https://fareharbor.com/embeds/book/anastasiawatersports/items/98319/?asn=fhdn&asn-ref=miamistylerentals&ref=miamistylerentals&bookable-only=yes&full-items=yes&marketplace=yes&flow=no,https://cdn.filestackcontent.com/MRNZoAq8RaW8KJ8IL9Y3
Pirates of St. Augustine,piratesofstaugistine,blackravenadventures@gmail.com,(904) 826-0000,United States/Florida/St. Augustine,,,265259,Nights of Lights,Boat Tour,2,33,0,0,0,0,0,0,https://fareharbor.com/embeds/calendar/piratesofstaugistine/items/265259/?asn=fhdn&asn-ref=miamistylerentals&ref=miamistylerentals&bookable-only=yes&full-items=yes&marketplace=yes&flow=no,"<script src=""https://fareharbor.com/embeds/script/calendar/piratesofstaugistine/items/265259/?asn=fhdn&asn-ref=miamistylerentals&ref=miamistylerentals&bookable-only=yes&full-items=yes&marketplace=yes&flow=no""></script>",https://fareharbor.com/embeds/book/piratesofstaugistine/items/265259/?asn=fhdn&asn-ref=miamistylerentals&ref=miamistylerentals&bookable-only=yes&full-items=yes&marketplace=yes&flow=no,https://cdn.filestackcontent.com/2YkJjfTgQCid4py0i67f
Florida Water Tours,floridawatertour,info@flwatertours.com,904-827-7728,United States/Florida/St. Augustine,,,291707,July 4th Fireworks Over The Matanzas - Island Breeze,Boat Tour,2,33,0,0,0,0,0,0,https://fareharbor.com/embeds/calendar/floridawatertour/items/291707/?asn=fhdn&asn-ref=miamistylerentals&ref=miamistylerentals&bookable-only=yes&full-items=yes&marketplace=yes&flow=no,"<script src=""https://fareharbor.com/embeds/script/calendar/floridawatertour/items/291707/?asn=fhdn&asn-ref=miamistylerentals&ref=miamistylerentals&bookable-only=yes&full-items=yes&marketplace=yes&flow=no""></script>",https://fareharbor.com/embeds/book/floridawatertour/items/291707/?asn=fhdn&asn-ref=miamistylerentals&ref=miamistylerentals&bookable-only=yes&full-items=yes&marketplace=yes&flow=no,https://cdn.filestackcontent.com/ttsaLnG6SuSr26nTeDhG
St Augustine Sailing,sta-sail,sas@sta-sail.com,(904) 829-0648,United States/Florida/St. Augustine,,,336155,Shared Nights of Lights Tour,Sailing,2,33,0,0,0,0,0,0,https://fareharbor.com/embeds/calendar/sta-sail/items/336155/?asn=fhdn&asn-ref=miamistylerentals&ref=miamistylerentals&bookable-only=yes&full-items=yes&marketplace=yes&flow=no,"<script src=""https://fareharbor.com/embeds/script/calendar/sta-sail/items/336155/?asn=fhdn&asn-ref=miamistylerentals&ref=miamistylerentals&bookable-only=yes&full-items=yes&marketplace=yes&flow=no""></script>",https://fareharbor.com/embeds/book/sta-sail/items/336155/?asn=fhdn&asn-ref=miamistylerentals&ref=miamistylerentals&bookable-only=yes&full-items=yes&marketplace=yes&flow=no,https://cdn.filestackcontent.com/utVMnVdMQZuL8YeB1dUM
St. Augustine Experiences,oldcitybeertours,hello@staexp.com,+1 904 599 7391,United States/Florida/St. Augustine,,,356427,Dining At Twilight: A Wine & Culinary Experience,City Tour-Food Tour-History Tour-Wine,2,33,0,0,0,0,0,0,https://fareharbor.com/embeds/calendar/oldcitybeertours/items/356427/?asn=fhdn&asn-ref=miamistylerentals&ref=miamistylerentals&bookable-only=yes&full-items=yes&marketplace=yes&flow=no,"<script src=""https://fareharbor.com/embeds/script/calendar/oldcitybeertours/items/356427/?asn=fhdn&asn-ref=miamistylerentals&ref=miamistylerentals&bookable-only=yes&full-items=yes&marketplace=yes&flow=no""></script>",https://fareharbor.com/embeds/book/oldcitybeertours/items/356427/?asn=fhdn&asn-ref=miamistylerentals&ref=miamistylerentals&bookable-only=yes&full-items=yes&marketplace=yes&flow=no,https://cdn.filestackcontent.com/IxjlhHDGQqSaYTjbaVcI
Earth Kinship,earthkinship,ayolane@earthkinship.us,904-477-5669,United States/Florida/St. Augustine,-81.567353,29.967162,356745,Palmo Boat Ramp,Kayak,2,33,0,0,0,0,0,0,https://fareharbor.com/embeds/calendar/earthkinship/items/356745/?asn=fhdn&asn-ref=miamistylerentals&ref=miamistylerentals&bookable-only=yes&full-items=yes&marketplace=yes&flow=no,"<script src=""https://fareharbor.com/embeds/script/calendar/earthkinship/items/356745/?asn=fhdn&asn-ref=miamistylerentals&ref=miamistylerentals&bookable-only=yes&full-items=yes&marketplace=yes&flow=no""></script>",https://fareharbor.com/embeds/book/earthkinship/items/356745/?asn=fhdn&asn-ref=miamistylerentals&ref=miamistylerentals&bookable-only=yes&full-items=yes&marketplace=yes&flow=no,https://cdn.filestackcontent.com/dBBj963YT4C7geuG4Qyk
The Tasting Tours,thetastingtours,info@thetastingtours.com,904-325-3911,United States/Florida/St. Augustine,,,446860,PRIVATE: Weekend Brunch,History Tour,2,33,0,0,0,0,0,0,https://fareharbor.com/embeds/calendar/thetastingtours/items/446860/?asn=fhdn&asn-ref=miamistylerentals&ref=miamistylerentals&bookable-only=yes&full-items=yes&marketplace=yes&flow=no,"<script src=""https://fareharbor.com/embeds/script/calendar/thetastingtours/items/446860/?asn=fhdn&asn-ref=miamistylerentals&ref=miamistylerentals&bookable-only=yes&full-items=yes&marketplace=yes&flow=no""></script>",https://fareharbor.com/embeds/book/thetastingtours/items/446860/?asn=fhdn&asn-ref=miamistylerentals&ref=miamistylerentals&bookable-only=yes&full-items=yes&marketplace=yes&flow=no,https://cdn.filestackcontent.com/boebmLMT8WmAsFO0JJJw
Panda Tours,thepandatours,thepandatourss@gmail.com,(904) 687- 7113,United States/Florida/St. Augustine,-81.313874,29.896608,456604,Nights of Lights Private Electric Golf Cart Tour for up to 5 passengers!,,4,33,0,0,0,0,0,0,https://fareharbor.com/embeds/calendar/thepandatours/items/456604/?asn=fhdn&asn-ref=miamistylerentals&ref=miamistylerentals&bookable-only=yes&full-items=yes&marketplace=yes&flow=no,"<script src=""https://fareharbor.com/embeds/script/calendar/thepandatours/items/456604/?asn=fhdn&asn-ref=miamistylerentals&ref=miamistylerentals&bookable-only=yes&full-items=yes&marketplace=yes&flow=no""></script>",https://fareharbor.com/embeds/book/thepandatours/items/456604/?asn=fhdn&asn-ref=miamistylerentals&ref=miamistylerentals&bookable-only=yes&full-items=yes&marketplace=yes&flow=no,https://cdn.filestackcontent.com/BlaKQxCcSny0jjPaockb
Saint Augustine Transfer Company Inc,saintaugustinetransfer,booking@satransfer.com,(904) 293-3471,United States/Florida/St. Augustine,,,463708,Churches & Chocolate Tour,,2,33,13,1,4,9,13,26,https://fareharbor.com/embeds/calendar/saintaugustinetransfer/items/463708/?asn=fhdn&asn-ref=miamistylerentals&ref=miamistylerentals&bookable-only=yes&full-items=yes&marketplace=yes&flow=no,"<script src=""https://fareharbor.com/embeds/script/calendar/saintaugustinetransfer/items/463708/?asn=fhdn&asn-ref=miamistylerentals&ref=miamistylerentals&bookable-only=yes&full-items=yes&marketplace=yes&flow=no""></script>",https://fareharbor.com/embeds/book/saintaugustinetransfer/items/463708/?asn=fhdn&asn-ref=miamistylerentals&ref=miamistylerentals&bookable-only=yes&full-items=yes&marketplace=yes&flow=no,https://cdn.filestackcontent.com/nwXcULHSQ96rndPykQKG
St Augustine Sailing,sta-sail,sas@sta-sail.com,(904) 829-0648,United States/Florida/St. Augustine,,,558507,Water-makers: Operation & Care,Sailing,2,33,0,0,0,0,0,0,https://fareharbor.com/embeds/calendar/sta-sail/items/558507/?asn=fhdn&asn-ref=miamistylerentals&ref=miamistylerentals&bookable-only=yes&full-items=yes&marketplace=yes&flow=no,"<script src=""https://fareharbor.com/embeds/script/calendar/sta-sail/items/558507/?asn=fhdn&asn-ref=miamistylerentals&ref=miamistylerentals&bookable-only=yes&full-items=yes&marketplace=yes&flow=no""></script>",https://fareharbor.com/embeds/book/sta-sail/items/558507/?asn=fhdn&asn-ref=miamistylerentals&ref=miamistylerentals&bookable-only=yes&full-items=yes&marketplace=yes&flow=no,https://cdn.filestackcontent.com/m7D13SEERdKYinJzRxiF
Sunsal SUP Co.,sunsalsupco,rasteen@me.com,(423)290-3511,United States/Florida/St. Augustine,,,562325,Kids SUP Days,SUP,2,33,0,0,0,0,0,0,https://fareharbor.com/embeds/calendar/sunsalsupco/items/562325/?asn=fhdn&asn-ref=miamistylerentals&ref=miamistylerentals&bookable-only=yes&full-items=yes&marketplace=yes&flow=no,"<script src=""https://fareharbor.com/embeds/script/calendar/sunsalsupco/items/562325/?asn=fhdn&asn-ref=miamistylerentals&ref=miamistylerentals&bookable-only=yes&full-items=yes&marketplace=yes&flow=no""></script>",https://fareharbor.com/embeds/book/sunsalsupco/items/562325/?asn=fhdn&asn-ref=miamistylerentals&ref=miamistylerentals&bookable-only=yes&full-items=yes&marketplace=yes&flow=no,https://cdn.filestackcontent.com/LoThJTNTYuc3U1Yzmy4w
Anastasia Watersports,anastasiawatersports,info@AnastasiaWatersports.com,904-460-9111,United States/Florida/St. Augustine,-81.273488,29.865978,610003,Guided Sunrise Paddle!,,1,33,4,0,2,2,4,7,https://fareharbor.com/embeds/calendar/anastasiawatersports/items/610003/?asn=fhdn&asn-ref=miamistylerentals&ref=miamistylerentals&bookable-only=yes&full-items=yes&marketplace=yes&flow=no,"<script src=""https://fareharbor.com/embeds/script/calendar/anastasiawatersports/items/610003/?asn=fhdn&asn-ref=miamistylerentals&ref=miamistylerentals&bookable-only=yes&full-items=yes&marketplace=yes&flow=no""></script>",https://fareharbor.com/embeds/book/anastasiawatersports/items/610003/?asn=fhdn&asn-ref=miamistylerentals&ref=miamistylerentals&bookable-only=yes&full-items=yes&marketplace=yes&flow=no,
Old City Carriages,oldcitycarriages,oldcitycarriages@gmail.com,9047889229,United States/Florida/St. Augustine,,,645806,Horse-Drawn Carriage Ghost Tour,Carriage,1,33,0,0,0,0,0,0,https://fareharbor.com/embeds/calendar/oldcitycarriages/items/645806/?asn=fhdn&asn-ref=miamistylerentals&ref=miamistylerentals&bookable-only=yes&full-items=yes&marketplace=yes&flow=no,"<script src=""https://fareharbor.com/embeds/script/calendar/oldcitycarriages/items/645806/?asn=fhdn&asn-ref=miamistylerentals&ref=miamistylerentals&bookable-only=yes&full-items=yes&marketplace=yes&flow=no""></script>",https://fareharbor.com/embeds/book/oldcitycarriages/items/645806/?asn=fhdn&asn-ref=miamistylerentals&ref=miamistylerentals&bookable-only=yes&full-items=yes&marketplace=yes&flow=no,https://cdn.filestackcontent.com/9KPNJCKnShyrZd8uVKcq
Surf with Candice LLC,surfwithcandice,candice@surfwithcandice.com,1 308 730 2980,United States/Florida/St. Augustine,,,485387,Individual Three Hour Lesson,,1,32,450,35,150,300,450,912,https://fareharbor.com/embeds/calendar/surfwithcandice/items/485387/?asn=fhdn&asn-ref=miamistylerentals&ref=miamistylerentals&bookable-only=yes&full-items=yes&marketplace=yes&flow=no,"<script src=""https://fareharbor.com/embeds/script/calendar/surfwithcandice/items/485387/?asn=fhdn&asn-ref=miamistylerentals&ref=miamistylerentals&bookable-only=yes&full-items=yes&marketplace=yes&flow=no""></script>",https://fareharbor.com/embeds/book/surfwithcandice/items/485387/?asn=fhdn&asn-ref=miamistylerentals&ref=miamistylerentals&bookable-only=yes&full-items=yes&marketplace=yes&flow=no,https://cdn.filestackcontent.com/QrHQDcuaRoiEid06vclC
St. Augustine Eco Tours,staugustineecotours-new,reservations@staugustineecotours.com,904-377-7245,United States/Florida/St. Augustine,,,551567,Nights of Lights Boat Excursion,Boat Tour,1,32,0,0,0,0,0,0,https://fareharbor.com/embeds/calendar/staugustineecotours-new/items/551567/?asn=fhdn&asn-ref=miamistylerentals&ref=miamistylerentals&bookable-only=yes&full-items=yes&marketplace=yes&flow=no,"<script src=""https://fareharbor.com/embeds/script/calendar/staugustineecotours-new/items/551567/?asn=fhdn&asn-ref=miamistylerentals&ref=miamistylerentals&bookable-only=yes&full-items=yes&marketplace=yes&flow=no""></script>",https://fareharbor.com/embeds/book/staugustineecotours-new/items/551567/?asn=fhdn&asn-ref=miamistylerentals&ref=miamistylerentals&bookable-only=yes&full-items=yes&marketplace=yes&flow=no,https://cdn.filestackcontent.com/UrPABUBBTISwoM0z9Qk5
Historic Stroll Society,lastghosttour,nicholas@lastghosttour.com,(904)-395-7035,United States/Florida/St. Augustine,,,564776,Sunrise Secrets,,4,32,0,0,0,0,0,0,https://fareharbor.com/embeds/calendar/lastghosttour/items/564776/?asn=fhdn&asn-ref=miamistylerentals&ref=miamistylerentals&bookable-only=yes&full-items=yes&marketplace=yes&flow=no,"<script src=""https://fareharbor.com/embeds/script/calendar/lastghosttour/items/564776/?asn=fhdn&asn-ref=miamistylerentals&ref=miamistylerentals&bookable-only=yes&full-items=yes&marketplace=yes&flow=no""></script>",https://fareharbor.com/embeds/book/lastghosttour/items/564776/?asn=fhdn&asn-ref=miamistylerentals&ref=miamistylerentals&bookable-only=yes&full-items=yes&marketplace=yes&flow=no,https://cdn.filestackcontent.com/ILw6Vxw9SRO9ZsPvms04
GeoTrippin,geotrippin,tours@geotrippin.com,(904) 701-3272,United States/Florida/Saint Johns,-81.522973,30.101283,607520,Durbin Creek Serenity Paddle,,1,32,13,1,4,8,13,25,https://fareharbor.com/embeds/calendar/geotrippin/items/607520/?asn=fhdn&asn-ref=miamistylerentals&ref=miamistylerentals&bookable-only=yes&full-items=yes&marketplace=yes&flow=no,"<script src=""https://fareharbor.com/embeds/script/calendar/geotrippin/items/607520/?asn=fhdn&asn-ref=miamistylerentals&ref=miamistylerentals&bookable-only=yes&full-items=yes&marketplace=yes&flow=no""></script>",https://fareharbor.com/embeds/book/geotrippin/items/607520/?asn=fhdn&asn-ref=miamistylerentals&ref=miamistylerentals&bookable-only=yes&full-items=yes&marketplace=yes&flow=no,https://cdn.filestackcontent.com/xaIWH3RSvqznElBunt5g
Palatka Boathouse Riverfront,palatkaboathouseriverfront,lisa@boathousemarina.com,386-385-3662,United States/Florida/Palatka,,,674857,Galentines Day Boat Ride,,1,32,0,0,0,0,0,0,https://fareharbor.com/embeds/calendar/palatkaboathouseriverfront/items/674857/?asn=fhdn&asn-ref=miamistylerentals&ref=miamistylerentals&bookable-only=yes&full-items=yes&marketplace=yes&flow=no,"<script src=""https://fareharbor.com/embeds/script/calendar/palatkaboathouseriverfront/items/674857/?asn=fhdn&asn-ref=miamistylerentals&ref=miamistylerentals&bookable-only=yes&full-items=yes&marketplace=yes&flow=no""></script>",https://fareharbor.com/embeds/book/palatkaboathouseriverfront/items/674857/?asn=fhdn&asn-ref=miamistylerentals&ref=miamistylerentals&bookable-only=yes&full-items=yes&marketplace=yes&flow=no,https://cdn.filestackcontent.com/PJbYywxTsKiaNJ5FzHdG
Panda Tours,thepandatours,thepandatourss@gmail.com,(904) 687- 7113,United States/Florida/St. Augustine,,,679597,Glitter and Glow; The Drag Queen Nights of Lights tour,,4,32,0,0,0,0,0,0,https://fareharbor.com/embeds/calendar/thepandatours/items/679597/?asn=fhdn&asn-ref=miamistylerentals&ref=miamistylerentals&bookable-only=yes&full-items=yes&marketplace=yes&flow=no,"<script src=""https://fareharbor.com/embeds/script/calendar/thepandatours/items/679597/?asn=fhdn&asn-ref=miamistylerentals&ref=miamistylerentals&bookable-only=yes&full-items=yes&marketplace=yes&flow=no""></script>",https://fareharbor.com/embeds/book/thepandatours/items/679597/?asn=fhdn&asn-ref=miamistylerentals&ref=miamistylerentals&bookable-only=yes&full-items=yes&marketplace=yes&flow=no,https://cdn.filestackcontent.com/QdHkvdEtTs2BeKRvKpBR
Palatka Boathouse Riverfront,palatkaboathouseriverfront,lisa@boathousemarina.com,386-385-3662,United States/Florida/Palatka,,,693229,Valentines Day River Cruise - 21+,,1,32,0,0,0,0,0,0,https://fareharbor.com/embeds/calendar/palatkaboathouseriverfront/items/693229/?asn=fhdn&asn-ref=miamistylerentals&ref=miamistylerentals&bookable-only=yes&full-items=yes&marketplace=yes&flow=no,"<script src=""https://fareharbor.com/embeds/script/calendar/palatkaboathouseriverfront/items/693229/?asn=fhdn&asn-ref=miamistylerentals&ref=miamistylerentals&bookable-only=yes&full-items=yes&marketplace=yes&flow=no""></script>",https://fareharbor.com/embeds/book/palatkaboathouseriverfront/items/693229/?asn=fhdn&asn-ref=miamistylerentals&ref=miamistylerentals&bookable-only=yes&full-items=yes&marketplace=yes&flow=no,https://cdn.filestackcontent.com/wwkV4ivYTHmz1RtMD66m
Palatka Boathouse Riverfront,palatkaboathouseriverfront,lisa@boathousemarina.com,386-385-3662,United States/Florida/Palatka,,,697255,Azalea Festival Cruises,,1,32,0,0,0,0,0,0,https://fareharbor.com/embeds/calendar/palatkaboathouseriverfront/items/697255/?asn=fhdn&asn-ref=miamistylerentals&ref=miamistylerentals&bookable-only=yes&full-items=yes&marketplace=yes&flow=no,"<script src=""https://fareharbor.com/embeds/script/calendar/palatkaboathouseriverfront/items/697255/?asn=fhdn&asn-ref=miamistylerentals&ref=miamistylerentals&bookable-only=yes&full-items=yes&marketplace=yes&flow=no""></script>",https://fareharbor.com/embeds/book/palatkaboathouseriverfront/items/697255/?asn=fhdn&asn-ref=miamistylerentals&ref=miamistylerentals&bookable-only=yes&full-items=yes&marketplace=yes&flow=no,https://cdn.filestackcontent.com/W4gDIQFQvumIEB8nXldt
Guy Harvey Outpost,guyharveyoutpost,outfitter@guyharveyoutpost.com,954-581-0073,United States/Florida/St. Augustine,-80.122618,26.099726,127031,Surf Fishing Academys,,4,31,1,1,1,1,1,1,https://fareharbor.com/embeds/calendar/guyharveyoutpost/items/127031/?asn=fhdn&asn-ref=miamistylerentals&ref=miamistylerentals&bookable-only=yes&full-items=yes&marketplace=yes&flow=no,"<script src=""https://fareharbor.com/embeds/script/calendar/guyharveyoutpost/items/127031/?asn=fhdn&asn-ref=miamistylerentals&ref=miamistylerentals&bookable-only=yes&full-items=yes&marketplace=yes&flow=no""></script>",https://fareharbor.com/embeds/book/guyharveyoutpost/items/127031/?asn=fhdn&asn-ref=miamistylerentals&ref=miamistylerentals&bookable-only=yes&full-items=yes&marketplace=yes&flow=no,https://cdn.filestackcontent.com/N924BQABSuLhYWsizfwK
Going Coastal Boat Tours,piaandme,goingcoastalboattours@gmail.com,(904) 295-7400,United States/Florida/St. Augustine,,,185320,Night of Lights Light Up Ceremony Nov 19th,,4,31,0,0,0,0,0,0,https://fareharbor.com/embeds/calendar/piaandme/items/185320/?asn=fhdn&asn-ref=miamistylerentals&ref=miamistylerentals&bookable-only=yes&full-items=yes&marketplace=yes&flow=no,"<script src=""https://fareharbor.com/embeds/script/calendar/piaandme/items/185320/?asn=fhdn&asn-ref=miamistylerentals&ref=miamistylerentals&bookable-only=yes&full-items=yes&marketplace=yes&flow=no""></script>",https://fareharbor.com/embeds/book/piaandme/items/185320/?asn=fhdn&asn-ref=miamistylerentals&ref=miamistylerentals&bookable-only=yes&full-items=yes&marketplace=yes&flow=no,https://cdn.filestackcontent.com/w2hgYexbRfK2pK3wDgK6
Saint City Scooters,saintcityscooters,saintcityscooters@gmail.com,904.337.9039,United States/Florida/St. Augustine,,,295489,Double Kayak Rental,,4,31,0,0,0,0,0,0,https://fareharbor.com/embeds/calendar/saintcityscooters/items/295489/?asn=fhdn&asn-ref=miamistylerentals&ref=miamistylerentals&bookable-only=yes&full-items=yes&marketplace=yes&flow=no,"<script src=""https://fareharbor.com/embeds/script/calendar/saintcityscooters/items/295489/?asn=fhdn&asn-ref=miamistylerentals&ref=miamistylerentals&bookable-only=yes&full-items=yes&marketplace=yes&flow=no""></script>",https://fareharbor.com/embeds/book/saintcityscooters/items/295489/?asn=fhdn&asn-ref=miamistylerentals&ref=miamistylerentals&bookable-only=yes&full-items=yes&marketplace=yes&flow=no,https://cdn.filestackcontent.com/zUsA8M6pSpmTNmTRmnvg
Party Bus St. Augustine,partybusstaugustine,partydecks@gmail.com,(904) 495-4200,United States/Florida/St. Augustine,,,297915,14-Passenger Party Bus,,4,31,0,0,0,0,0,0,https://fareharbor.com/embeds/calendar/partybusstaugustine/items/297915/?asn=fhdn&asn-ref=miamistylerentals&ref=miamistylerentals&bookable-only=yes&full-items=yes&marketplace=yes&flow=no,"<script src=""https://fareharbor.com/embeds/script/calendar/partybusstaugustine/items/297915/?asn=fhdn&asn-ref=miamistylerentals&ref=miamistylerentals&bookable-only=yes&full-items=yes&marketplace=yes&flow=no""></script>",https://fareharbor.com/embeds/book/partybusstaugustine/items/297915/?asn=fhdn&asn-ref=miamistylerentals&ref=miamistylerentals&bookable-only=yes&full-items=yes&marketplace=yes&flow=no,https://cdn.filestackcontent.com/5GC4x3UtSMSQeC2mSGkB
Wesley Wells Farm,wesleywellsfarm,wesleywellsfarms@gmail.com,904-679-5660,United States/Florida/St. Augustine,,,515441,2025 Sunflower & Tomato Festival vendor,,4,31,0,0,0,0,0,0,https://fareharbor.com/embeds/calendar/wesleywellsfarm/items/515441/?asn=fhdn&asn-ref=miamistylerentals&ref=miamistylerentals&bookable-only=yes&full-items=yes&marketplace=yes&flow=no,"<script src=""https://fareharbor.com/embeds/script/calendar/wesleywellsfarm/items/515441/?asn=fhdn&asn-ref=miamistylerentals&ref=miamistylerentals&bookable-only=yes&full-items=yes&marketplace=yes&flow=no""></script>",https://fareharbor.com/embeds/book/wesleywellsfarm/items/515441/?asn=fhdn&asn-ref=miamistylerentals&ref=miamistylerentals&bookable-only=yes&full-items=yes&marketplace=yes&flow=no,https://cdn.filestackcontent.com/1O4Myg8mRpCt0hhozeeI
Pineapple Ride & Tour,rideandtour,rideapplicationsinc@gmail.com,904-615-5515,United States/Florida/St. Augustine,,,517864,Ride to and from The AMP,,1,31,8,1,2,4,8,14,https://fareharbor.com/embeds/calendar/rideandtour/items/517864/?asn=fhdn&asn-ref=miamistylerentals&ref=miamistylerentals&bookable-only=yes&full-items=yes&marketplace=yes&flow=no,"<script src=""https://fareharbor.com/embeds/script/calendar/rideandtour/items/517864/?asn=fhdn&asn-ref=miamistylerentals&ref=miamistylerentals&bookable-only=yes&full-items=yes&marketplace=yes&flow=no""></script>",https://fareharbor.com/embeds/book/rideandtour/items/517864/?asn=fhdn&asn-ref=miamistylerentals&ref=miamistylerentals&bookable-only=yes&full-items=yes&marketplace=yes&flow=no,https://cdn.filestackcontent.com/RI58RMHbQCqTVfeA5JPs
St Augustine Sailing,sta-sail,sas@sta-sail.com,(904) 829-0648,United States/Florida/St. Augustine,,,529814,Anchoring in All Conditions,Sailing,1,31,0,0,0,0,0,0,https://fareharbor.com/embeds/calendar/sta-sail/items/529814/?asn=fhdn&asn-ref=miamistylerentals&ref=miamistylerentals&bookable-only=yes&full-items=yes&marketplace=yes&flow=no,"<script src=""https://fareharbor.com/embeds/script/calendar/sta-sail/items/529814/?asn=fhdn&asn-ref=miamistylerentals&ref=miamistylerentals&bookable-only=yes&full-items=yes&marketplace=yes&flow=no""></script>",https://fareharbor.com/embeds/book/sta-sail/items/529814/?asn=fhdn&asn-ref=miamistylerentals&ref=miamistylerentals&bookable-only=yes&full-items=yes&marketplace=yes&flow=no,https://cdn.filestackcontent.com/urbjpJi8QYSG419KPYti
St Augustine Sailing,sta-sail,sas@sta-sail.com,(904) 829-0648,United States/Florida/St. Augustine,,,532561,"Actual, not Artificial Intelligence (Insurance and Contracts)",Sailing,1,31,0,0,0,0,0,0,https://fareharbor.com/embeds/calendar/sta-sail/items/532561/?asn=fhdn&asn-ref=miamistylerentals&ref=miamistylerentals&bookable-only=yes&full-items=yes&marketplace=yes&flow=no,"<script src=""https://fareharbor.com/embeds/script/calendar/sta-sail/items/532561/?asn=fhdn&asn-ref=miamistylerentals&ref=miamistylerentals&bookable-only=yes&full-items=yes&marketplace=yes&flow=no""></script>",https://fareharbor.com/embeds/book/sta-sail/items/532561/?asn=fhdn&asn-ref=miamistylerentals&ref=miamistylerentals&bookable-only=yes&full-items=yes&marketplace=yes&flow=no,https://cdn.filestackcontent.com/XnmV6HUXQdmz7LV9qchN
Fury Water Adventures - St. Augustine,furystaug,reservations@furystaug.com,(844) 831-5397,United States/Florida/St. Augustine,,,566300,Nights of Lights Viewing Boat with Live Music,,3,31,0,0,0,0,0,0,https://fareharbor.com/embeds/calendar/furystaug/items/566300/?asn=fhdn&asn-ref=miamistylerentals&ref=miamistylerentals&bookable-only=yes&full-items=yes&marketplace=yes&flow=no,"<script src=""https://fareharbor.com/embeds/script/calendar/furystaug/items/566300/?asn=fhdn&asn-ref=miamistylerentals&ref=miamistylerentals&bookable-only=yes&full-items=yes&marketplace=yes&flow=no""></script>",https://fareharbor.com/embeds/book/furystaug/items/566300/?asn=fhdn&asn-ref=miamistylerentals&ref=miamistylerentals&bookable-only=yes&full-items=yes&marketplace=yes&flow=no,
Pink Culture Tours,pinkculture,pink@pink-culture.com,321-577-1827,United States/Florida/St. Augustine,,,606269,Pinkstory - A Fairytale Journey Tour,Guided Tour,1,31,0,0,0,0,0,0,https://fareharbor.com/embeds/calendar/pinkculture/items/606269/?asn=fhdn&asn-ref=miamistylerentals&ref=miamistylerentals&bookable-only=yes&full-items=yes&marketplace=yes&flow=no,"<script src=""https://fareharbor.com/embeds/script/calendar/pinkculture/items/606269/?asn=fhdn&asn-ref=miamistylerentals&ref=miamistylerentals&bookable-only=yes&full-items=yes&marketplace=yes&flow=no""></script>",https://fareharbor.com/embeds/book/pinkculture/items/606269/?asn=fhdn&asn-ref=miamistylerentals&ref=miamistylerentals&bookable-only=yes&full-items=yes&marketplace=yes&flow=no,https://cdn.filestackcontent.com/lfIjxSPTDWiZpuqjnT2A
Carriage Tours & Events,carriagetoursandevents,stacarriage@gmail.com,19044661288,United States/Florida/St. Augustine,,,709002,Nights of Lights Private Carriage Tour,Carriage,1,31,0,0,0,0,0,0,https://fareharbor.com/embeds/calendar/carriagetoursandevents/items/709002/?asn=fhdn&asn-ref=miamistylerentals&ref=miamistylerentals&bookable-only=yes&full-items=yes&marketplace=yes&flow=no,"<script src=""https://fareharbor.com/embeds/script/calendar/carriagetoursandevents/items/709002/?asn=fhdn&asn-ref=miamistylerentals&ref=miamistylerentals&bookable-only=yes&full-items=yes&marketplace=yes&flow=no""></script>",https://fareharbor.com/embeds/book/carriagetoursandevents/items/709002/?asn=fhdn&asn-ref=miamistylerentals&ref=miamistylerentals&bookable-only=yes&full-items=yes&marketplace=yes&flow=no,https://cdn.filestackcontent.com/9N8c84PuRoqjWeZJmh1K
Florida Water Tours,floridawatertour,info@flwatertours.com,904-827-7728,United States/Florida/St. Augustine,,,27585,Private Cruise - Osprey,Private,1,30,1,1,1,1,1,1,https://fareharbor.com/embeds/calendar/floridawatertour/items/27585/?asn=fhdn&asn-ref=miamistylerentals&ref=miamistylerentals&bookable-only=yes&full-items=yes&marketplace=yes&flow=no,"<script src=""https://fareharbor.com/embeds/script/calendar/floridawatertour/items/27585/?asn=fhdn&asn-ref=miamistylerentals&ref=miamistylerentals&bookable-only=yes&full-items=yes&marketplace=yes&flow=no""></script>",https://fareharbor.com/embeds/book/floridawatertour/items/27585/?asn=fhdn&asn-ref=miamistylerentals&ref=miamistylerentals&bookable-only=yes&full-items=yes&marketplace=yes&flow=no,https://cdn.filestackcontent.com/KLgXA703SsmmbvE6pLzF
St Augustine Sailing,sta-sail,sas@sta-sail.com,(904) 829-0648,United States/Florida/St. Augustine,,,59958,ASA 106 - Advanced Coastal Cruising,Sailing,0,30,3,0,1,2,3,6,https://fareharbor.com/embeds/calendar/sta-sail/items/59958/?asn=fhdn&asn-ref=miamistylerentals&ref=miamistylerentals&bookable-only=yes&full-items=yes&marketplace=yes&flow=no,"<script src=""https://fareharbor.com/embeds/script/calendar/sta-sail/items/59958/?asn=fhdn&asn-ref=miamistylerentals&ref=miamistylerentals&bookable-only=yes&full-items=yes&marketplace=yes&flow=no""></script>",https://fareharbor.com/embeds/book/sta-sail/items/59958/?asn=fhdn&asn-ref=miamistylerentals&ref=miamistylerentals&bookable-only=yes&full-items=yes&marketplace=yes&flow=no,https://cdn.filestackcontent.com/onzMYXsjQQOBeeKjvUiU
Anastasia Watersports,anastasiawatersports,info@AnastasiaWatersports.com,904-460-9111,United States/Florida/St. Augustine,-81.273488,29.865978,98306,Guided Full Moon Paddle!,,1,30,2,0,0,2,2,5,https://fareharbor.com/embeds/calendar/anastasiawatersports/items/98306/?asn=fhdn&asn-ref=miamistylerentals&ref=miamistylerentals&bookable-only=yes&full-items=yes&marketplace=yes&flow=no,"<script src=""https://fareharbor.com/embeds/script/calendar/anastasiawatersports/items/98306/?asn=fhdn&asn-ref=miamistylerentals&ref=miamistylerentals&bookable-only=yes&full-items=yes&marketplace=yes&flow=no""></script>",https://fareharbor.com/embeds/book/anastasiawatersports/items/98306/?asn=fhdn&asn-ref=miamistylerentals&ref=miamistylerentals&bookable-only=yes&full-items=yes&marketplace=yes&flow=no,
Anastasia Watersports,anastasiawatersports,info@AnastasiaWatersports.com,904-460-9111,United States/Florida/St. Augustine,,,127062,Watersports Pavilion,,1,30,58,7,12,28,58,148,https://fareharbor.com/embeds/calendar/anastasiawatersports/items/127062/?asn=fhdn&asn-ref=miamistylerentals&ref=miamistylerentals&bookable-only=yes&full-items=yes&marketplace=yes&flow=no,"<script src=""https://fareharbor.com/embeds/script/calendar/anastasiawatersports/items/127062/?asn=fhdn&asn-ref=miamistylerentals&ref=miamistylerentals&bookable-only=yes&full-items=yes&marketplace=yes&flow=no""></script>",https://fareharbor.com/embeds/book/anastasiawatersports/items/127062/?asn=fhdn&asn-ref=miamistylerentals&ref=miamistylerentals&bookable-only=yes&full-items=yes&marketplace=yes&flow=no,https://cdn.filestackcontent.com/xeb07YCaSfuvu52JNRxT
Fury Water Adventures - St. Augustine,furystaug,reservations@furystaug.com,(844) 831-5397,United States/Florida/St. Augustine,,,603978,Live Music Sunset & Fireworks Sail,,3,30,1,0,0,1,1,1,https://fareharbor.com/embeds/calendar/furystaug/items/603978/?asn=fhdn&asn-ref=miamistylerentals&ref=miamistylerentals&bookable-only=yes&full-items=yes&marketplace=yes&flow=no,"<script src=""https://fareharbor.com/embeds/script/calendar/furystaug/items/603978/?asn=fhdn&asn-ref=miamistylerentals&ref=miamistylerentals&bookable-only=yes&full-items=yes&marketplace=yes&flow=no""></script>",https://fareharbor.com/embeds/book/furystaug/items/603978/?asn=fhdn&asn-ref=miamistylerentals&ref=miamistylerentals&bookable-only=yes&full-items=yes&marketplace=yes&flow=no,
Sabrage St. Augustine,sabragestaugustine,charters@sabragestaugustine.com,(904) 310-4999,United States/Florida/St. Augustine,,,615913,Concert Cruises,Boat Tour,1,30,0,0,0,0,0,0,https://fareharbor.com/embeds/calendar/sabragestaugustine/items/615913/?asn=fhdn&asn-ref=miamistylerentals&ref=miamistylerentals&bookable-only=yes&full-items=yes&marketplace=yes&flow=no,"<script src=""https://fareharbor.com/embeds/script/calendar/sabragestaugustine/items/615913/?asn=fhdn&asn-ref=miamistylerentals&ref=miamistylerentals&bookable-only=yes&full-items=yes&marketplace=yes&flow=no""></script>",https://fareharbor.com/embeds/book/sabragestaugustine/items/615913/?asn=fhdn&asn-ref=miamistylerentals&ref=miamistylerentals&bookable-only=yes&full-items=yes&marketplace=yes&flow=no,https://cdn.filestackcontent.com/nl4x0TSFRRqcxoQKF4IM
Wild Sol Kayaking Adventures,wildsolkayakingadventures,amanda.wcb@gmail.com,904.436.3134,United States/Florida/St. Augustine,,,633214,Sunrise Breakfast Paddle,Kayak,1,30,0,0,0,0,0,0,https://fareharbor.com/embeds/calendar/wildsolkayakingadventures/items/633214/?asn=fhdn&asn-ref=miamistylerentals&ref=miamistylerentals&bookable-only=yes&full-items=yes&marketplace=yes&flow=no,"<script src=""https://fareharbor.com/embeds/script/calendar/wildsolkayakingadventures/items/633214/?asn=fhdn&asn-ref=miamistylerentals&ref=miamistylerentals&bookable-only=yes&full-items=yes&marketplace=yes&flow=no""></script>",https://fareharbor.com/embeds/book/wildsolkayakingadventures/items/633214/?asn=fhdn&asn-ref=miamistylerentals&ref=miamistylerentals&bookable-only=yes&full-items=yes&marketplace=yes&flow=no,https://cdn.filestackcontent.com/1fUg5lxsSG6rTv7VUS3A
"St. Augustine Brewery Tours, LLC",staugustinebrewerytours,info@staugustinebrewerytours.com,‪(904) 865-0148‬,United States/Florida/St. Augustine,,,639236,PRIVATE Pints and Pods Full Day,,9,30,0,0,0,0,0,0,https://fareharbor.com/embeds/calendar/staugustinebrewerytours/items/639236/?asn=fhdn&asn-ref=miamistylerentals&ref=miamistylerentals&bookable-only=yes&full-items=yes&marketplace=yes&flow=no,"<script src=""https://fareharbor.com/embeds/script/calendar/staugustinebrewerytours/items/639236/?asn=fhdn&asn-ref=miamistylerentals&ref=miamistylerentals&bookable-only=yes&full-items=yes&marketplace=yes&flow=no""></script>",https://fareharbor.com/embeds/book/staugustinebrewerytours/items/639236/?asn=fhdn&asn-ref=miamistylerentals&ref=miamistylerentals&bookable-only=yes&full-items=yes&marketplace=yes&flow=no,https://cdn.filestackcontent.com/N6X5OmYbT3uqw6RK3eA3
Fury Water Adventures - St. Augustine,furystaug,reservations@furystaug.com,(844) 831-5397,United States/Florida/St. Augustine,,,640590,Champagne Sunset & Fireworks Cruise,,3,30,1,0,0,1,1,1,https://fareharbor.com/embeds/calendar/furystaug/items/640590/?asn=fhdn&asn-ref=miamistylerentals&ref=miamistylerentals&bookable-only=yes&full-items=yes&marketplace=yes&flow=no,"<script src=""https://fareharbor.com/embeds/script/calendar/furystaug/items/640590/?asn=fhdn&asn-ref=miamistylerentals&ref=miamistylerentals&bookable-only=yes&full-items=yes&marketplace=yes&flow=no""></script>",https://fareharbor.com/embeds/book/furystaug/items/640590/?asn=fhdn&asn-ref=miamistylerentals&ref=miamistylerentals&bookable-only=yes&full-items=yes&marketplace=yes&flow=no,
St. Augustine Land and Sea Tours LLC,staugustinelandandseatours,info@staugustinelandandseatours.com,9046799880,United States/Florida/St. Augustine,,,657762,Shared History of St Augustine Safari Van Tour,,2,30,0,0,0,0,0,0,https://fareharbor.com/embeds/calendar/staugustinelandandseatours/items/657762/?asn=fhdn&asn-ref=miamistylerentals&ref=miamistylerentals&bookable-only=yes&full-items=yes&marketplace=yes&flow=no,"<script src=""https://fareharbor.com/embeds/script/calendar/staugustinelandandseatours/items/657762/?asn=fhdn&asn-ref=miamistylerentals&ref=miamistylerentals&bookable-only=yes&full-items=yes&marketplace=yes&flow=no""></script>",https://fareharbor.com/embeds/book/staugustinelandandseatours/items/657762/?asn=fhdn&asn-ref=miamistylerentals&ref=miamistylerentals&bookable-only=yes&full-items=yes&marketplace=yes&flow=no,https://cdn.filestackcontent.com/JFvVGrjkTEeakT6P1JZ1
Anastasia Watersports,anastasiawatersports,info@AnastasiaWatersports.com,904-460-9111,United States/Florida/St. Augustine,,,723306,2 Hour Paddle Sports Rental,,1,30,1260,98,420,840,1260,2520,https://fareharbor.com/embeds/calendar/anastasiawatersports/items/723306/?asn=fhdn&asn-ref=miamistylerentals&ref=miamistylerentals&bookable-only=yes&full-items=yes&marketplace=yes&flow=no,"<script src=""https://fareharbor.com/embeds/script/calendar/anastasiawatersports/items/723306/?asn=fhdn&asn-ref=miamistylerentals&ref=miamistylerentals&bookable-only=yes&full-items=yes&marketplace=yes&flow=no""></script>",https://fareharbor.com/embeds/book/anastasiawatersports/items/723306/?asn=fhdn&asn-ref=miamistylerentals&ref=miamistylerentals&bookable-only=yes&full-items=yes&marketplace=yes&flow=no,
Anastasia Watersports,anastasiawatersports,info@AnastasiaWatersports.com,904-460-9111,United States/Florida/St. Augustine,,,723310,3 Hour Paddle Sports Rental,,1,30,1080,84,360,720,1080,2160,https://fareharbor.com/embeds/calendar/anastasiawatersports/items/723310/?asn=fhdn&asn-ref=miamistylerentals&ref=miamistylerentals&bookable-only=yes&full-items=yes&marketplace=yes&flow=no,"<script src=""https://fareharbor.com/embeds/script/calendar/anastasiawatersports/items/723310/?asn=fhdn&asn-ref=miamistylerentals&ref=miamistylerentals&bookable-only=yes&full-items=yes&marketplace=yes&flow=no""></script>",https://fareharbor.com/embeds/book/anastasiawatersports/items/723310/?asn=fhdn&asn-ref=miamistylerentals&ref=miamistylerentals&bookable-only=yes&full-items=yes&marketplace=yes&flow=no,
St. Augustine Boat Tours,boattoursstaugustine,staugboattours@gmail.com,(904) 687-8297,United States/Florida/St. Augustine,,,9037,Nights of Lights,Boat Tour-City Tour,1,29,0,0,0,0,0,0,https://fareharbor.com/embeds/calendar/boattoursstaugustine/items/9037/?asn=fhdn&asn-ref=miamistylerentals&ref=miamistylerentals&bookable-only=yes&full-items=yes&marketplace=yes&flow=no,"<script src=""https://fareharbor.com/embeds/script/calendar/boattoursstaugustine/items/9037/?asn=fhdn&asn-ref=miamistylerentals&ref=miamistylerentals&bookable-only=yes&full-items=yes&marketplace=yes&flow=no""></script>",https://fareharbor.com/embeds/book/boattoursstaugustine/items/9037/?asn=fhdn&asn-ref=miamistylerentals&ref=miamistylerentals&bookable-only=yes&full-items=yes&marketplace=yes&flow=no,https://www.filepicker.io/api/file/iJKrWqfgSq6i4tBJCUME
Florida Water Tours,floridawatertour,info@flwatertours.com,904-827-7728,United States/Florida/St. Augustine,,,20030,July 4th Fireworks Over The Matanzas - Osprey,Boat Tour,1,29,0,0,0,0,0,0,https://fareharbor.com/embeds/calendar/floridawatertour/items/20030/?asn=fhdn&asn-ref=miamistylerentals&ref=miamistylerentals&bookable-only=yes&full-items=yes&marketplace=yes&flow=no,"<script src=""https://fareharbor.com/embeds/script/calendar/floridawatertour/items/20030/?asn=fhdn&asn-ref=miamistylerentals&ref=miamistylerentals&bookable-only=yes&full-items=yes&marketplace=yes&flow=no""></script>",https://fareharbor.com/embeds/book/floridawatertour/items/20030/?asn=fhdn&asn-ref=miamistylerentals&ref=miamistylerentals&bookable-only=yes&full-items=yes&marketplace=yes&flow=no,https://cdn.filestackcontent.com/Ntskxj6Ty2vQgQEcQTVo
Drifters Rentals LLC,driftersrentals,drift@driftersrentals.com,(904) 315-6150,United States/Florida/St. Augustine,,,56367,Daily Beach Rentals,,1,29,462,36,150,312,462,924,https://fareharbor.com/embeds/calendar/driftersrentals/items/56367/?asn=fhdn&asn-ref=miamistylerentals&ref=miamistylerentals&bookable-only=yes&full-items=yes&marketplace=yes&flow=no,"<script src=""https://fareharbor.com/embeds/script/calendar/driftersrentals/items/56367/?asn=fhdn&asn-ref=miamistylerentals&ref=miamistylerentals&bookable-only=yes&full-items=yes&marketplace=yes&flow=no""></script>",https://fareharbor.com/embeds/book/driftersrentals/items/56367/?asn=fhdn&asn-ref=miamistylerentals&ref=miamistylerentals&bookable-only=yes&full-items=yes&marketplace=yes&flow=no,https://cdn.filestackcontent.com/hZljGGBMSJy478YZQ0Cq
Drifters Rentals LLC,driftersrentals,drift@driftersrentals.com,(904) 315-6150,United States/Florida/St. Augustine,,,56368,Weekly Beach Rentals,,1,29,449,35,146,304,449,899,https://fareharbor.com/embeds/calendar/driftersrentals/items/56368/?asn=fhdn&asn-ref=miamistylerentals&ref=miamistylerentals&bookable-only=yes&full-items=yes&marketplace=yes&flow=no,"<script src=""https://fareharbor.com/embeds/script/calendar/driftersrentals/items/56368/?asn=fhdn&asn-ref=miamistylerentals&ref=miamistylerentals&bookable-only=yes&full-items=yes&marketplace=yes&flow=no""></script>",https://fareharbor.com/embeds/book/driftersrentals/items/56368/?asn=fhdn&asn-ref=miamistylerentals&ref=miamistylerentals&bookable-only=yes&full-items=yes&marketplace=yes&flow=no,https://cdn.filestackcontent.com/Rq6Sx20VQMqs0qx7Xvpk
Drifters Rentals LLC,driftersrentals,drift@driftersrentals.com,(904) 315-6150,United States/Florida/St. Augustine,,,61898,Two Day Beach Rentals,,1,29,449,35,146,304,449,899,https://fareharbor.com/embeds/calendar/driftersrentals/items/61898/?asn=fhdn&asn-ref=miamistylerentals&ref=miamistylerentals&bookable-only=yes&full-items=yes&marketplace=yes&flow=no,"<script src=""https://fareharbor.com/embeds/script/calendar/driftersrentals/items/61898/?asn=fhdn&asn-ref=miamistylerentals&ref=miamistylerentals&bookable-only=yes&full-items=yes&marketplace=yes&flow=no""></script>",https://fareharbor.com/embeds/book/driftersrentals/items/61898/?asn=fhdn&asn-ref=miamistylerentals&ref=miamistylerentals&bookable-only=yes&full-items=yes&marketplace=yes&flow=no,https://cdn.filestackcontent.com/lZ5RpxAgReywGZM9invJ
Drifters Rentals LLC,driftersrentals,drift@driftersrentals.com,(904) 315-6150,United States/Florida/St. Augustine,,,61899,Three Day Beach Rentals,,1,29,449,35,146,304,449,899,https://fareharbor.com/embeds/calendar/driftersrentals/items/61899/?asn=fhdn&asn-ref=miamistylerentals&ref=miamistylerentals&bookable-only=yes&full-items=yes&marketplace=yes&flow=no,"<script src=""https://fareharbor.com/embeds/script/calendar/driftersrentals/items/61899/?asn=fhdn&asn-ref=miamistylerentals&ref=miamistylerentals&bookable-only=yes&full-items=yes&marketplace=yes&flow=no""></script>",https://fareharbor.com/embeds/book/driftersrentals/items/61899/?asn=fhdn&asn-ref=miamistylerentals&ref=miamistylerentals&bookable-only=yes&full-items=yes&marketplace=yes&flow=no,https://cdn.filestackcontent.com/lDeKxbzQSQSxBLVkNQ4x
Drifters Rentals LLC,driftersrentals,drift@driftersrentals.com,(904) 315-6150,United States/Florida/St. Augustine,,,61900,Four Day Beach Rentals,,1,29,437,34,142,296,437,873,https://fareharbor.com/embeds/calendar/driftersrentals/items/61900/?asn=fhdn&asn-ref=miamistylerentals&ref=miamistylerentals&bookable-only=yes&full-items=yes&marketplace=yes&flow=no,"<script src=""https://fareharbor.com/embeds/script/calendar/driftersrentals/items/61900/?asn=fhdn&asn-ref=miamistylerentals&ref=miamistylerentals&bookable-only=yes&full-items=yes&marketplace=yes&flow=no""></script>",https://fareharbor.com/embeds/book/driftersrentals/items/61900/?asn=fhdn&asn-ref=miamistylerentals&ref=miamistylerentals&bookable-only=yes&full-items=yes&marketplace=yes&flow=no,https://cdn.filestackcontent.com/3z0tCQFlT6wWLMl1cfLw
Drifters Rentals LLC,driftersrentals,drift@driftersrentals.com,(904) 315-6150,United States/Florida/St. Augustine,,,61901,Five Day Beach Rentals,,1,29,449,35,146,304,449,899,https://fareharbor.com/embeds/calendar/driftersrentals/items/61901/?asn=fhdn&asn-ref=miamistylerentals&ref=miamistylerentals&bookable-only=yes&full-items=yes&marketplace=yes&flow=no,"<script src=""https://fareharbor.com/embeds/script/calendar/driftersrentals/items/61901/?asn=fhdn&asn-ref=miamistylerentals&ref=miamistylerentals&bookable-only=yes&full-items=yes&marketplace=yes&flow=no""></script>",https://fareharbor.com/embeds/book/driftersrentals/items/61901/?asn=fhdn&asn-ref=miamistylerentals&ref=miamistylerentals&bookable-only=yes&full-items=yes&marketplace=yes&flow=no,https://cdn.filestackcontent.com/0g2lbiZSWWywvw7Rc0FF
"Whetstone Chocolates, Inc.",whetstonechocolates,kingst@whetstonechocolates.com,+1904-217-0275,United States/Florida/St. Augustine,,,63080,Chocolate Tasting Tour,,1,29,606,51,198,399,606,1203,https://fareharbor.com/embeds/calendar/whetstonechocolates/items/63080/?asn=fhdn&asn-ref=miamistylerentals&ref=miamistylerentals&bookable-only=yes&full-items=yes&marketplace=yes&flow=no,"<script src=""https://fareharbor.com/embeds/script/calendar/whetstonechocolates/items/63080/?asn=fhdn&asn-ref=miamistylerentals&ref=miamistylerentals&bookable-only=yes&full-items=yes&marketplace=yes&flow=no""></script>",https://fareharbor.com/embeds/book/whetstonechocolates/items/63080/?asn=fhdn&asn-ref=miamistylerentals&ref=miamistylerentals&bookable-only=yes&full-items=yes&marketplace=yes&flow=no,https://cdn.filestackcontent.com/NSTI4rmeQgOyQaKDr3kD
Florida Water Tours,floridawatertour,info@flwatertours.com,904-827-7728,United States/Florida/St. Augustine,,,64076,Regatta of Lights!,Boat Tour-Events-Sightseeing Tour,1,29,0,0,0,0,0,0,https://fareharbor.com/embeds/calendar/floridawatertour/items/64076/?asn=fhdn&asn-ref=miamistylerentals&ref=miamistylerentals&bookable-only=yes&full-items=yes&marketplace=yes&flow=no,"<script src=""https://fareharbor.com/embeds/script/calendar/floridawatertour/items/64076/?asn=fhdn&asn-ref=miamistylerentals&ref=miamistylerentals&bookable-only=yes&full-items=yes&marketplace=yes&flow=no""></script>",https://fareharbor.com/embeds/book/floridawatertour/items/64076/?asn=fhdn&asn-ref=miamistylerentals&ref=miamistylerentals&bookable-only=yes&full-items=yes&marketplace=yes&flow=no,https://cdn.filestackcontent.com/uO5cgrSnRxAztGkWjS1e
GeoTrippin,geotrippin,tours@geotrippin.com,(904) 701-3272,United States/Florida/St. Augustine,-81.285637,29.885918,191147,Matanzas River Sunset,Dolphin,1,29,0,0,0,0,0,0,https://fareharbor.com/embeds/calendar/geotrippin/items/191147/?asn=fhdn&asn-ref=miamistylerentals&ref=miamistylerentals&bookable-only=yes&full-items=yes&marketplace=yes&flow=no,"<script src=""https://fareharbor.com/embeds/script/calendar/geotrippin/items/191147/?asn=fhdn&asn-ref=miamistylerentals&ref=miamistylerentals&bookable-only=yes&full-items=yes&marketplace=yes&flow=no""></script>",https://fareharbor.com/embeds/book/geotrippin/items/191147/?asn=fhdn&asn-ref=miamistylerentals&ref=miamistylerentals&bookable-only=yes&full-items=yes&marketplace=yes&flow=no,
GeoTrippin,geotrippin,tours@geotrippin.com,(904) 701-3272,United States/Florida/St. Augustine,-81.285637,29.885918,191176,Atlantic Ocean,,1,29,0,0,0,0,0,0,https://fareharbor.com/embeds/calendar/geotrippin/items/191176/?asn=fhdn&asn-ref=miamistylerentals&ref=miamistylerentals&bookable-only=yes&full-items=yes&marketplace=yes&flow=no,"<script src=""https://fareharbor.com/embeds/script/calendar/geotrippin/items/191176/?asn=fhdn&asn-ref=miamistylerentals&ref=miamistylerentals&bookable-only=yes&full-items=yes&marketplace=yes&flow=no""></script>",https://fareharbor.com/embeds/book/geotrippin/items/191176/?asn=fhdn&asn-ref=miamistylerentals&ref=miamistylerentals&bookable-only=yes&full-items=yes&marketplace=yes&flow=no,
GeoTrippin,geotrippin,tours@geotrippin.com,(904) 701-3272,United States/Florida/Ponte Vedra Beach,,,249498,Fit Trip,Kayak,1,29,0,0,0,0,0,0,https://fareharbor.com/embeds/calendar/geotrippin/items/249498/?asn=fhdn&asn-ref=miamistylerentals&ref=miamistylerentals&bookable-only=yes&full-items=yes&marketplace=yes&flow=no,"<script src=""https://fareharbor.com/embeds/script/calendar/geotrippin/items/249498/?asn=fhdn&asn-ref=miamistylerentals&ref=miamistylerentals&bookable-only=yes&full-items=yes&marketplace=yes&flow=no""></script>",https://fareharbor.com/embeds/book/geotrippin/items/249498/?asn=fhdn&asn-ref=miamistylerentals&ref=miamistylerentals&bookable-only=yes&full-items=yes&marketplace=yes&flow=no,
Genung's Fish Camp,genungsfishcamp,genungsfc@gmail.com,904-907-5742,United States/Florida/St. Augustine,,,262334,Canoe Rentals,Canoe-Rentals,1,29,0,0,0,0,0,0,https://fareharbor.com/embeds/calendar/genungsfishcamp/items/262334/?asn=fhdn&asn-ref=miamistylerentals&ref=miamistylerentals&bookable-only=yes&full-items=yes&marketplace=yes&flow=no,"<script src=""https://fareharbor.com/embeds/script/calendar/genungsfishcamp/items/262334/?asn=fhdn&asn-ref=miamistylerentals&ref=miamistylerentals&bookable-only=yes&full-items=yes&marketplace=yes&flow=no""></script>",https://fareharbor.com/embeds/book/genungsfishcamp/items/262334/?asn=fhdn&asn-ref=miamistylerentals&ref=miamistylerentals&bookable-only=yes&full-items=yes&marketplace=yes&flow=no,https://cdn.filestackcontent.com/QsKlmmWbR0JvKKyB6Jkq
St. Augustine's Land & Sea Experiences,stauglandandsea,hello@staexp.com,904 599 7391,United States/Florida/St. Augustine,-81.313931,29.892184,279331,Sails & Ales,Sailing,1,29,0,0,0,0,0,0,https://fareharbor.com/embeds/calendar/stauglandandsea/items/279331/?asn=fhdn&asn-ref=miamistylerentals&ref=miamistylerentals&bookable-only=yes&full-items=yes&marketplace=yes&flow=no,"<script src=""https://fareharbor.com/embeds/script/calendar/stauglandandsea/items/279331/?asn=fhdn&asn-ref=miamistylerentals&ref=miamistylerentals&bookable-only=yes&full-items=yes&marketplace=yes&flow=no""></script>",https://fareharbor.com/embeds/book/stauglandandsea/items/279331/?asn=fhdn&asn-ref=miamistylerentals&ref=miamistylerentals&bookable-only=yes&full-items=yes&marketplace=yes&flow=no,https://cdn.filestackcontent.com/jkU0ioH9TnmaCLRHkfbT
St. Augustine's Land & Sea Experiences,stauglandandsea,hello@staexp.com,904 599 7391,United States/Florida/St. Augustine,-81.313931,29.892184,279344,Surf & Turf,Surf,1,29,0,0,0,0,0,0,https://fareharbor.com/embeds/calendar/stauglandandsea/items/279344/?asn=fhdn&asn-ref=miamistylerentals&ref=miamistylerentals&bookable-only=yes&full-items=yes&marketplace=yes&flow=no,"<script src=""https://fareharbor.com/embeds/script/calendar/stauglandandsea/items/279344/?asn=fhdn&asn-ref=miamistylerentals&ref=miamistylerentals&bookable-only=yes&full-items=yes&marketplace=yes&flow=no""></script>",https://fareharbor.com/embeds/book/stauglandandsea/items/279344/?asn=fhdn&asn-ref=miamistylerentals&ref=miamistylerentals&bookable-only=yes&full-items=yes&marketplace=yes&flow=no,https://cdn.filestackcontent.com/J7iZKfwBSoq84yROjitu
St. Augustine's Land & Sea Experiences,stauglandandsea,hello@staexp.com,904 599 7391,United States/Florida/St. Augustine,-81.313931,29.892184,279346,Sweet & Salty,Pub Crawl,1,29,0,0,0,0,0,0,https://fareharbor.com/embeds/calendar/stauglandandsea/items/279346/?asn=fhdn&asn-ref=miamistylerentals&ref=miamistylerentals&bookable-only=yes&full-items=yes&marketplace=yes&flow=no,"<script src=""https://fareharbor.com/embeds/script/calendar/stauglandandsea/items/279346/?asn=fhdn&asn-ref=miamistylerentals&ref=miamistylerentals&bookable-only=yes&full-items=yes&marketplace=yes&flow=no""></script>",https://fareharbor.com/embeds/book/stauglandandsea/items/279346/?asn=fhdn&asn-ref=miamistylerentals&ref=miamistylerentals&bookable-only=yes&full-items=yes&marketplace=yes&flow=no,https://cdn.filestackcontent.com/X01yDQRZabMb6xW8ktEw
St. Augustine Land and Sea Tours LLC,staugustinelandandseatours,info@staugustinelandandseatours.com,9046799880,United States/Florida/St. Augustine,,,286303,San Agustin Tour Privado en Golf Cart,City Tour,1,29,0,0,0,0,0,0,https://fareharbor.com/embeds/calendar/staugustinelandandseatours/items/286303/?asn=fhdn&asn-ref=miamistylerentals&ref=miamistylerentals&bookable-only=yes&full-items=yes&marketplace=yes&flow=no,"<script src=""https://fareharbor.com/embeds/script/calendar/staugustinelandandseatours/items/286303/?asn=fhdn&asn-ref=miamistylerentals&ref=miamistylerentals&bookable-only=yes&full-items=yes&marketplace=yes&flow=no""></script>",https://fareharbor.com/embeds/book/staugustinelandandseatours/items/286303/?asn=fhdn&asn-ref=miamistylerentals&ref=miamistylerentals&bookable-only=yes&full-items=yes&marketplace=yes&flow=no,https://cdn.filestackcontent.com/qPXn7sGuQXXxR9Vor1Oc
Ancient City Slingshots,ancientcityslingshot,acslingshots@gmail.com,904-385-9676,United States/Florida/St. Augustine,-81.333275,29.91531,315331,Full Day Manual Vehicle Adventure,Boat Tour,1,29,0,0,0,0,0,0,https://fareharbor.com/embeds/calendar/ancientcityslingshot/items/315331/?asn=fhdn&asn-ref=miamistylerentals&ref=miamistylerentals&bookable-only=yes&full-items=yes&marketplace=yes&flow=no,"<script src=""https://fareharbor.com/embeds/script/calendar/ancientcityslingshot/items/315331/?asn=fhdn&asn-ref=miamistylerentals&ref=miamistylerentals&bookable-only=yes&full-items=yes&marketplace=yes&flow=no""></script>",https://fareharbor.com/embeds/book/ancientcityslingshot/items/315331/?asn=fhdn&asn-ref=miamistylerentals&ref=miamistylerentals&bookable-only=yes&full-items=yes&marketplace=yes&flow=no,https://cdn.filestackcontent.com/3FfWNnAvRCbUXT7eYl8O
Ancient City Slingshots,ancientcityslingshot,acslingshots@gmail.com,904-385-9676,United States/Florida/St. Augustine,-81.333275,29.91531,323219,Date Night Manual Vehicle Adventure,Boat Tour,1,29,0,0,0,0,0,0,https://fareharbor.com/embeds/calendar/ancientcityslingshot/items/323219/?asn=fhdn&asn-ref=miamistylerentals&ref=miamistylerentals&bookable-only=yes&full-items=yes&marketplace=yes&flow=no,"<script src=""https://fareharbor.com/embeds/script/calendar/ancientcityslingshot/items/323219/?asn=fhdn&asn-ref=miamistylerentals&ref=miamistylerentals&bookable-only=yes&full-items=yes&marketplace=yes&flow=no""></script>",https://fareharbor.com/embeds/book/ancientcityslingshot/items/323219/?asn=fhdn&asn-ref=miamistylerentals&ref=miamistylerentals&bookable-only=yes&full-items=yes&marketplace=yes&flow=no,https://cdn.filestackcontent.com/2CFTljXnTwG7tT5b3fGB
St Augustine Sailing,sta-sail,sas@sta-sail.com,(904) 829-0648,United States/Florida/St. Augustine,,,339902,Day Sailing Adventure,Boat Tour-Sailing,1,29,0,0,0,0,0,0,https://fareharbor.com/embeds/calendar/sta-sail/items/339902/?asn=fhdn&asn-ref=miamistylerentals&ref=miamistylerentals&bookable-only=yes&full-items=yes&marketplace=yes&flow=no,"<script src=""https://fareharbor.com/embeds/script/calendar/sta-sail/items/339902/?asn=fhdn&asn-ref=miamistylerentals&ref=miamistylerentals&bookable-only=yes&full-items=yes&marketplace=yes&flow=no""></script>",https://fareharbor.com/embeds/book/sta-sail/items/339902/?asn=fhdn&asn-ref=miamistylerentals&ref=miamistylerentals&bookable-only=yes&full-items=yes&marketplace=yes&flow=no,https://cdn.filestackcontent.com/t0b4Ix7GS7qN3CDabvR7
Saint Augustine Photo Tours,saintaugustinephototours,saintaugustinephototours@gmail.com,(904) 789-0202,United States/Florida/St. Augustine,,,352914,Saint Augustine Landmark Photo Tour,Photography Tour-Transportation,1,29,0,0,0,0,0,0,https://fareharbor.com/embeds/calendar/saintaugustinephototours/items/352914/?asn=fhdn&asn-ref=miamistylerentals&ref=miamistylerentals&bookable-only=yes&full-items=yes&marketplace=yes&flow=no,"<script src=""https://fareharbor.com/embeds/script/calendar/saintaugustinephototours/items/352914/?asn=fhdn&asn-ref=miamistylerentals&ref=miamistylerentals&bookable-only=yes&full-items=yes&marketplace=yes&flow=no""></script>",https://fareharbor.com/embeds/book/saintaugustinephototours/items/352914/?asn=fhdn&asn-ref=miamistylerentals&ref=miamistylerentals&bookable-only=yes&full-items=yes&marketplace=yes&flow=no,https://cdn.filestackcontent.com/oaOlSj0iQxGLznCY4dED
Earth Kinship,earthkinship,ayolane@earthkinship.us,904-477-5669,United States/Florida/St. Augustine,-81.314304,29.829543,356743,Moultrie Creek,Kayak,1,29,0,0,0,0,0,0,https://fareharbor.com/embeds/calendar/earthkinship/items/356743/?asn=fhdn&asn-ref=miamistylerentals&ref=miamistylerentals&bookable-only=yes&full-items=yes&marketplace=yes&flow=no,"<script src=""https://fareharbor.com/embeds/script/calendar/earthkinship/items/356743/?asn=fhdn&asn-ref=miamistylerentals&ref=miamistylerentals&bookable-only=yes&full-items=yes&marketplace=yes&flow=no""></script>",https://fareharbor.com/embeds/book/earthkinship/items/356743/?asn=fhdn&asn-ref=miamistylerentals&ref=miamistylerentals&bookable-only=yes&full-items=yes&marketplace=yes&flow=no,https://cdn.filestackcontent.com/mfMH46ShRjKgzTPnaywz
Earth Kinship,earthkinship,ayolane@earthkinship.us,904-477-5669,United States/Florida/St. Augustine,-81.256897,29.76888,356747,Moses Creek,Kayak,1,29,0,0,0,0,0,0,https://fareharbor.com/embeds/calendar/earthkinship/items/356747/?asn=fhdn&asn-ref=miamistylerentals&ref=miamistylerentals&bookable-only=yes&full-items=yes&marketplace=yes&flow=no,"<script src=""https://fareharbor.com/embeds/script/calendar/earthkinship/items/356747/?asn=fhdn&asn-ref=miamistylerentals&ref=miamistylerentals&bookable-only=yes&full-items=yes&marketplace=yes&flow=no""></script>",https://fareharbor.com/embeds/book/earthkinship/items/356747/?asn=fhdn&asn-ref=miamistylerentals&ref=miamistylerentals&bookable-only=yes&full-items=yes&marketplace=yes&flow=no,https://cdn.filestackcontent.com/bGliCMNlRZCaC4BQz3aP
Earth Kinship,earthkinship,ayolane@earthkinship.us,904-477-5669,United States/Florida/St. Augustine,-81.257143,29.666916,356752,Faver-Dykes State Park,Kayak,1,29,0,0,0,0,0,0,https://fareharbor.com/embeds/calendar/earthkinship/items/356752/?asn=fhdn&asn-ref=miamistylerentals&ref=miamistylerentals&bookable-only=yes&full-items=yes&marketplace=yes&flow=no,"<script src=""https://fareharbor.com/embeds/script/calendar/earthkinship/items/356752/?asn=fhdn&asn-ref=miamistylerentals&ref=miamistylerentals&bookable-only=yes&full-items=yes&marketplace=yes&flow=no""></script>",https://fareharbor.com/embeds/book/earthkinship/items/356752/?asn=fhdn&asn-ref=miamistylerentals&ref=miamistylerentals&bookable-only=yes&full-items=yes&marketplace=yes&flow=no,https://cdn.filestackcontent.com/xFL33M0SOO4HNQNOjKIx
St Augustine Sailing,sta-sail,sas@sta-sail.com,(904) 829-0648,United States/Florida/St. Augustine,,,362377,2 hour - Private Sunset Sailing Charter,Sailing,1,29,0,0,0,0,0,0,https://fareharbor.com/embeds/calendar/sta-sail/items/362377/?asn=fhdn&asn-ref=miamistylerentals&ref=miamistylerentals&bookable-only=yes&full-items=yes&marketplace=yes&flow=no,"<script src=""https://fareharbor.com/embeds/script/calendar/sta-sail/items/362377/?asn=fhdn&asn-ref=miamistylerentals&ref=miamistylerentals&bookable-only=yes&full-items=yes&marketplace=yes&flow=no""></script>",https://fareharbor.com/embeds/book/sta-sail/items/362377/?asn=fhdn&asn-ref=miamistylerentals&ref=miamistylerentals&bookable-only=yes&full-items=yes&marketplace=yes&flow=no,https://cdn.filestackcontent.com/pLjR41ODT9KbMYXP9Ggn
Earth Kinship,earthkinship,ayolane@earthkinship.us,904-477-5669,United States/Florida/St. Augustine,-81.231679,29.700642,363046,Helen Mellon Schmidt Park,Kayak,1,29,0,0,0,0,0,0,https://fareharbor.com/embeds/calendar/earthkinship/items/363046/?asn=fhdn&asn-ref=miamistylerentals&ref=miamistylerentals&bookable-only=yes&full-items=yes&marketplace=yes&flow=no,"<script src=""https://fareharbor.com/embeds/script/calendar/earthkinship/items/363046/?asn=fhdn&asn-ref=miamistylerentals&ref=miamistylerentals&bookable-only=yes&full-items=yes&marketplace=yes&flow=no""></script>",https://fareharbor.com/embeds/book/earthkinship/items/363046/?asn=fhdn&asn-ref=miamistylerentals&ref=miamistylerentals&bookable-only=yes&full-items=yes&marketplace=yes&flow=no,https://cdn.filestackcontent.com/UWSs4G57SUiMWTqNcEKw
Earth Kinship,earthkinship,ayolane@earthkinship.us,904-477-5669,United States/Florida/St. Augustine,-81.317365,29.860833,363055,Douglas C. Crane Park,Kayak,1,29,0,0,0,0,0,0,https://fareharbor.com/embeds/calendar/earthkinship/items/363055/?asn=fhdn&asn-ref=miamistylerentals&ref=miamistylerentals&bookable-only=yes&full-items=yes&marketplace=yes&flow=no,"<script src=""https://fareharbor.com/embeds/script/calendar/earthkinship/items/363055/?asn=fhdn&asn-ref=miamistylerentals&ref=miamistylerentals&bookable-only=yes&full-items=yes&marketplace=yes&flow=no""></script>",https://fareharbor.com/embeds/book/earthkinship/items/363055/?asn=fhdn&asn-ref=miamistylerentals&ref=miamistylerentals&bookable-only=yes&full-items=yes&marketplace=yes&flow=no,https://cdn.filestackcontent.com/umexosI6Qr6rKapUQ5iT
Saint Augustine Photo Tours,saintaugustinephototours,saintaugustinephototours@gmail.com,(904) 789-0202,United States/Florida/St. Augustine,,,378471,Twilight Photography Tour,Events-Photography Tour,1,29,0,0,0,0,0,0,https://fareharbor.com/embeds/calendar/saintaugustinephototours/items/378471/?asn=fhdn&asn-ref=miamistylerentals&ref=miamistylerentals&bookable-only=yes&full-items=yes&marketplace=yes&flow=no,"<script src=""https://fareharbor.com/embeds/script/calendar/saintaugustinephototours/items/378471/?asn=fhdn&asn-ref=miamistylerentals&ref=miamistylerentals&bookable-only=yes&full-items=yes&marketplace=yes&flow=no""></script>",https://fareharbor.com/embeds/book/saintaugustinephototours/items/378471/?asn=fhdn&asn-ref=miamistylerentals&ref=miamistylerentals&bookable-only=yes&full-items=yes&marketplace=yes&flow=no,https://cdn.filestackcontent.com/GzCaBdmIRge9H5towEaA
St Augustine Sailing,sta-sail,sas@sta-sail.com,(904) 829-0648,United States/Florida/St. Augustine,,,407068,Practical Sailing Workshops,Sailing,1,29,0,0,0,0,0,0,https://fareharbor.com/embeds/calendar/sta-sail/items/407068/?asn=fhdn&asn-ref=miamistylerentals&ref=miamistylerentals&bookable-only=yes&full-items=yes&marketplace=yes&flow=no,"<script src=""https://fareharbor.com/embeds/script/calendar/sta-sail/items/407068/?asn=fhdn&asn-ref=miamistylerentals&ref=miamistylerentals&bookable-only=yes&full-items=yes&marketplace=yes&flow=no""></script>",https://fareharbor.com/embeds/book/sta-sail/items/407068/?asn=fhdn&asn-ref=miamistylerentals&ref=miamistylerentals&bookable-only=yes&full-items=yes&marketplace=yes&flow=no,https://cdn.filestackcontent.com/8PszYKTfRv2X7qS3uhhP
GeoTrippin,geotrippin,tours@geotrippin.com,(904) 701-3272,United States/Florida/Ponte Vedra Beach,-81.329081,30.02291,426959,Sunset Bioluminescence Kayak Tour,Guided Tour-Private-Water Activities,1,29,0,0,0,0,0,0,https://fareharbor.com/embeds/calendar/geotrippin/items/426959/?asn=fhdn&asn-ref=miamistylerentals&ref=miamistylerentals&bookable-only=yes&full-items=yes&marketplace=yes&flow=no,"<script src=""https://fareharbor.com/embeds/script/calendar/geotrippin/items/426959/?asn=fhdn&asn-ref=miamistylerentals&ref=miamistylerentals&bookable-only=yes&full-items=yes&marketplace=yes&flow=no""></script>",https://fareharbor.com/embeds/book/geotrippin/items/426959/?asn=fhdn&asn-ref=miamistylerentals&ref=miamistylerentals&bookable-only=yes&full-items=yes&marketplace=yes&flow=no,
Surf Station,surf-station,support@surf-station.com,(904) 461-5395,United States/Florida/St. Augustine,-81.266863,29.85151,427137,Surf Camp - 10th Street,,1,29,12,0,3,7,12,12,https://fareharbor.com/embeds/calendar/surf-station/items/427137/?asn=fhdn&asn-ref=miamistylerentals&ref=miamistylerentals&bookable-only=yes&full-items=yes&marketplace=yes&flow=no,"<script src=""https://fareharbor.com/embeds/script/calendar/surf-station/items/427137/?asn=fhdn&asn-ref=miamistylerentals&ref=miamistylerentals&bookable-only=yes&full-items=yes&marketplace=yes&flow=no""></script>",https://fareharbor.com/embeds/book/surf-station/items/427137/?asn=fhdn&asn-ref=miamistylerentals&ref=miamistylerentals&bookable-only=yes&full-items=yes&marketplace=yes&flow=no,https://cdn.filestackcontent.com/5A7U2l4fRFidFp1y7Jgv
St Augustine Sailing,sta-sail,sas@sta-sail.com,(904) 829-0648,United States/Florida/St. Augustine,,,432950,Photography Services,Sailing,1,29,0,0,0,0,0,0,https://fareharbor.com/embeds/calendar/sta-sail/items/432950/?asn=fhdn&asn-ref=miamistylerentals&ref=miamistylerentals&bookable-only=yes&full-items=yes&marketplace=yes&flow=no,"<script src=""https://fareharbor.com/embeds/script/calendar/sta-sail/items/432950/?asn=fhdn&asn-ref=miamistylerentals&ref=miamistylerentals&bookable-only=yes&full-items=yes&marketplace=yes&flow=no""></script>",https://fareharbor.com/embeds/book/sta-sail/items/432950/?asn=fhdn&asn-ref=miamistylerentals&ref=miamistylerentals&bookable-only=yes&full-items=yes&marketplace=yes&flow=no,https://cdn.filestackcontent.com/Rc9G7QIYTb2UwsuQ8sFm
St Augustine Sailing,sta-sail,sas@sta-sail.com,(904) 829-0648,United States/Florida/St. Augustine,,,433292,Sweetheart - Apple of My Eye Package,Sailing,1,29,0,0,0,0,0,0,https://fareharbor.com/embeds/calendar/sta-sail/items/433292/?asn=fhdn&asn-ref=miamistylerentals&ref=miamistylerentals&bookable-only=yes&full-items=yes&marketplace=yes&flow=no,"<script src=""https://fareharbor.com/embeds/script/calendar/sta-sail/items/433292/?asn=fhdn&asn-ref=miamistylerentals&ref=miamistylerentals&bookable-only=yes&full-items=yes&marketplace=yes&flow=no""></script>",https://fareharbor.com/embeds/book/sta-sail/items/433292/?asn=fhdn&asn-ref=miamistylerentals&ref=miamistylerentals&bookable-only=yes&full-items=yes&marketplace=yes&flow=no,https://cdn.filestackcontent.com/mdfcSC3KShK2M0lVAjBv
Surf with Candice LLC,surfwithcandice,candice@surfwithcandice.com,1 308 730 2980,United States/Florida/St. Augustine,,,485225,Individual 90 Minute Lesson,,1,29,444,34,146,294,444,906,https://fareharbor.com/embeds/calendar/surfwithcandice/items/485225/?asn=fhdn&asn-ref=miamistylerentals&ref=miamistylerentals&bookable-only=yes&full-items=yes&marketplace=yes&flow=no,"<script src=""https://fareharbor.com/embeds/script/calendar/surfwithcandice/items/485225/?asn=fhdn&asn-ref=miamistylerentals&ref=miamistylerentals&bookable-only=yes&full-items=yes&marketplace=yes&flow=no""></script>",https://fareharbor.com/embeds/book/surfwithcandice/items/485225/?asn=fhdn&asn-ref=miamistylerentals&ref=miamistylerentals&bookable-only=yes&full-items=yes&marketplace=yes&flow=no,https://cdn.filestackcontent.com/r62QZ64ZR3GBxFXtCusI
Surf with Candice LLC,surfwithcandice,candice@surfwithcandice.com,1 308 730 2980,United States/Florida/St. Augustine,,,485412,Semi-Private 90 Minute Surf Lesson,,1,29,450,35,150,300,450,912,https://fareharbor.com/embeds/calendar/surfwithcandice/items/485412/?asn=fhdn&asn-ref=miamistylerentals&ref=miamistylerentals&bookable-only=yes&full-items=yes&marketplace=yes&flow=no,"<script src=""https://fareharbor.com/embeds/script/calendar/surfwithcandice/items/485412/?asn=fhdn&asn-ref=miamistylerentals&ref=miamistylerentals&bookable-only=yes&full-items=yes&marketplace=yes&flow=no""></script>",https://fareharbor.com/embeds/book/surfwithcandice/items/485412/?asn=fhdn&asn-ref=miamistylerentals&ref=miamistylerentals&bookable-only=yes&full-items=yes&marketplace=yes&flow=no,https://cdn.filestackcontent.com/7fQafXGCQTam8khIskWT
Surf with Candice LLC,surfwithcandice,candice@surfwithcandice.com,1 308 730 2980,United States/Florida/St. Augustine,,,485419,Semi-Private Three Hour Surf Lesson,,1,29,450,35,150,300,450,912,https://fareharbor.com/embeds/calendar/surfwithcandice/items/485419/?asn=fhdn&asn-ref=miamistylerentals&ref=miamistylerentals&bookable-only=yes&full-items=yes&marketplace=yes&flow=no,"<script src=""https://fareharbor.com/embeds/script/calendar/surfwithcandice/items/485419/?asn=fhdn&asn-ref=miamistylerentals&ref=miamistylerentals&bookable-only=yes&full-items=yes&marketplace=yes&flow=no""></script>",https://fareharbor.com/embeds/book/surfwithcandice/items/485419/?asn=fhdn&asn-ref=miamistylerentals&ref=miamistylerentals&bookable-only=yes&full-items=yes&marketplace=yes&flow=no,https://cdn.filestackcontent.com/a7vH2yxNSiOFmlYNUU2Y
Surf with Candice LLC,surfwithcandice,candice@surfwithcandice.com,1 308 730 2980,United States/Florida/St. Augustine,,,485426,Two Hour Group Surf Lesson for Three,,1,29,450,35,150,300,450,912,https://fareharbor.com/embeds/calendar/surfwithcandice/items/485426/?asn=fhdn&asn-ref=miamistylerentals&ref=miamistylerentals&bookable-only=yes&full-items=yes&marketplace=yes&flow=no,"<script src=""https://fareharbor.com/embeds/script/calendar/surfwithcandice/items/485426/?asn=fhdn&asn-ref=miamistylerentals&ref=miamistylerentals&bookable-only=yes&full-items=yes&marketplace=yes&flow=no""></script>",https://fareharbor.com/embeds/book/surfwithcandice/items/485426/?asn=fhdn&asn-ref=miamistylerentals&ref=miamistylerentals&bookable-only=yes&full-items=yes&marketplace=yes&flow=no,https://cdn.filestackcontent.com/1IZ2PCmxQL6dKrPRnD0H
Surf with Candice LLC,surfwithcandice,candice@surfwithcandice.com,1 308 730 2980,United States/Florida/St. Augustine,,,485461,Two Hour Group Surf Lesson for Four,,1,29,450,35,150,300,450,912,https://fareharbor.com/embeds/calendar/surfwithcandice/items/485461/?asn=fhdn&asn-ref=miamistylerentals&ref=miamistylerentals&bookable-only=yes&full-items=yes&marketplace=yes&flow=no,"<script src=""https://fareharbor.com/embeds/script/calendar/surfwithcandice/items/485461/?asn=fhdn&asn-ref=miamistylerentals&ref=miamistylerentals&bookable-only=yes&full-items=yes&marketplace=yes&flow=no""></script>",https://fareharbor.com/embeds/book/surfwithcandice/items/485461/?asn=fhdn&asn-ref=miamistylerentals&ref=miamistylerentals&bookable-only=yes&full-items=yes&marketplace=yes&flow=no,https://cdn.filestackcontent.com/ShFoSIoWQAOAHUeUUllQ
Surf with Candice LLC,surfwithcandice,candice@surfwithcandice.com,1 308 730 2980,United States/Florida/St. Augustine,,,485469,Two Hour Group Surf Lesson for Five,,1,29,450,35,150,300,450,912,https://fareharbor.com/embeds/calendar/surfwithcandice/items/485469/?asn=fhdn&asn-ref=miamistylerentals&ref=miamistylerentals&bookable-only=yes&full-items=yes&marketplace=yes&flow=no,"<script src=""https://fareharbor.com/embeds/script/calendar/surfwithcandice/items/485469/?asn=fhdn&asn-ref=miamistylerentals&ref=miamistylerentals&bookable-only=yes&full-items=yes&marketplace=yes&flow=no""></script>",https://fareharbor.com/embeds/book/surfwithcandice/items/485469/?asn=fhdn&asn-ref=miamistylerentals&ref=miamistylerentals&bookable-only=yes&full-items=yes&marketplace=yes&flow=no,https://cdn.filestackcontent.com/CQoktXVnR0qtf0fcq7Pg
Drifters Rentals LLC,driftersrentals,drift@driftersrentals.com,(904) 315-6150,United States/Florida/St. Augustine,,,492367,Daily Beach Service,,1,29,77,6,25,52,77,154,https://fareharbor.com/embeds/calendar/driftersrentals/items/492367/?asn=fhdn&asn-ref=miamistylerentals&ref=miamistylerentals&bookable-only=yes&full-items=yes&marketplace=yes&flow=no,"<script src=""https://fareharbor.com/embeds/script/calendar/driftersrentals/items/492367/?asn=fhdn&asn-ref=miamistylerentals&ref=miamistylerentals&bookable-only=yes&full-items=yes&marketplace=yes&flow=no""></script>",https://fareharbor.com/embeds/book/driftersrentals/items/492367/?asn=fhdn&asn-ref=miamistylerentals&ref=miamistylerentals&bookable-only=yes&full-items=yes&marketplace=yes&flow=no,https://cdn.filestackcontent.com/z69q45eNQ2mPRCZtDtRq
Drifters Rentals LLC,driftersrentals,drift@driftersrentals.com,(904) 315-6150,United States/Florida/St. Augustine,,,492372,Two Day Beach Service,,1,29,77,6,25,52,77,154,https://fareharbor.com/embeds/calendar/driftersrentals/items/492372/?asn=fhdn&asn-ref=miamistylerentals&ref=miamistylerentals&bookable-only=yes&full-items=yes&marketplace=yes&flow=no,"<script src=""https://fareharbor.com/embeds/script/calendar/driftersrentals/items/492372/?asn=fhdn&asn-ref=miamistylerentals&ref=miamistylerentals&bookable-only=yes&full-items=yes&marketplace=yes&flow=no""></script>",https://fareharbor.com/embeds/book/driftersrentals/items/492372/?asn=fhdn&asn-ref=miamistylerentals&ref=miamistylerentals&bookable-only=yes&full-items=yes&marketplace=yes&flow=no,https://cdn.filestackcontent.com/vEKlQC5xSNSUCjgJaib7
Drifters Rentals LLC,driftersrentals,drift@driftersrentals.com,(904) 315-6150,United States/Florida/St. Augustine,,,492373,Three Day Beach Service,,1,29,77,6,25,52,77,154,https://fareharbor.com/embeds/calendar/driftersrentals/items/492373/?asn=fhdn&asn-ref=miamistylerentals&ref=miamistylerentals&bookable-only=yes&full-items=yes&marketplace=yes&flow=no,"<script src=""https://fareharbor.com/embeds/script/calendar/driftersrentals/items/492373/?asn=fhdn&asn-ref=miamistylerentals&ref=miamistylerentals&bookable-only=yes&full-items=yes&marketplace=yes&flow=no""></script>",https://fareharbor.com/embeds/book/driftersrentals/items/492373/?asn=fhdn&asn-ref=miamistylerentals&ref=miamistylerentals&bookable-only=yes&full-items=yes&marketplace=yes&flow=no,https://cdn.filestackcontent.com/hdIZxEFuSFChu89tqoBR
Drifters Rentals LLC,driftersrentals,drift@driftersrentals.com,(904) 315-6150,United States/Florida/St. Augustine,,,492377,Four Day Beach Service,,1,29,77,6,25,52,77,154,https://fareharbor.com/embeds/calendar/driftersrentals/items/492377/?asn=fhdn&asn-ref=miamistylerentals&ref=miamistylerentals&bookable-only=yes&full-items=yes&marketplace=yes&flow=no,"<script src=""https://fareharbor.com/embeds/script/calendar/driftersrentals/items/492377/?asn=fhdn&asn-ref=miamistylerentals&ref=miamistylerentals&bookable-only=yes&full-items=yes&marketplace=yes&flow=no""></script>",https://fareharbor.com/embeds/book/driftersrentals/items/492377/?asn=fhdn&asn-ref=miamistylerentals&ref=miamistylerentals&bookable-only=yes&full-items=yes&marketplace=yes&flow=no,https://cdn.filestackcontent.com/m8Aj9pdARQGGSNC1oP1S
Drifters Rentals LLC,driftersrentals,drift@driftersrentals.com,(904) 315-6150,United States/Florida/St. Augustine,,,492378,Five Day Beach Service,,1,29,77,6,25,52,77,154,https://fareharbor.com/embeds/calendar/driftersrentals/items/492378/?asn=fhdn&asn-ref=miamistylerentals&ref=miamistylerentals&bookable-only=yes&full-items=yes&marketplace=yes&flow=no,"<script src=""https://fareharbor.com/embeds/script/calendar/driftersrentals/items/492378/?asn=fhdn&asn-ref=miamistylerentals&ref=miamistylerentals&bookable-only=yes&full-items=yes&marketplace=yes&flow=no""></script>",https://fareharbor.com/embeds/book/driftersrentals/items/492378/?asn=fhdn&asn-ref=miamistylerentals&ref=miamistylerentals&bookable-only=yes&full-items=yes&marketplace=yes&flow=no,https://cdn.filestackcontent.com/LS0GDKBoS3WaWdH4oWRQ
Drifters Rentals LLC,driftersrentals,drift@driftersrentals.com,(904) 315-6150,United States/Florida/St. Augustine,,,492425,Six Day Beach Service,,1,29,77,6,25,52,77,154,https://fareharbor.com/embeds/calendar/driftersrentals/items/492425/?asn=fhdn&asn-ref=miamistylerentals&ref=miamistylerentals&bookable-only=yes&full-items=yes&marketplace=yes&flow=no,"<script src=""https://fareharbor.com/embeds/script/calendar/driftersrentals/items/492425/?asn=fhdn&asn-ref=miamistylerentals&ref=miamistylerentals&bookable-only=yes&full-items=yes&marketplace=yes&flow=no""></script>",https://fareharbor.com/embeds/book/driftersrentals/items/492425/?asn=fhdn&asn-ref=miamistylerentals&ref=miamistylerentals&bookable-only=yes&full-items=yes&marketplace=yes&flow=no,https://cdn.filestackcontent.com/xOQI8rjtRcyg8aB65eMc
Drifters Rentals LLC,driftersrentals,drift@driftersrentals.com,(904) 315-6150,United States/Florida/St. Augustine,,,492429,Weekly Beach Service,,1,29,77,6,25,52,77,154,https://fareharbor.com/embeds/calendar/driftersrentals/items/492429/?asn=fhdn&asn-ref=miamistylerentals&ref=miamistylerentals&bookable-only=yes&full-items=yes&marketplace=yes&flow=no,"<script src=""https://fareharbor.com/embeds/script/calendar/driftersrentals/items/492429/?asn=fhdn&asn-ref=miamistylerentals&ref=miamistylerentals&bookable-only=yes&full-items=yes&marketplace=yes&flow=no""></script>",https://fareharbor.com/embeds/book/driftersrentals/items/492429/?asn=fhdn&asn-ref=miamistylerentals&ref=miamistylerentals&bookable-only=yes&full-items=yes&marketplace=yes&flow=no,https://cdn.filestackcontent.com/VNgfCyclRwGCWP2kxRv8
St Augustine Sailing,sta-sail,sas@sta-sail.com,(904) 829-0648,United States/Florida/St. Augustine,,,523334,Dockside Skills,Sailing,1,29,0,0,0,0,0,0,https://fareharbor.com/embeds/calendar/sta-sail/items/523334/?asn=fhdn&asn-ref=miamistylerentals&ref=miamistylerentals&bookable-only=yes&full-items=yes&marketplace=yes&flow=no,"<script src=""https://fareharbor.com/embeds/script/calendar/sta-sail/items/523334/?asn=fhdn&asn-ref=miamistylerentals&ref=miamistylerentals&bookable-only=yes&full-items=yes&marketplace=yes&flow=no""></script>",https://fareharbor.com/embeds/book/sta-sail/items/523334/?asn=fhdn&asn-ref=miamistylerentals&ref=miamistylerentals&bookable-only=yes&full-items=yes&marketplace=yes&flow=no,https://cdn.filestackcontent.com/7lYgoVs3SVW0WMglMvce
St Augustine Sailing,sta-sail,sas@sta-sail.com,(904) 829-0648,United States/Florida/St. Augustine,,,523336,Marine Electrical System Overview (Part 2 of 3),Sailing,1,29,0,0,0,0,0,0,https://fareharbor.com/embeds/calendar/sta-sail/items/523336/?asn=fhdn&asn-ref=miamistylerentals&ref=miamistylerentals&bookable-only=yes&full-items=yes&marketplace=yes&flow=no,"<script src=""https://fareharbor.com/embeds/script/calendar/sta-sail/items/523336/?asn=fhdn&asn-ref=miamistylerentals&ref=miamistylerentals&bookable-only=yes&full-items=yes&marketplace=yes&flow=no""></script>",https://fareharbor.com/embeds/book/sta-sail/items/523336/?asn=fhdn&asn-ref=miamistylerentals&ref=miamistylerentals&bookable-only=yes&full-items=yes&marketplace=yes&flow=no,https://cdn.filestackcontent.com/0GvBdG2ERKwCjJLEfAB8
St Augustine Sailing,sta-sail,sas@sta-sail.com,(904) 829-0648,United States/Florida/St. Augustine,,,523338,"Communications & Connectivity (Starlink, Data, Weather Inputs)",Sailing,1,29,0,0,0,0,0,0,https://fareharbor.com/embeds/calendar/sta-sail/items/523338/?asn=fhdn&asn-ref=miamistylerentals&ref=miamistylerentals&bookable-only=yes&full-items=yes&marketplace=yes&flow=no,"<script src=""https://fareharbor.com/embeds/script/calendar/sta-sail/items/523338/?asn=fhdn&asn-ref=miamistylerentals&ref=miamistylerentals&bookable-only=yes&full-items=yes&marketplace=yes&flow=no""></script>",https://fareharbor.com/embeds/book/sta-sail/items/523338/?asn=fhdn&asn-ref=miamistylerentals&ref=miamistylerentals&bookable-only=yes&full-items=yes&marketplace=yes&flow=no,https://cdn.filestackcontent.com/12EkHs4VQ7exxVxE97iP
St Augustine Sailing,sta-sail,sas@sta-sail.com,(904) 829-0648,United States/Florida/St. Augustine,,,524977,Lithium Batteries for Cruisers,Sailing,1,29,0,0,0,0,0,0,https://fareharbor.com/embeds/calendar/sta-sail/items/524977/?asn=fhdn&asn-ref=miamistylerentals&ref=miamistylerentals&bookable-only=yes&full-items=yes&marketplace=yes&flow=no,"<script src=""https://fareharbor.com/embeds/script/calendar/sta-sail/items/524977/?asn=fhdn&asn-ref=miamistylerentals&ref=miamistylerentals&bookable-only=yes&full-items=yes&marketplace=yes&flow=no""></script>",https://fareharbor.com/embeds/book/sta-sail/items/524977/?asn=fhdn&asn-ref=miamistylerentals&ref=miamistylerentals&bookable-only=yes&full-items=yes&marketplace=yes&flow=no,https://cdn.filestackcontent.com/rrx8aNDT3VD0sfbOlRig
St Augustine Sailing,sta-sail,sas@sta-sail.com,(904) 829-0648,United States/Florida/St. Augustine,,,524979,Line Handling & Eye Splicing Basics,Sailing,1,29,0,0,0,0,0,0,https://fareharbor.com/embeds/calendar/sta-sail/items/524979/?asn=fhdn&asn-ref=miamistylerentals&ref=miamistylerentals&bookable-only=yes&full-items=yes&marketplace=yes&flow=no,"<script src=""https://fareharbor.com/embeds/script/calendar/sta-sail/items/524979/?asn=fhdn&asn-ref=miamistylerentals&ref=miamistylerentals&bookable-only=yes&full-items=yes&marketplace=yes&flow=no""></script>",https://fareharbor.com/embeds/book/sta-sail/items/524979/?asn=fhdn&asn-ref=miamistylerentals&ref=miamistylerentals&bookable-only=yes&full-items=yes&marketplace=yes&flow=no,https://cdn.filestackcontent.com/bFtUWwtQii4ENHNisqLg
St Augustine Sailing,sta-sail,sas@sta-sail.com,(904) 829-0648,United States/Florida/St. Augustine,,,524980,Inboard Diesel Engines - 101,Sailing,1,29,0,0,0,0,0,0,https://fareharbor.com/embeds/calendar/sta-sail/items/524980/?asn=fhdn&asn-ref=miamistylerentals&ref=miamistylerentals&bookable-only=yes&full-items=yes&marketplace=yes&flow=no,"<script src=""https://fareharbor.com/embeds/script/calendar/sta-sail/items/524980/?asn=fhdn&asn-ref=miamistylerentals&ref=miamistylerentals&bookable-only=yes&full-items=yes&marketplace=yes&flow=no""></script>",https://fareharbor.com/embeds/book/sta-sail/items/524980/?asn=fhdn&asn-ref=miamistylerentals&ref=miamistylerentals&bookable-only=yes&full-items=yes&marketplace=yes&flow=no,https://cdn.filestackcontent.com/5CJoHF71R9ulNIdHj3Ju
St Augustine Sailing,sta-sail,sas@sta-sail.com,(904) 829-0648,United States/Florida/St. Augustine,,,524981,Marine Air Conditioning Maintenance,Sailing,1,29,0,0,0,0,0,0,https://fareharbor.com/embeds/calendar/sta-sail/items/524981/?asn=fhdn&asn-ref=miamistylerentals&ref=miamistylerentals&bookable-only=yes&full-items=yes&marketplace=yes&flow=no,"<script src=""https://fareharbor.com/embeds/script/calendar/sta-sail/items/524981/?asn=fhdn&asn-ref=miamistylerentals&ref=miamistylerentals&bookable-only=yes&full-items=yes&marketplace=yes&flow=no""></script>",https://fareharbor.com/embeds/book/sta-sail/items/524981/?asn=fhdn&asn-ref=miamistylerentals&ref=miamistylerentals&bookable-only=yes&full-items=yes&marketplace=yes&flow=no,https://cdn.filestackcontent.com/NbaIGwfyTCW0c5uMTtYz
St Augustine Sailing,sta-sail,sas@sta-sail.com,(904) 829-0648,United States/Florida/St. Augustine,,,529781,Cooking Demonstration,Sailing,1,29,0,0,0,0,0,0,https://fareharbor.com/embeds/calendar/sta-sail/items/529781/?asn=fhdn&asn-ref=miamistylerentals&ref=miamistylerentals&bookable-only=yes&full-items=yes&marketplace=yes&flow=no,"<script src=""https://fareharbor.com/embeds/script/calendar/sta-sail/items/529781/?asn=fhdn&asn-ref=miamistylerentals&ref=miamistylerentals&bookable-only=yes&full-items=yes&marketplace=yes&flow=no""></script>",https://fareharbor.com/embeds/book/sta-sail/items/529781/?asn=fhdn&asn-ref=miamistylerentals&ref=miamistylerentals&bookable-only=yes&full-items=yes&marketplace=yes&flow=no,https://cdn.filestackcontent.com/I5miCnNySr6qYfBXLNAj
